seed,scenario,scenario_label,target_missing,n_imputations,method,method_label,imputation_rmse,trajectory_summary_rmse,coefficient_fit_success,coefficient_n_used,coefficient_n_fit_draws,selected_variance_factor,task_auroc,task_auprc,task_log_loss,cell_interval_coverage,cell_interval_width,runtime_seconds,missing_rate
1200000,baseline_harder,Baseline harder irregularity,0.2,50,brits_mi_refined,BRITS-MI,0.5847043991088867,0.4861188851574907,1.0,2000,50,,0.8148595281044227,0.792688690852527,0.5232814676842019,0.8843461215345841,2.080970525741577,24.794050216674805,0.2
1200001,baseline_harder,Baseline harder irregularity,0.2,50,brits_mi_refined,BRITS-MI,0.5732094049453735,0.4693833028351205,1.0,2000,50,,0.8258216413607533,0.7943962430613083,0.5140233280054451,0.886530843237125,2.0772528648376465,20.16045117378235,0.2
1200002,baseline_harder,Baseline harder irregularity,0.2,50,brits_mi_refined,BRITS-MI,0.5679713487625122,0.4650729880176363,1.0,2000,50,,0.8245444026757311,0.8149459599709157,0.517023406502737,0.8867395570507429,2.116279363632202,20.184407234191895,0.2
1200003,baseline_harder,Baseline harder irregularity,0.2,50,brits_mi_refined,BRITS-MI,0.5772628784179688,0.4842818492958921,1.0,2000,50,,0.8275373452838242,0.7956235053405989,0.5135292422877105,0.8877634820695319,2.1257195472717285,22.174057960510257,0.2
1200004,baseline_harder,Baseline harder irregularity,0.2,50,brits_mi_refined,BRITS-MI,0.5846108198165894,0.4866585044276647,1.0,2000,50,,0.8267922480137968,0.7993209730335573,0.5090433145167873,0.8695290858725762,2.0099546909332275,23.340640783309937,0.2
1200005,baseline_harder,Baseline harder irregularity,0.2,50,brits_mi_refined,BRITS-MI,0.5868372321128845,0.4938050729578367,1.0,2000,50,,0.8277386971053489,0.7990074420119929,0.5124275142932061,0.8861358574610245,2.137357711791992,23.08202028274536,0.2
1200006,baseline_harder,Baseline harder irregularity,0.2,50,brits_mi_refined,BRITS-MI,0.6014372706413269,0.5108329860753951,1.0,2000,50,,0.8071924155182225,0.7989308004491696,0.5347583782650945,0.8771163298743856,2.1491332054138184,18.4884250164032,0.2
1200007,baseline_harder,Baseline harder irregularity,0.2,50,brits_mi_refined,BRITS-MI,0.590973973274231,0.4950434826027822,1.0,2000,50,,0.836009018308687,0.8136164109669447,0.5033955421517649,0.8546961325966851,1.954285144805908,27.191976308822632,0.2
1200008,baseline_harder,Baseline harder irregularity,0.2,50,brits_mi_refined,BRITS-MI,0.597621738910675,0.5113070071215169,1.0,2000,50,,0.8221863172750016,0.8020804425214266,0.5162068740594995,0.8694942903752039,2.074751377105713,22.76139187812805,0.2
1200009,baseline_harder,Baseline harder irregularity,0.2,50,brits_mi_refined,BRITS-MI,0.5785102248191833,0.4703963899205769,1.0,2000,50,,0.8188863640007055,0.7908023697216819,0.5268232259004281,0.8939309576837416,2.1581318378448486,25.162434101104736,0.2
1200010,baseline_harder,Baseline harder irregularity,0.2,50,brits_mi_refined,BRITS-MI,0.5857994556427002,0.4784958090497547,1.0,2000,50,,0.8322976609960793,0.80348400597587,0.5046817406711273,0.8938223938223938,2.1225600242614746,23.299514770507812,0.2
1200011,baseline_harder,Baseline harder irregularity,0.2,50,brits_mi_refined,BRITS-MI,0.5844600796699524,0.4809702815739444,1.0,2000,50,,0.8203587962499851,0.803188011453547,0.5197378967794873,0.8738962472406181,2.057249069213867,26.04697012901306,0.2
1200012,baseline_harder,Baseline harder irregularity,0.2,50,brits_mi_refined,BRITS-MI,0.5863878130912781,0.4893002386647629,1.0,2000,50,,0.8290719995674078,0.8051982617140341,0.5118034614672994,0.8955142231947484,2.163705825805664,19.966500997543335,0.2
1200013,baseline_harder,Baseline harder irregularity,0.2,50,brits_mi_refined,BRITS-MI,0.5882629156112671,0.4938972183027346,1.0,2000,50,,0.8224679737881317,0.793850848199011,0.5180851607352788,0.8698208286674132,2.075587749481201,23.37597894668579,0.2
1200014,baseline_harder,Baseline harder irregularity,0.2,50,brits_mi_refined,BRITS-MI,0.5855957269668579,0.4826727115320526,1.0,2000,50,,0.8145856750955036,0.7858033693299553,0.5251351012479849,0.8912192393736018,2.1882286071777344,26.61765193939209,0.2
1200015,baseline_harder,Baseline harder irregularity,0.2,50,brits_mi_refined,BRITS-MI,0.5831699967384338,0.4866131524883381,1.0,2000,50,,0.8257155622518122,0.8027444555597218,0.5151526785717431,0.8903496503496503,2.14443302154541,23.059395790100098,0.2
1200016,baseline_harder,Baseline harder irregularity,0.2,50,brits_mi_refined,BRITS-MI,0.5666083097457886,0.476581750820656,1.0,2000,50,,0.8280749266531258,0.8037271713063093,0.5100270311472097,0.897804283003524,2.1894233226776123,22.036417961120605,0.2
1200017,baseline_harder,Baseline harder irregularity,0.2,50,brits_mi_refined,BRITS-MI,0.5787976980209351,0.4872417608369555,1.0,2000,50,,0.8177313730266369,0.7814393701921836,0.521128858345328,0.8781163434903048,2.1338813304901123,23.143529891967773,0.2
1200018,baseline_harder,Baseline harder irregularity,0.2,50,brits_mi_refined,BRITS-MI,0.5913394093513489,0.498516363387602,1.0,2000,50,,0.8450616320798877,0.8370610435494956,0.4905607265162253,0.8766703786191536,2.028236389160156,25.86468076705933,0.2
1200019,baseline_harder,Baseline harder irregularity,0.2,50,brits_mi_refined,BRITS-MI,0.5820924043655396,0.4947690429753348,1.0,2000,50,,0.8287281745534709,0.7947403095119371,0.5150444681280689,0.8701013976431899,2.0953235626220703,22.43961215019226,0.2
1200020,baseline_harder,Baseline harder irregularity,0.2,50,brits_mi_refined,BRITS-MI,0.5712515115737915,0.468165426004064,1.0,2000,50,,0.8236551635622724,0.8005778855354067,0.5181382467954295,0.8884286108809721,2.0831871032714844,18.947252988815308,0.2
1200021,baseline_harder,Baseline harder irregularity,0.2,50,brits_mi_refined,BRITS-MI,0.5851446390151978,0.4879419009343885,1.0,2000,50,,0.8204491097927301,0.8049094877530645,0.5208425301720101,0.8784994400895857,2.096308708190918,27.438674926757812,0.2
1200022,baseline_harder,Baseline harder irregularity,0.2,50,brits_mi_refined,BRITS-MI,0.5920382738113403,0.4981546299245646,1.0,2000,50,,0.821057190640804,0.8138686052961646,0.5171090014300355,0.8718715995647442,2.0578010082244873,27.436128854751587,0.2
1200023,baseline_harder,Baseline harder irregularity,0.2,50,brits_mi_refined,BRITS-MI,0.5817505121231079,0.4758534836057698,1.0,2000,50,,0.8428554416169388,0.8185566096802439,0.4941395764624169,0.885273028130171,2.091054916381836,23.20702075958252,0.2
1200024,baseline_harder,Baseline harder irregularity,0.2,50,brits_mi_refined,BRITS-MI,0.5763921737670898,0.47941026906458,1.0,2000,50,,0.8216009664127532,0.7998820898612633,0.5201314628141755,0.8764607679465777,1.9744631052017212,23.50757074356079,0.2
1200025,baseline_harder,Baseline harder irregularity,0.2,50,brits_mi_refined,BRITS-MI,0.58909672498703,0.4963493176885239,1.0,2000,50,,0.831425280448718,0.8113753564002946,0.5075090728462528,0.8820382882882883,2.1003613471984863,26.514114141464233,0.2
1200026,baseline_harder,Baseline harder irregularity,0.2,50,brits_mi_refined,BRITS-MI,0.578136682510376,0.4866304204282242,1.0,2000,50,,0.8215795902320737,0.8056747733353339,0.5202639208416474,0.8927383592017738,2.1580004692077637,26.957149744033813,0.2
1200027,baseline_harder,Baseline harder irregularity,0.2,50,brits_mi_refined,BRITS-MI,0.5872014760971069,0.4856660724774143,1.0,2000,50,,0.8256560882828063,0.797155052772808,0.5142756235779853,0.8781869688385269,2.1015045642852783,25.824103116989136,0.2
1200028,baseline_harder,Baseline harder irregularity,0.2,50,brits_mi_refined,BRITS-MI,0.5774636268615723,0.48080134988689,1.0,2000,50,,0.8384739901552929,0.819837403153343,0.4980684436526782,0.8877379619260918,2.143768548965454,24.227668046951297,0.2
1200029,baseline_harder,Baseline harder irregularity,0.2,50,brits_mi_refined,BRITS-MI,0.5899774432182312,0.4812301912963725,1.0,2000,50,,0.8288175368819497,0.8147702023894897,0.5124119715185012,0.8903993203058623,2.1720471382141113,26.45522093772888,0.2
1200030,baseline_harder,Baseline harder irregularity,0.2,50,brits_mi_refined,BRITS-MI,0.5760276913642883,0.4835790149674025,1.0,2000,50,,0.8181864579278293,0.7897304094233637,0.5238688055841073,0.8923552557616639,2.1580810546875,25.676342010498047,0.2
1200031,baseline_harder,Baseline harder irregularity,0.2,50,brits_mi_refined,BRITS-MI,0.5845930576324463,0.4882387495747897,1.0,2000,50,,0.8261982985596501,0.8143140506551362,0.5087327545888666,0.8665753424657534,2.0302376747131348,28.83857822418213,0.2
1200032,baseline_harder,Baseline harder irregularity,0.2,50,brits_mi_refined,BRITS-MI,0.5730893015861511,0.4746730883420189,1.0,2000,50,,0.8299449021482961,0.8201307595711113,0.5116732374744802,0.892707460184409,2.1777312755584717,23.702322721481323,0.2
1200033,baseline_harder,Baseline harder irregularity,0.2,50,brits_mi_refined,BRITS-MI,0.5778263211250305,0.4808841224175879,1.0,2000,50,,0.8336164976261646,0.7978261732839684,0.5045479695062474,0.8705683736634777,2.0492842197418213,25.306290864944454,0.2
1200034,baseline_harder,Baseline harder irregularity,0.2,50,brits_mi_refined,BRITS-MI,0.5869460105895996,0.4851634831680146,1.0,2000,50,,0.8471844986419512,0.8310206787515407,0.4873362612071845,0.8861992209237618,2.1242873668670654,26.047546863555908,0.2
1200035,baseline_harder,Baseline harder irregularity,0.2,50,brits_mi_refined,BRITS-MI,0.5723064541816711,0.4814379077260909,1.0,2000,50,,0.8274762501808361,0.7999282135409533,0.5112218884379908,0.8550561797752809,2.059321403503418,27.27501106262207,0.2
1200036,baseline_harder,Baseline harder irregularity,0.2,50,brits_mi_refined,BRITS-MI,0.5759308934211731,0.4843341321111997,1.0,2000,50,,0.8142854570770117,0.7999863606950335,0.5263099641157665,0.867898124825077,2.0266716480255127,24.758501052856445,0.2
1200037,baseline_harder,Baseline harder irregularity,0.2,50,brits_mi_refined,BRITS-MI,0.6009467244148254,0.4943722536676555,1.0,2000,50,,0.8134318710030457,0.7931993393082138,0.5305404713313776,0.8652980877390326,2.1034700870513916,23.53819274902344,0.2
1200038,baseline_harder,Baseline harder irregularity,0.2,50,brits_mi_refined,BRITS-MI,0.5885506272315979,0.4879068666188968,1.0,2000,50,,0.8455355820534681,0.8355061176058131,0.487620606900322,0.868020304568528,2.051208019256592,24.197733163833615,0.2
1200039,baseline_harder,Baseline harder irregularity,0.2,50,brits_mi_refined,BRITS-MI,0.5738913416862488,0.4800150986086695,1.0,2000,50,,0.8052535537856639,0.7669532024908343,0.5350452470988811,0.886294973908267,2.083171844482422,26.637758016586304,0.2
1200040,baseline_harder,Baseline harder irregularity,0.2,50,brits_mi_refined,BRITS-MI,0.5804230570793152,0.4828235959243999,1.0,2000,50,,0.8298976245901228,0.7985760466364985,0.5112045767565321,0.8751384274640088,2.054849147796631,25.46307396888733,0.2
1200041,baseline_harder,Baseline harder irregularity,0.2,50,brits_mi_refined,BRITS-MI,0.5820841193199158,0.4880603145442981,1.0,2000,50,,0.8197112412043781,0.7862274775928195,0.5210485247443646,0.8778988544286114,2.0869388580322266,27.266093730926514,0.2
1200042,baseline_harder,Baseline harder irregularity,0.2,50,brits_mi_refined,BRITS-MI,0.5738325119018555,0.4651175527386643,1.0,2000,50,,0.82537818843909,0.8093513316480758,0.5138276898779828,0.882637112816141,2.08567476272583,25.66456913948059,0.2
1200043,baseline_harder,Baseline harder irregularity,0.2,50,brits_mi_refined,BRITS-MI,0.5918861627578735,0.4834836371397533,1.0,2000,50,,0.8484618363114086,0.8344912171748456,0.4829905540896924,0.8833711691259932,2.110459804534912,29.061989784240723,0.2
1200044,baseline_harder,Baseline harder irregularity,0.2,50,brits_mi_refined,BRITS-MI,0.5617082715034485,0.475527336981865,1.0,2000,50,,0.8400913153684653,0.8070373346298474,0.4916555669958389,0.8953716690042076,2.132635593414306,37.72363185882568,0.2
1200045,baseline_harder,Baseline harder irregularity,0.2,50,brits_mi_refined,BRITS-MI,0.5940984487533569,0.5040289648204427,1.0,2000,50,,0.8028291906923813,0.7890619202522144,0.5362517447209747,0.8737997256515775,2.0586817264556885,44.919597148895264,0.2
1200046,baseline_harder,Baseline harder irregularity,0.2,50,brits_mi_refined,BRITS-MI,0.6006072759628296,0.5018291661093772,1.0,2000,50,,0.8278641456582633,0.8087799609963755,0.5121323744643962,0.8388076179961358,2.051816463470459,49.90343904495239,0.2
1200047,baseline_harder,Baseline harder irregularity,0.2,50,brits_mi_refined,BRITS-MI,0.5835567712783813,0.4896646699386272,1.0,2000,50,,0.8271486103735175,0.7856449658014104,0.5139649469197188,0.8778751369112815,2.044808149337769,49.76449012756348,0.2
1200048,baseline_harder,Baseline harder irregularity,0.2,50,brits_mi_refined,BRITS-MI,0.5779129862785339,0.4697333258117502,1.0,2000,50,,0.8402393830128205,0.8211886815296607,0.4966958619002114,0.8813314037626628,2.0907883644104004,46.26412296295166,0.2
1200049,baseline_harder,Baseline harder irregularity,0.2,50,brits_mi_refined,BRITS-MI,0.5890220403671265,0.483659186023669,1.0,2000,50,,0.8304627970697422,0.8249458418356468,0.5071002230114596,0.8757763975155279,2.062007188796997,44.879000186920166,0.2
1200050,baseline_harder,Baseline harder irregularity,0.2,50,brits_mi_refined,BRITS-MI,0.5917909741401672,0.4902571969908279,1.0,2000,50,,0.8332716036371337,0.8085127609455383,0.5043928525295602,0.8815604827392647,2.0863125324249268,44.63981533050537,0.2
1200051,baseline_harder,Baseline harder irregularity,0.2,50,brits_mi_refined,BRITS-MI,0.5791134834289551,0.4815288687826641,1.0,2000,50,,0.8286671488407316,0.8157792406085065,0.5079771453938806,0.8744015770205575,2.019577741622925,48.76881003379822,0.2
1200052,baseline_harder,Baseline harder irregularity,0.2,50,brits_mi_refined,BRITS-MI,0.5784702301025391,0.4816826583399315,1.0,2000,50,,0.8206915525994474,0.7908635472304042,0.518640605959911,0.8884308876064853,2.0828447341918945,47.336915254592896,0.2
1200053,baseline_harder,Baseline harder irregularity,0.2,50,brits_mi_refined,BRITS-MI,0.574969470500946,0.4638328531816568,1.0,2000,50,,0.8331857287449392,0.8009751653931172,0.5028408249334353,0.8891716143624541,2.096227645874023,49.41741490364075,0.2
1200054,baseline_harder,Baseline harder irregularity,0.2,50,brits_mi_refined,BRITS-MI,0.5758498311042786,0.4897696025905841,1.0,2000,50,,0.817872375328084,0.8069490588660955,0.5238641086917881,0.8876651982378855,2.1064627170562744,42.23223090171814,0.2
1200055,baseline_harder,Baseline harder irregularity,0.2,50,brits_mi_refined,BRITS-MI,0.5893647074699402,0.4878156292575756,1.0,2000,50,,0.8268927381638799,0.8183132107276054,0.5126255106931065,0.8795884315906563,2.10617995262146,50.11106777191162,0.2
1200056,baseline_harder,Baseline harder irregularity,0.2,50,brits_mi_refined,BRITS-MI,0.5747703909873962,0.4883573104224566,1.0,2000,50,,0.8299053833735914,0.8091255556119489,0.509364921061722,0.8847214561500276,2.1104180812835693,42.67421007156372,0.2
1200057,baseline_harder,Baseline harder irregularity,0.2,50,brits_mi_refined,BRITS-MI,0.5889103412628174,0.4951426405192805,1.0,2000,50,,0.8172687467981556,0.7849489526650748,0.526728587356139,0.8775340183282422,2.087850332260132,39.37915587425232,0.2
1200058,baseline_harder,Baseline harder irregularity,0.2,50,brits_mi_refined,BRITS-MI,0.5852813720703125,0.4956166140618734,1.0,2000,50,,0.8139433669176718,0.7905973987919352,0.5261226989053103,0.8606077502090884,2.0442497730255127,41.62811279296875,0.2
1200059,baseline_harder,Baseline harder irregularity,0.2,50,brits_mi_refined,BRITS-MI,0.571669340133667,0.4728785948661764,1.0,2000,50,,0.8340165417524447,0.7996682602190714,0.4996641496609305,0.8882634393470307,2.1534955501556396,44.902652978897095,0.2
1200060,baseline_harder,Baseline harder irregularity,0.2,50,brits_mi_refined,BRITS-MI,0.583505392074585,0.4959550466181647,1.0,2000,50,,0.8376096122092371,0.8198184435128462,0.4997774574448657,0.8802083333333334,2.066692352294922,44.160990953445435,0.2
1200061,baseline_harder,Baseline harder irregularity,0.2,50,brits_mi_refined,BRITS-MI,0.586465060710907,0.4968600959388209,1.0,2000,50,,0.8150139608135443,0.8008336108288163,0.5230883343338549,0.8827529923830251,2.088245153427124,42.94511389732361,0.2
1200062,baseline_harder,Baseline harder irregularity,0.2,50,brits_mi_refined,BRITS-MI,0.5968710780143738,0.500533667722866,1.0,2000,50,,0.8045526177902943,0.7830413484566305,0.5365335548345348,0.878465415849902,2.099496603012085,40.84971475601196,0.2
1200063,baseline_harder,Baseline harder irregularity,0.2,50,brits_mi_refined,BRITS-MI,0.5900806188583374,0.4870839447060394,1.0,2000,50,,0.8416988726165845,0.8233330444721083,0.4970013281507386,0.8988414806442497,2.159656286239624,36.42833423614502,0.2
1200064,baseline_harder,Baseline harder irregularity,0.2,50,brits_mi_refined,BRITS-MI,0.5867676734924316,0.4924435872833525,1.0,2000,50,,0.8501566400998656,0.8418610137143023,0.482034667388371,0.8726495726495727,2.00828218460083,43.657787799835205,0.2
1200065,baseline_harder,Baseline harder irregularity,0.2,50,brits_mi_refined,BRITS-MI,0.5892635583877563,0.4891066988572273,1.0,2000,50,,0.8238245614035087,0.79920029737542,0.516241321089788,0.8889507375452268,2.207073211669922,37.724669218063354,0.2
1200066,baseline_harder,Baseline harder irregularity,0.2,50,brits_mi_refined,BRITS-MI,0.5895327925682068,0.5003775473923384,1.0,2000,50,,0.8261588072568193,0.7960223266278276,0.5113752651737229,0.8689333698930628,2.050713300704956,38.072529792785645,0.2
1200067,baseline_harder,Baseline harder irregularity,0.2,50,brits_mi_refined,BRITS-MI,0.5733066201210022,0.4708761219460547,1.0,2000,50,,0.8182021907345995,0.7897261140311309,0.5268644643022231,0.893168400337363,2.14835262298584,32.04429793357849,0.2
1200068,baseline_harder,Baseline harder irregularity,0.2,50,brits_mi_refined,BRITS-MI,0.5849583745002747,0.4835030289157979,1.0,2000,50,,0.8193133539323132,0.7959470543646835,0.5195281596134257,0.8846045595271601,2.097592830657959,46.92807984352112,0.2
1200069,baseline_harder,Baseline harder irregularity,0.2,50,brits_mi_refined,BRITS-MI,0.59149569272995,0.4949084801475518,1.0,2000,50,,0.8073941150066528,0.7857193237360132,0.531428712625523,0.8691099476439791,2.0202102661132812,41.87511086463928,0.2
1200070,baseline_harder,Baseline harder irregularity,0.2,50,brits_mi_refined,BRITS-MI,0.5750455260276794,0.4876668468705692,1.0,2000,50,,0.8172384646581459,0.7815051707698651,0.5252140059886765,0.8755387931034483,2.0595765113830566,39.30218124389648,0.2
1200071,baseline_harder,Baseline harder irregularity,0.2,50,brits_mi_refined,BRITS-MI,0.5778716206550598,0.4879023219510619,1.0,2000,50,,0.8212052998202362,0.7867960537895529,0.5184629025032482,0.8873399715504978,2.0468714237213135,31.345831871032715,0.2
1200072,baseline_harder,Baseline harder irregularity,0.2,50,brits_mi_refined,BRITS-MI,0.57546067237854,0.4765679491481702,1.0,2000,50,,0.8317834095516998,0.8140140658399297,0.5037487475751664,0.8978662873399715,2.145887851715088,28.186357975006104,0.2
1200073,baseline_harder,Baseline harder irregularity,0.2,50,brits_mi_refined,BRITS-MI,0.5989835262298584,0.511219460263717,1.0,2000,50,,0.8218240285770351,0.7986154397189063,0.5203812994851308,0.8848999725952316,2.104888439178467,26.671401023864743,0.2
1200074,baseline_harder,Baseline harder irregularity,0.2,50,brits_mi_refined,BRITS-MI,0.5930386781692505,0.487842872427999,1.0,2000,50,,0.8220266900424688,0.8159837277007043,0.5183905837567546,0.8572230014025245,1.99796724319458,30.472949981689453,0.2
1200075,baseline_harder,Baseline harder irregularity,0.2,50,brits_mi_refined,BRITS-MI,0.5892596244812012,0.4865048955214088,1.0,2000,50,,0.8206610476148448,0.7884067305685781,0.5245827722799997,0.8912004498172618,2.1733882427215576,23.72298383712769,0.2
1200076,baseline_harder,Baseline harder irregularity,0.2,50,brits_mi_refined,BRITS-MI,0.5871422290802002,0.4849764513675484,1.0,2000,50,,0.823728293224687,0.8040099375634691,0.5194763382406831,0.885485651214128,2.0841357707977295,29.14281988143921,0.2
1200077,baseline_harder,Baseline harder irregularity,0.2,50,brits_mi_refined,BRITS-MI,0.5775640606880188,0.4879132334355677,1.0,2000,50,,0.8335960437021707,0.7995833143819333,0.5036328547599471,0.8905349794238683,2.1493473052978516,33.258031129837036,0.2
1200078,baseline_harder,Baseline harder irregularity,0.2,50,brits_mi_refined,BRITS-MI,0.5874971151351929,0.489843448575235,1.0,2000,50,,0.8311762344439984,0.8091185401862143,0.508759978934791,0.8782175477442569,2.089829206466675,23.881125926971436,0.2
1200079,baseline_harder,Baseline harder irregularity,0.2,50,brits_mi_refined,BRITS-MI,0.5876809358596802,0.4852674873103532,1.0,2000,50,,0.8259537616206243,0.7999904849744764,0.5166804213495862,0.8803655497092219,2.0791189670562744,27.112295866012573,0.2
1200080,baseline_harder,Baseline harder irregularity,0.2,50,brits_mi_refined,BRITS-MI,0.5648823976516724,0.4748682268423415,1.0,2000,50,,0.833402072614772,0.8120485388657566,0.5040624276604678,0.8745865490628445,2.0261735916137695,34.560762882232666,0.2
1200081,baseline_harder,Baseline harder irregularity,0.2,50,brits_mi_refined,BRITS-MI,0.5779889822006226,0.4872258048769927,1.0,2000,50,,0.8057698674917051,0.8010327397114072,0.5342091222122775,0.8890728476821192,2.162598133087158,27.03804588317871,0.2
1200082,baseline_harder,Baseline harder irregularity,0.2,50,brits_mi_refined,BRITS-MI,0.592451810836792,0.5062797187242053,1.0,2000,50,,0.8418954671823038,0.8206887895453157,0.4944906441617297,0.8820316766794102,2.1140987873077393,30.17473316192627,0.2
1200083,baseline_harder,Baseline harder irregularity,0.2,50,brits_mi_refined,BRITS-MI,0.5910093188285828,0.4969796279690252,1.0,2000,50,,0.8298043463161805,0.7909214526149025,0.5062019277737247,0.876211575740792,2.0667731761932373,27.267245054244995,0.2
1200084,baseline_harder,Baseline harder irregularity,0.2,50,brits_mi_refined,BRITS-MI,0.565634548664093,0.468093697117456,1.0,2000,50,,0.8122612977354224,0.776499212215912,0.5258163979457531,0.8866328257191202,2.135890245437622,33.158303022384644,0.2
1200085,baseline_harder,Baseline harder irregularity,0.2,50,brits_mi_refined,BRITS-MI,0.5781626105308533,0.4872437566826143,1.0,2000,50,,0.8068095386783238,0.7825701610878661,0.5351827066192097,0.8854054054054054,2.0584774017333984,32.94430899620056,0.2
1200086,baseline_harder,Baseline harder irregularity,0.2,50,brits_mi_refined,BRITS-MI,0.5688950419425964,0.4728779296877999,1.0,2000,50,,0.8211979358310968,0.8022744602170109,0.5189359134485374,0.8902027027027027,2.0504274368286133,26.374239921569824,0.2
1200087,baseline_harder,Baseline harder irregularity,0.2,50,brits_mi_refined,BRITS-MI,0.5934301018714905,0.5077330516556912,1.0,2000,50,,0.8273514380960384,0.8130373498651301,0.511974846519926,0.8678317859093392,2.0469603538513184,24.167652130126953,0.2
1200088,baseline_harder,Baseline harder irregularity,0.2,50,brits_mi_refined,BRITS-MI,0.5806674361228943,0.4843749730483913,1.0,2000,50,,0.8211676019532426,0.8071128504009131,0.5143800672100202,0.8688888888888889,2.084035873413086,30.648515939712524,0.2
1200089,baseline_harder,Baseline harder irregularity,0.2,50,brits_mi_refined,BRITS-MI,0.598865807056427,0.503019830975282,1.0,2000,50,,0.8292763292968606,0.8146016097947587,0.5116698656271121,0.8873634071168395,2.0957508087158203,24.026799201965332,0.2
1200090,baseline_harder,Baseline harder irregularity,0.2,50,brits_mi_refined,BRITS-MI,0.5911170840263367,0.4935438642669131,1.0,2000,50,,0.8328070395977373,0.7949605733931929,0.5066776539461049,0.8782104391052196,2.086479425430298,26.99007821083069,0.2
1200091,baseline_harder,Baseline harder irregularity,0.2,50,brits_mi_refined,BRITS-MI,0.574567973613739,0.4725873150575072,1.0,2000,50,,0.8170078170078169,0.8159438177947254,0.5254359252558106,0.8783098591549295,2.052351236343384,22.321908235549927,0.2
1200092,baseline_harder,Baseline harder irregularity,0.2,50,brits_mi_refined,BRITS-MI,0.5943478345870972,0.5044746781204295,1.0,2000,50,,0.8104682282644172,0.7776449763877782,0.5295326395205032,0.8652232746955345,2.091036558151245,27.256291151046753,0.2
1200093,baseline_harder,Baseline harder irregularity,0.2,50,brits_mi_refined,BRITS-MI,0.5743755102157593,0.4890952497814606,1.0,2000,50,,0.8246940526153339,0.8081694345877357,0.5165472140992915,0.8896719978313906,2.080186605453491,30.208768129348755,0.2
1200094,baseline_harder,Baseline harder irregularity,0.2,50,brits_mi_refined,BRITS-MI,0.5811864137649536,0.4889565998810858,1.0,2000,50,,0.8252131553022412,0.7872595837778226,0.5132707639132792,0.8799673380511703,2.1147327423095703,25.093546152114868,0.2
1200095,baseline_harder,Baseline harder irregularity,0.2,50,brits_mi_refined,BRITS-MI,0.5944827198982239,0.4992130416519446,1.0,2000,50,,0.8246722646520083,0.7905546857641201,0.5178070160457859,0.8741889985895628,2.0654120445251465,31.067641019821167,0.2
1200096,baseline_harder,Baseline harder irregularity,0.2,50,brits_mi_refined,BRITS-MI,0.5876108407974243,0.491123907009525,1.0,2000,50,,0.8328551018693048,0.8260318254601275,0.5031801553574254,0.872732347195088,2.1218698024749756,28.163575887680057,0.2
1200097,baseline_harder,Baseline harder irregularity,0.2,50,brits_mi_refined,BRITS-MI,0.5747148394584656,0.4771569434149443,1.0,2000,50,,0.8261531320827507,0.7944157704932967,0.5109062995952393,0.8981352630114111,2.1661832332611084,29.386455059051514,0.2
1200098,baseline_harder,Baseline harder irregularity,0.2,50,brits_mi_refined,BRITS-MI,0.6000621318817139,0.4991238472896301,1.0,2000,50,,0.830469412201495,0.8184486063067874,0.5108766372241698,0.8745819397993311,2.114191770553589,26.42086291313171,0.2
1200099,baseline_harder,Baseline harder irregularity,0.2,50,brits_mi_refined,BRITS-MI,0.5908524990081787,0.4951976279926664,1.0,2000,50,,0.8174971170478571,0.7937209158935905,0.5256600777119684,0.854052573932092,2.0135693550109863,27.469023942947388,0.2
1200000,baseline_harder,Baseline harder irregularity,0.2,50,mice,MICE,0.68322440727363,0.53213012975754,1.0,2000,50,,,,,,,,0.2
1200001,baseline_harder,Baseline harder irregularity,0.2,50,mice,MICE,0.7950074521243828,0.6699257100212291,1.0,2000,50,,,,,,,,0.2
1200002,baseline_harder,Baseline harder irregularity,0.2,50,mice,MICE,0.8373856401156965,0.7548231280190824,1.0,2000,50,,,,,,,,0.2
1200003,baseline_harder,Baseline harder irregularity,0.2,50,mice,MICE,0.7350729752693229,0.6390276308840941,1.0,2000,50,,,,,,,,0.2
1200004,baseline_harder,Baseline harder irregularity,0.2,50,mice,MICE,0.6890197765029112,0.537483307243958,1.0,2000,50,,,,,,,,0.2
1200005,baseline_harder,Baseline harder irregularity,0.2,50,mice,MICE,0.7255950289419629,0.63188988369933,1.0,2000,50,,,,,,,,0.2
1200006,baseline_harder,Baseline harder irregularity,0.2,50,mice,MICE,0.639035944393934,0.5380672991358573,1.0,2000,50,,,,,,,,0.2
1200007,baseline_harder,Baseline harder irregularity,0.2,50,mice,MICE,0.7413002583611943,0.6307895823372798,1.0,2000,50,,,,,,,,0.2
1200008,baseline_harder,Baseline harder irregularity,0.2,50,mice,MICE,0.7476743612236716,0.6533836652922713,1.0,2000,50,,,,,,,,0.2
1200009,baseline_harder,Baseline harder irregularity,0.2,50,mice,MICE,0.737137989590023,0.6145347735589511,1.0,2000,50,,,,,,,,0.2
1200010,baseline_harder,Baseline harder irregularity,0.2,50,mice,MICE,0.7192623871158372,0.6227360273450974,1.0,2000,50,,,,,,,,0.2
1200011,baseline_harder,Baseline harder irregularity,0.2,50,mice,MICE,0.7295802037559153,0.6421359573600566,1.0,2000,50,,,,,,,,0.2
1200012,baseline_harder,Baseline harder irregularity,0.2,50,mice,MICE,0.7589818528484009,0.6397277144869924,1.0,2000,50,,,,,,,,0.2
1200013,baseline_harder,Baseline harder irregularity,0.2,50,mice,MICE,0.7363272214029223,0.5971338049747186,1.0,2000,50,,,,,,,,0.2
1200014,baseline_harder,Baseline harder irregularity,0.2,50,mice,MICE,0.7155961640569987,0.6154205382129926,1.0,2000,50,,,,,,,,0.2
1200015,baseline_harder,Baseline harder irregularity,0.2,50,mice,MICE,0.7211915739225999,0.6317508489391896,1.0,2000,50,,,,,,,,0.2
1200016,baseline_harder,Baseline harder irregularity,0.2,50,mice,MICE,0.6442461150885296,0.5627580309084512,1.0,2000,50,,,,,,,,0.2
1200017,baseline_harder,Baseline harder irregularity,0.2,50,mice,MICE,0.6792229061741244,0.5775239149156233,1.0,2000,50,,,,,,,,0.2
1200018,baseline_harder,Baseline harder irregularity,0.2,50,mice,MICE,0.7490735251040697,0.643273094736941,1.0,2000,50,,,,,,,,0.2
1200019,baseline_harder,Baseline harder irregularity,0.2,50,mice,MICE,0.7618136499258679,0.6172703004712566,1.0,2000,50,,,,,,,,0.2
1200020,baseline_harder,Baseline harder irregularity,0.2,50,mice,MICE,0.6479688565658873,0.5264424419138677,1.0,2000,50,,,,,,,,0.2
1200021,baseline_harder,Baseline harder irregularity,0.2,50,mice,MICE,0.7517792893517559,0.6219581924958796,1.0,2000,50,,,,,,,,0.2
1200022,baseline_harder,Baseline harder irregularity,0.2,50,mice,MICE,0.691667507607103,0.544845747743676,1.0,2000,50,,,,,,,,0.2
1200023,baseline_harder,Baseline harder irregularity,0.2,50,mice,MICE,0.6719202707631547,0.5402506832781723,1.0,2000,50,,,,,,,,0.2
1200024,baseline_harder,Baseline harder irregularity,0.2,50,mice,MICE,0.7374939045086151,0.6502341139341693,1.0,2000,50,,,,,,,,0.2
1200025,baseline_harder,Baseline harder irregularity,0.2,50,mice,MICE,0.7414424915083095,0.6295751340178762,1.0,2000,50,,,,,,,,0.2
1200026,baseline_harder,Baseline harder irregularity,0.2,50,mice,MICE,0.6667018929392795,0.5897600807924929,1.0,2000,50,,,,,,,,0.2
1200027,baseline_harder,Baseline harder irregularity,0.2,50,mice,MICE,0.7076007012646464,0.6160194552717198,1.0,2000,50,,,,,,,,0.2
1200028,baseline_harder,Baseline harder irregularity,0.2,50,mice,MICE,0.7070787507432893,0.5870520591858994,1.0,2000,50,,,,,,,,0.2
1200029,baseline_harder,Baseline harder irregularity,0.2,50,mice,MICE,0.796868818323306,0.6660761998448222,1.0,2000,50,,,,,,,,0.2
1200030,baseline_harder,Baseline harder irregularity,0.2,50,mice,MICE,0.8106591380615036,0.7034013217453154,1.0,2000,50,,,,,,,,0.2
1200031,baseline_harder,Baseline harder irregularity,0.2,50,mice,MICE,0.7325887254354464,0.6236268932744987,1.0,2000,50,,,,,,,,0.2
1200032,baseline_harder,Baseline harder irregularity,0.2,50,mice,MICE,0.7382287682078978,0.6404938735984965,1.0,2000,50,,,,,,,,0.2
1200033,baseline_harder,Baseline harder irregularity,0.2,50,mice,MICE,0.7656133903303837,0.6504705398119711,1.0,2000,50,,,,,,,,0.2
1200034,baseline_harder,Baseline harder irregularity,0.2,50,mice,MICE,0.6906121945240242,0.5847395445882718,1.0,2000,50,,,,,,,,0.2
1200035,baseline_harder,Baseline harder irregularity,0.2,50,mice,MICE,0.7005693441253594,0.5955215093436608,1.0,2000,50,,,,,,,,0.2
1200036,baseline_harder,Baseline harder irregularity,0.2,50,mice,MICE,0.6318814705788127,0.5279913917725995,1.0,2000,50,,,,,,,,0.2
1200037,baseline_harder,Baseline harder irregularity,0.2,50,mice,MICE,0.7424277309525323,0.5932703301857505,1.0,2000,50,,,,,,,,0.2
1200038,baseline_harder,Baseline harder irregularity,0.2,50,mice,MICE,0.6744434492808407,0.5608286562195841,1.0,2000,50,,,,,,,,0.2
1200039,baseline_harder,Baseline harder irregularity,0.2,50,mice,MICE,0.797547268817432,0.6622632503580551,1.0,2000,50,,,,,,,,0.2
1200040,baseline_harder,Baseline harder irregularity,0.2,50,mice,MICE,0.7620570340100735,0.6678591058391942,1.0,2000,50,,,,,,,,0.2
1200041,baseline_harder,Baseline harder irregularity,0.2,50,mice,MICE,0.653388205545595,0.5264686951352692,1.0,2000,50,,,,,,,,0.2
1200042,baseline_harder,Baseline harder irregularity,0.2,50,mice,MICE,0.7345408772796462,0.5799534830347194,1.0,2000,50,,,,,,,,0.2
1200043,baseline_harder,Baseline harder irregularity,0.2,50,mice,MICE,0.8446900770180796,0.7210472001075644,1.0,2000,50,,,,,,,,0.2
1200044,baseline_harder,Baseline harder irregularity,0.2,50,mice,MICE,0.6445378189072304,0.546661721297632,1.0,2000,50,,,,,,,,0.2
1200045,baseline_harder,Baseline harder irregularity,0.2,50,mice,MICE,0.8000171391238092,0.7092904238327647,1.0,2000,50,,,,,,,,0.2
1200046,baseline_harder,Baseline harder irregularity,0.2,50,mice,MICE,0.7387015161631693,0.6350573841002234,1.0,2000,50,,,,,,,,0.2
1200047,baseline_harder,Baseline harder irregularity,0.2,50,mice,MICE,0.7346737595439974,0.5930634008545236,1.0,2000,50,,,,,,,,0.2
1200048,baseline_harder,Baseline harder irregularity,0.2,50,mice,MICE,0.6755138662859447,0.5806181490159301,1.0,2000,50,,,,,,,,0.2
1200049,baseline_harder,Baseline harder irregularity,0.2,50,mice,MICE,0.8166669710215868,0.6803794953942462,1.0,2000,50,,,,,,,,0.2
1200050,baseline_harder,Baseline harder irregularity,0.2,50,mice,MICE,0.6695599928364104,0.5561043931891951,1.0,2000,50,,,,,,,,0.2
1200051,baseline_harder,Baseline harder irregularity,0.2,50,mice,MICE,0.6620684948858209,0.5353381143173856,1.0,2000,50,,,,,,,,0.2
1200052,baseline_harder,Baseline harder irregularity,0.2,50,mice,MICE,0.7201131593682897,0.6377044914174425,1.0,2000,50,,,,,,,,0.2
1200053,baseline_harder,Baseline harder irregularity,0.2,50,mice,MICE,0.7485250600703961,0.5859547168223873,1.0,2000,50,,,,,,,,0.2
1200054,baseline_harder,Baseline harder irregularity,0.2,50,mice,MICE,0.7420211603684252,0.5974432705847694,1.0,2000,50,,,,,,,,0.2
1200055,baseline_harder,Baseline harder irregularity,0.2,50,mice,MICE,0.701498529649169,0.5735501763044496,1.0,2000,50,,,,,,,,0.2
1200056,baseline_harder,Baseline harder irregularity,0.2,50,mice,MICE,0.741069936260617,0.6608061103858907,1.0,2000,50,,,,,,,,0.2
1200057,baseline_harder,Baseline harder irregularity,0.2,50,mice,MICE,0.7695887564998545,0.6567094689144464,1.0,2000,50,,,,,,,,0.2
1200058,baseline_harder,Baseline harder irregularity,0.2,50,mice,MICE,0.709388303576834,0.5772278854919484,1.0,2000,50,,,,,,,,0.2
1200059,baseline_harder,Baseline harder irregularity,0.2,50,mice,MICE,0.8139166968754324,0.7327748430087496,1.0,2000,50,,,,,,,,0.2
1200060,baseline_harder,Baseline harder irregularity,0.2,50,mice,MICE,0.7024582891409901,0.6035686148565196,1.0,2000,50,,,,,,,,0.2
1200061,baseline_harder,Baseline harder irregularity,0.2,50,mice,MICE,0.7405148257180797,0.6470558480801795,1.0,2000,50,,,,,,,,0.2
1200062,baseline_harder,Baseline harder irregularity,0.2,50,mice,MICE,0.7105990535996187,0.5638396213131697,1.0,2000,50,,,,,,,,0.2
1200063,baseline_harder,Baseline harder irregularity,0.2,50,mice,MICE,0.7383293992176626,0.6439138034866897,1.0,2000,50,,,,,,,,0.2
1200064,baseline_harder,Baseline harder irregularity,0.2,50,mice,MICE,0.7130437249102185,0.6110858530485519,1.0,2000,50,,,,,,,,0.2
1200065,baseline_harder,Baseline harder irregularity,0.2,50,mice,MICE,0.675608810206152,0.5709729594245001,1.0,2000,50,,,,,,,,0.2
1200066,baseline_harder,Baseline harder irregularity,0.2,50,mice,MICE,0.730051167604161,0.6586882103580793,1.0,2000,50,,,,,,,,0.2
1200067,baseline_harder,Baseline harder irregularity,0.2,50,mice,MICE,0.7894527972297566,0.6987038551564994,1.0,2000,50,,,,,,,,0.2
1200068,baseline_harder,Baseline harder irregularity,0.2,50,mice,MICE,0.6481529435822944,0.5592914503865216,1.0,2000,50,,,,,,,,0.2
1200069,baseline_harder,Baseline harder irregularity,0.2,50,mice,MICE,0.8040719770808451,0.7153265605891688,1.0,2000,50,,,,,,,,0.2
1200070,baseline_harder,Baseline harder irregularity,0.2,50,mice,MICE,0.7085763042574911,0.6051255892148287,1.0,2000,50,,,,,,,,0.2
1200071,baseline_harder,Baseline harder irregularity,0.2,50,mice,MICE,0.7759349082860086,0.6048587310368945,1.0,2000,50,,,,,,,,0.2
1200072,baseline_harder,Baseline harder irregularity,0.2,50,mice,MICE,0.664717364573508,0.5389964163782351,1.0,2000,50,,,,,,,,0.2
1200073,baseline_harder,Baseline harder irregularity,0.2,50,mice,MICE,0.6535726084212516,0.5551631393397483,1.0,2000,50,,,,,,,,0.2
1200074,baseline_harder,Baseline harder irregularity,0.2,50,mice,MICE,0.7801083933599748,0.6458119883593052,1.0,2000,50,,,,,,,,0.2
1200075,baseline_harder,Baseline harder irregularity,0.2,50,mice,MICE,0.7010165700438948,0.5972899696924623,1.0,2000,50,,,,,,,,0.2
1200076,baseline_harder,Baseline harder irregularity,0.2,50,mice,MICE,0.7180919161116825,0.5995645354988854,1.0,2000,50,,,,,,,,0.2
1200077,baseline_harder,Baseline harder irregularity,0.2,50,mice,MICE,0.5940311371165253,0.4861698635147405,1.0,2000,50,,,,,,,,0.2
1200078,baseline_harder,Baseline harder irregularity,0.2,50,mice,MICE,0.7658961412643022,0.6733752629273709,1.0,2000,50,,,,,,,,0.2
1200079,baseline_harder,Baseline harder irregularity,0.2,50,mice,MICE,0.7305146637779021,0.584506280309776,1.0,2000,50,,,,,,,,0.2
1200080,baseline_harder,Baseline harder irregularity,0.2,50,mice,MICE,0.7671449453455503,0.6293427464501783,1.0,2000,50,,,,,,,,0.2
1200081,baseline_harder,Baseline harder irregularity,0.2,50,mice,MICE,0.7293724740070904,0.6158390783924356,1.0,2000,50,,,,,,,,0.2
1200082,baseline_harder,Baseline harder irregularity,0.2,50,mice,MICE,0.6830989488329656,0.5788593767948522,1.0,2000,50,,,,,,,,0.2
1200083,baseline_harder,Baseline harder irregularity,0.2,50,mice,MICE,0.6691560345910887,0.5492342174270607,1.0,2000,50,,,,,,,,0.2
1200084,baseline_harder,Baseline harder irregularity,0.2,50,mice,MICE,0.8294650188999507,0.6906324066617132,1.0,2000,50,,,,,,,,0.2
1200085,baseline_harder,Baseline harder irregularity,0.2,50,mice,MICE,0.717299327190802,0.6308943064670737,1.0,2000,50,,,,,,,,0.2
1200086,baseline_harder,Baseline harder irregularity,0.2,50,mice,MICE,0.6911700443096412,0.5557134829094837,1.0,2000,50,,,,,,,,0.2
1200087,baseline_harder,Baseline harder irregularity,0.2,50,mice,MICE,0.763842308781359,0.659569476744427,1.0,2000,50,,,,,,,,0.2
1200088,baseline_harder,Baseline harder irregularity,0.2,50,mice,MICE,0.6783651265965673,0.5731937496752144,1.0,2000,50,,,,,,,,0.2
1200089,baseline_harder,Baseline harder irregularity,0.2,50,mice,MICE,0.8084513070229231,0.7103704738557304,1.0,2000,50,,,,,,,,0.2
1200090,baseline_harder,Baseline harder irregularity,0.2,50,mice,MICE,0.7476901912432439,0.6603448291073672,1.0,2000,50,,,,,,,,0.2
1200091,baseline_harder,Baseline harder irregularity,0.2,50,mice,MICE,0.7073708710775136,0.5916325263975252,1.0,2000,50,,,,,,,,0.2
1200092,baseline_harder,Baseline harder irregularity,0.2,50,mice,MICE,0.7986421116764584,0.6873581637393628,1.0,2000,50,,,,,,,,0.2
1200093,baseline_harder,Baseline harder irregularity,0.2,50,mice,MICE,0.6714831197365052,0.5931315446052209,1.0,2000,50,,,,,,,,0.2
1200094,baseline_harder,Baseline harder irregularity,0.2,50,mice,MICE,0.7874067869066265,0.6920761248948782,1.0,2000,50,,,,,,,,0.2
1200095,baseline_harder,Baseline harder irregularity,0.2,50,mice,MICE,0.6189955245612684,0.5188194406256342,1.0,2000,50,,,,,,,,0.2
1200096,baseline_harder,Baseline harder irregularity,0.2,50,mice,MICE,0.6436676116889238,0.5538719910807479,1.0,2000,50,,,,,,,,0.2
1200097,baseline_harder,Baseline harder irregularity,0.2,50,mice,MICE,0.7553471536102285,0.6651938399806807,1.0,2000,50,,,,,,,,0.2
1200098,baseline_harder,Baseline harder irregularity,0.2,50,mice,MICE,0.7496709363456524,0.6251899541852618,1.0,2000,50,,,,,,,,0.2
1200099,baseline_harder,Baseline harder irregularity,0.2,50,mice,MICE,0.7166484964480955,0.6116898842418592,1.0,2000,50,,,,,,,,0.2
1200000,baseline_harder,Baseline harder irregularity,0.2,1,full_data,Full data,0.0,0.0,1.0,2000,1,,,,,,,,0.2
1200000,baseline_harder,Baseline harder irregularity,0.2,1,mean_impute,Mean imputation,0.9283873887538968,0.7840805986449639,1.0,2000,1,,,,,,,,0.2
1200000,baseline_harder,Baseline harder irregularity,0.2,1,complete_case,Complete case,,,1.0,711,1,,,,,,,,0.2
1200001,baseline_harder,Baseline harder irregularity,0.2,1,full_data,Full data,0.0,0.0,1.0,2000,1,,,,,,,,0.2
1200001,baseline_harder,Baseline harder irregularity,0.2,1,mean_impute,Mean imputation,0.9312097962543904,0.7819809766980474,1.0,2000,1,,,,,,,,0.2
1200001,baseline_harder,Baseline harder irregularity,0.2,1,complete_case,Complete case,,,1.0,709,1,,,,,,,,0.2
1200002,baseline_harder,Baseline harder irregularity,0.2,1,full_data,Full data,0.0,0.0,1.0,2000,1,,,,,,,,0.2
1200002,baseline_harder,Baseline harder irregularity,0.2,1,mean_impute,Mean imputation,0.9110312891375568,0.7580081775983393,1.0,2000,1,,,,,,,,0.2
1200002,baseline_harder,Baseline harder irregularity,0.2,1,complete_case,Complete case,,,1.0,738,1,,,,,,,,0.2
1200003,baseline_harder,Baseline harder irregularity,0.2,1,full_data,Full data,0.0,0.0,1.0,2000,1,,,,,,,,0.2
1200003,baseline_harder,Baseline harder irregularity,0.2,1,mean_impute,Mean imputation,0.9203088501688133,0.7750056005647477,1.0,2000,1,,,,,,,,0.2
1200003,baseline_harder,Baseline harder irregularity,0.2,1,complete_case,Complete case,,,1.0,678,1,,,,,,,,0.2
1200004,baseline_harder,Baseline harder irregularity,0.2,1,full_data,Full data,0.0,0.0,1.0,2000,1,,,,,,,,0.2
1200004,baseline_harder,Baseline harder irregularity,0.2,1,mean_impute,Mean imputation,0.9337017682720268,0.7998183415045635,1.0,2000,1,,,,,,,,0.2
1200004,baseline_harder,Baseline harder irregularity,0.2,1,complete_case,Complete case,,,1.0,693,1,,,,,,,,0.2
1200005,baseline_harder,Baseline harder irregularity,0.2,1,full_data,Full data,0.0,0.0,1.0,2000,1,,,,,,,,0.2
1200005,baseline_harder,Baseline harder irregularity,0.2,1,mean_impute,Mean imputation,0.9555027504407154,0.8116661434475294,1.0,2000,1,,,,,,,,0.2
1200005,baseline_harder,Baseline harder irregularity,0.2,1,complete_case,Complete case,,,1.0,692,1,,,,,,,,0.2
1200006,baseline_harder,Baseline harder irregularity,0.2,1,full_data,Full data,0.0,0.0,1.0,2000,1,,,,,,,,0.2
1200006,baseline_harder,Baseline harder irregularity,0.2,1,mean_impute,Mean imputation,0.9333305892195326,0.8098189534502959,1.0,2000,1,,,,,,,,0.2
1200006,baseline_harder,Baseline harder irregularity,0.2,1,complete_case,Complete case,,,1.0,676,1,,,,,,,,0.2
1200007,baseline_harder,Baseline harder irregularity,0.2,1,full_data,Full data,0.0,0.0,1.0,2000,1,,,,,,,,0.2
1200007,baseline_harder,Baseline harder irregularity,0.2,1,mean_impute,Mean imputation,0.957199857454048,0.8269400775016702,1.0,2000,1,,,,,,,,0.2
1200007,baseline_harder,Baseline harder irregularity,0.2,1,complete_case,Complete case,,,1.0,729,1,,,,,,,,0.2
1200008,baseline_harder,Baseline harder irregularity,0.2,1,full_data,Full data,0.0,0.0,1.0,2000,1,,,,,,,,0.2
1200008,baseline_harder,Baseline harder irregularity,0.2,1,mean_impute,Mean imputation,0.9545984811451326,0.8220697785745318,1.0,2000,1,,,,,,,,0.2
1200008,baseline_harder,Baseline harder irregularity,0.2,1,complete_case,Complete case,,,1.0,668,1,,,,,,,,0.2
1200009,baseline_harder,Baseline harder irregularity,0.2,1,full_data,Full data,0.0,0.0,1.0,2000,1,,,,,,,,0.2
1200009,baseline_harder,Baseline harder irregularity,0.2,1,mean_impute,Mean imputation,0.94954226733905,0.805057971257017,1.0,2000,1,,,,,,,,0.2
1200009,baseline_harder,Baseline harder irregularity,0.2,1,complete_case,Complete case,,,1.0,716,1,,,,,,,,0.2
1200010,baseline_harder,Baseline harder irregularity,0.2,1,full_data,Full data,0.0,0.0,1.0,2000,1,,,,,,,,0.2
1200010,baseline_harder,Baseline harder irregularity,0.2,1,mean_impute,Mean imputation,0.9204650609799324,0.7851824188387543,1.0,2000,1,,,,,,,,0.2
1200010,baseline_harder,Baseline harder irregularity,0.2,1,complete_case,Complete case,,,1.0,701,1,,,,,,,,0.2
1200011,baseline_harder,Baseline harder irregularity,0.2,1,full_data,Full data,0.0,0.0,1.0,2000,1,,,,,,,,0.2
1200011,baseline_harder,Baseline harder irregularity,0.2,1,mean_impute,Mean imputation,0.9480210062065292,0.7896281375756476,1.0,2000,1,,,,,,,,0.2
1200011,baseline_harder,Baseline harder irregularity,0.2,1,complete_case,Complete case,,,1.0,724,1,,,,,,,,0.2
1200012,baseline_harder,Baseline harder irregularity,0.2,1,full_data,Full data,0.0,0.0,1.0,2000,1,,,,,,,,0.2
1200012,baseline_harder,Baseline harder irregularity,0.2,1,mean_impute,Mean imputation,0.917642752240962,0.7711325385778582,1.0,2000,1,,,,,,,,0.2
1200012,baseline_harder,Baseline harder irregularity,0.2,1,complete_case,Complete case,,,1.0,719,1,,,,,,,,0.2
1200013,baseline_harder,Baseline harder irregularity,0.2,1,full_data,Full data,0.0,0.0,1.0,2000,1,,,,,,,,0.2
1200013,baseline_harder,Baseline harder irregularity,0.2,1,mean_impute,Mean imputation,0.9165846461064776,0.7807315339354148,1.0,2000,1,,,,,,,,0.2
1200013,baseline_harder,Baseline harder irregularity,0.2,1,complete_case,Complete case,,,1.0,692,1,,,,,,,,0.2
1200014,baseline_harder,Baseline harder irregularity,0.2,1,full_data,Full data,0.0,0.0,1.0,2000,1,,,,,,,,0.2
1200014,baseline_harder,Baseline harder irregularity,0.2,1,mean_impute,Mean imputation,0.9406600668835317,0.7974748785687962,1.0,2000,1,,,,,,,,0.2
1200014,baseline_harder,Baseline harder irregularity,0.2,1,complete_case,Complete case,,,1.0,707,1,,,,,,,,0.2
1200015,baseline_harder,Baseline harder irregularity,0.2,1,full_data,Full data,0.0,0.0,1.0,2000,1,,,,,,,,0.2
1200015,baseline_harder,Baseline harder irregularity,0.2,1,mean_impute,Mean imputation,0.9369402239032638,0.7945065346056307,1.0,2000,1,,,,,,,,0.2
1200015,baseline_harder,Baseline harder irregularity,0.2,1,complete_case,Complete case,,,1.0,719,1,,,,,,,,0.2
1200016,baseline_harder,Baseline harder irregularity,0.2,1,full_data,Full data,0.0,0.0,1.0,2000,1,,,,,,,,0.2
1200016,baseline_harder,Baseline harder irregularity,0.2,1,mean_impute,Mean imputation,0.9251106518416832,0.7928624322087497,1.0,2000,1,,,,,,,,0.2
1200016,baseline_harder,Baseline harder irregularity,0.2,1,complete_case,Complete case,,,1.0,699,1,,,,,,,,0.2
1200017,baseline_harder,Baseline harder irregularity,0.2,1,full_data,Full data,0.0,0.0,1.0,2000,1,,,,,,,,0.2
1200017,baseline_harder,Baseline harder irregularity,0.2,1,mean_impute,Mean imputation,0.931454833146275,0.8023051580604081,1.0,2000,1,,,,,,,,0.2
1200017,baseline_harder,Baseline harder irregularity,0.2,1,complete_case,Complete case,,,1.0,666,1,,,,,,,,0.2
1200018,baseline_harder,Baseline harder irregularity,0.2,1,full_data,Full data,0.0,0.0,1.0,2000,1,,,,,,,,0.2
1200018,baseline_harder,Baseline harder irregularity,0.2,1,mean_impute,Mean imputation,0.9536851863368676,0.8162316280080341,1.0,2000,1,,,,,,,,0.2
1200018,baseline_harder,Baseline harder irregularity,0.2,1,complete_case,Complete case,,,1.0,722,1,,,,,,,,0.2
1200019,baseline_harder,Baseline harder irregularity,0.2,1,full_data,Full data,0.0,0.0,1.0,2000,1,,,,,,,,0.2
1200019,baseline_harder,Baseline harder irregularity,0.2,1,mean_impute,Mean imputation,0.9578329978225604,0.8334451868776749,1.0,2000,1,,,,,,,,0.2
1200019,baseline_harder,Baseline harder irregularity,0.2,1,complete_case,Complete case,,,1.0,686,1,,,,,,,,0.2
1200020,baseline_harder,Baseline harder irregularity,0.2,1,full_data,Full data,0.0,0.0,1.0,2000,1,,,,,,,,0.2
1200020,baseline_harder,Baseline harder irregularity,0.2,1,mean_impute,Mean imputation,0.91450550250962,0.7686699507550007,1.0,2000,1,,,,,,,,0.2
1200020,baseline_harder,Baseline harder irregularity,0.2,1,complete_case,Complete case,,,1.0,713,1,,,,,,,,0.2
1200021,baseline_harder,Baseline harder irregularity,0.2,1,full_data,Full data,0.0,0.0,1.0,2000,1,,,,,,,,0.2
1200021,baseline_harder,Baseline harder irregularity,0.2,1,mean_impute,Mean imputation,0.9237784050088867,0.7679219055306095,1.0,2000,1,,,,,,,,0.2
1200021,baseline_harder,Baseline harder irregularity,0.2,1,complete_case,Complete case,,,1.0,727,1,,,,,,,,0.2
1200022,baseline_harder,Baseline harder irregularity,0.2,1,full_data,Full data,0.0,0.0,1.0,2000,1,,,,,,,,0.2
1200022,baseline_harder,Baseline harder irregularity,0.2,1,mean_impute,Mean imputation,0.9387362571977158,0.8046535078081573,1.0,2000,1,,,,,,,,0.2
1200022,baseline_harder,Baseline harder irregularity,0.2,1,complete_case,Complete case,,,1.0,696,1,,,,,,,,0.2
1200023,baseline_harder,Baseline harder irregularity,0.2,1,full_data,Full data,0.0,0.0,1.0,2000,1,,,,,,,,0.2
1200023,baseline_harder,Baseline harder irregularity,0.2,1,mean_impute,Mean imputation,0.9459290886714428,0.8015478429253583,1.0,2000,1,,,,,,,,0.2
1200023,baseline_harder,Baseline harder irregularity,0.2,1,complete_case,Complete case,,,1.0,729,1,,,,,,,,0.2
1200024,baseline_harder,Baseline harder irregularity,0.2,1,full_data,Full data,0.0,0.0,1.0,2000,1,,,,,,,,0.2
1200024,baseline_harder,Baseline harder irregularity,0.2,1,mean_impute,Mean imputation,0.9121969965220088,0.7662442824995197,1.0,2000,1,,,,,,,,0.2
1200024,baseline_harder,Baseline harder irregularity,0.2,1,complete_case,Complete case,,,1.0,698,1,,,,,,,,0.2
1200025,baseline_harder,Baseline harder irregularity,0.2,1,full_data,Full data,0.0,0.0,1.0,2000,1,,,,,,,,0.2
1200025,baseline_harder,Baseline harder irregularity,0.2,1,mean_impute,Mean imputation,0.9758558619784056,0.8217811746974524,1.0,2000,1,,,,,,,,0.2
1200025,baseline_harder,Baseline harder irregularity,0.2,1,complete_case,Complete case,,,1.0,698,1,,,,,,,,0.2
1200026,baseline_harder,Baseline harder irregularity,0.2,1,full_data,Full data,0.0,0.0,1.0,2000,1,,,,,,,,0.2
1200026,baseline_harder,Baseline harder irregularity,0.2,1,mean_impute,Mean imputation,0.9397688648639692,0.8033444488682097,1.0,2000,1,,,,,,,,0.2
1200026,baseline_harder,Baseline harder irregularity,0.2,1,complete_case,Complete case,,,1.0,689,1,,,,,,,,0.2
1200027,baseline_harder,Baseline harder irregularity,0.2,1,full_data,Full data,0.0,0.0,1.0,2000,1,,,,,,,,0.2
1200027,baseline_harder,Baseline harder irregularity,0.2,1,mean_impute,Mean imputation,0.9552254890627078,0.7961469979303493,1.0,2000,1,,,,,,,,0.2
1200027,baseline_harder,Baseline harder irregularity,0.2,1,complete_case,Complete case,,,1.0,702,1,,,,,,,,0.2
1200028,baseline_harder,Baseline harder irregularity,0.2,1,full_data,Full data,0.0,0.0,1.0,2000,1,,,,,,,,0.2
1200028,baseline_harder,Baseline harder irregularity,0.2,1,mean_impute,Mean imputation,0.9501067715995968,0.8026253414515223,1.0,2000,1,,,,,,,,0.2
1200028,baseline_harder,Baseline harder irregularity,0.2,1,complete_case,Complete case,,,1.0,721,1,,,,,,,,0.2
1200029,baseline_harder,Baseline harder irregularity,0.2,1,full_data,Full data,0.0,0.0,1.0,2000,1,,,,,,,,0.2
1200029,baseline_harder,Baseline harder irregularity,0.2,1,mean_impute,Mean imputation,0.9387118741313162,0.7802096520916715,1.0,2000,1,,,,,,,,0.2
1200029,baseline_harder,Baseline harder irregularity,0.2,1,complete_case,Complete case,,,1.0,744,1,,,,,,,,0.2
1200030,baseline_harder,Baseline harder irregularity,0.2,1,full_data,Full data,0.0,0.0,1.0,2000,1,,,,,,,,0.2
1200030,baseline_harder,Baseline harder irregularity,0.2,1,mean_impute,Mean imputation,0.9498443504063832,0.8085760366758205,1.0,2000,1,,,,,,,,0.2
1200030,baseline_harder,Baseline harder irregularity,0.2,1,complete_case,Complete case,,,1.0,699,1,,,,,,,,0.2
1200031,baseline_harder,Baseline harder irregularity,0.2,1,full_data,Full data,0.0,0.0,1.0,2000,1,,,,,,,,0.2
1200031,baseline_harder,Baseline harder irregularity,0.2,1,mean_impute,Mean imputation,0.9441490164837444,0.8075738239413255,1.0,2000,1,,,,,,,,0.2
1200031,baseline_harder,Baseline harder irregularity,0.2,1,complete_case,Complete case,,,1.0,685,1,,,,,,,,0.2
1200032,baseline_harder,Baseline harder irregularity,0.2,1,full_data,Full data,0.0,0.0,1.0,2000,1,,,,,,,,0.2
1200032,baseline_harder,Baseline harder irregularity,0.2,1,mean_impute,Mean imputation,0.943139700729016,0.7936442983952068,1.0,2000,1,,,,,,,,0.2
1200032,baseline_harder,Baseline harder irregularity,0.2,1,complete_case,Complete case,,,1.0,691,1,,,,,,,,0.2
1200033,baseline_harder,Baseline harder irregularity,0.2,1,full_data,Full data,0.0,0.0,1.0,2000,1,,,,,,,,0.2
1200033,baseline_harder,Baseline harder irregularity,0.2,1,mean_impute,Mean imputation,0.935259075955776,0.7993892092924378,1.0,2000,1,,,,,,,,0.2
1200033,baseline_harder,Baseline harder irregularity,0.2,1,complete_case,Complete case,,,1.0,723,1,,,,,,,,0.2
1200034,baseline_harder,Baseline harder irregularity,0.2,1,full_data,Full data,0.0,0.0,1.0,2000,1,,,,,,,,0.2
1200034,baseline_harder,Baseline harder irregularity,0.2,1,mean_impute,Mean imputation,0.9587038300160654,0.8134620578434203,1.0,2000,1,,,,,,,,0.2
1200034,baseline_harder,Baseline harder irregularity,0.2,1,complete_case,Complete case,,,1.0,717,1,,,,,,,,0.2
1200035,baseline_harder,Baseline harder irregularity,0.2,1,full_data,Full data,0.0,0.0,1.0,2000,1,,,,,,,,0.2
1200035,baseline_harder,Baseline harder irregularity,0.2,1,mean_impute,Mean imputation,0.9691835526557812,0.8256838093697006,1.0,2000,1,,,,,,,,0.2
1200035,baseline_harder,Baseline harder irregularity,0.2,1,complete_case,Complete case,,,1.0,738,1,,,,,,,,0.2
1200036,baseline_harder,Baseline harder irregularity,0.2,1,full_data,Full data,0.0,0.0,1.0,2000,1,,,,,,,,0.2
1200036,baseline_harder,Baseline harder irregularity,0.2,1,mean_impute,Mean imputation,0.914994142352639,0.7754620007225186,1.0,2000,1,,,,,,,,0.2
1200036,baseline_harder,Baseline harder irregularity,0.2,1,complete_case,Complete case,,,1.0,677,1,,,,,,,,0.2
1200037,baseline_harder,Baseline harder irregularity,0.2,1,full_data,Full data,0.0,0.0,1.0,2000,1,,,,,,,,0.2
1200037,baseline_harder,Baseline harder irregularity,0.2,1,mean_impute,Mean imputation,0.9253059349849228,0.7687093282447848,1.0,2000,1,,,,,,,,0.2
1200037,baseline_harder,Baseline harder irregularity,0.2,1,complete_case,Complete case,,,1.0,719,1,,,,,,,,0.2
1200038,baseline_harder,Baseline harder irregularity,0.2,1,full_data,Full data,0.0,0.0,1.0,2000,1,,,,,,,,0.2
1200038,baseline_harder,Baseline harder irregularity,0.2,1,mean_impute,Mean imputation,0.9567574915802104,0.8027816027105936,1.0,2000,1,,,,,,,,0.2
1200038,baseline_harder,Baseline harder irregularity,0.2,1,complete_case,Complete case,,,1.0,732,1,,,,,,,,0.2
1200039,baseline_harder,Baseline harder irregularity,0.2,1,full_data,Full data,0.0,0.0,1.0,2000,1,,,,,,,,0.2
1200039,baseline_harder,Baseline harder irregularity,0.2,1,mean_impute,Mean imputation,0.9205057510406148,0.7725273856520608,1.0,2000,1,,,,,,,,0.2
1200039,baseline_harder,Baseline harder irregularity,0.2,1,complete_case,Complete case,,,1.0,687,1,,,,,,,,0.2
1200040,baseline_harder,Baseline harder irregularity,0.2,1,full_data,Full data,0.0,0.0,1.0,2000,1,,,,,,,,0.2
1200040,baseline_harder,Baseline harder irregularity,0.2,1,mean_impute,Mean imputation,0.944987310022154,0.7978678072497516,1.0,2000,1,,,,,,,,0.2
1200040,baseline_harder,Baseline harder irregularity,0.2,1,complete_case,Complete case,,,1.0,737,1,,,,,,,,0.2
1200041,baseline_harder,Baseline harder irregularity,0.2,1,full_data,Full data,0.0,0.0,1.0,2000,1,,,,,,,,0.2
1200041,baseline_harder,Baseline harder irregularity,0.2,1,mean_impute,Mean imputation,0.9455805011836342,0.7957660551461541,1.0,2000,1,,,,,,,,0.2
1200041,baseline_harder,Baseline harder irregularity,0.2,1,complete_case,Complete case,,,1.0,714,1,,,,,,,,0.2
1200042,baseline_harder,Baseline harder irregularity,0.2,1,full_data,Full data,0.0,0.0,1.0,2000,1,,,,,,,,0.2
1200042,baseline_harder,Baseline harder irregularity,0.2,1,mean_impute,Mean imputation,0.9145389934825632,0.761353942178153,1.0,2000,1,,,,,,,,0.2
1200042,baseline_harder,Baseline harder irregularity,0.2,1,complete_case,Complete case,,,1.0,731,1,,,,,,,,0.2
1200043,baseline_harder,Baseline harder irregularity,0.2,1,full_data,Full data,0.0,0.0,1.0,2000,1,,,,,,,,0.2
1200043,baseline_harder,Baseline harder irregularity,0.2,1,mean_impute,Mean imputation,0.978115257383772,0.8149717144002596,1.0,2000,1,,,,,,,,0.2
1200043,baseline_harder,Baseline harder irregularity,0.2,1,complete_case,Complete case,,,1.0,706,1,,,,,,,,0.2
1200044,baseline_harder,Baseline harder irregularity,0.2,1,full_data,Full data,0.0,0.0,1.0,2000,1,,,,,,,,0.2
1200044,baseline_harder,Baseline harder irregularity,0.2,1,mean_impute,Mean imputation,0.9455818593261162,0.8106979096679571,1.0,2000,1,,,,,,,,0.2
1200044,baseline_harder,Baseline harder irregularity,0.2,1,complete_case,Complete case,,,1.0,690,1,,,,,,,,0.2
1200045,baseline_harder,Baseline harder irregularity,0.2,1,full_data,Full data,0.0,0.0,1.0,2000,1,,,,,,,,0.2
1200045,baseline_harder,Baseline harder irregularity,0.2,1,mean_impute,Mean imputation,0.9331641507019424,0.8104938744614119,1.0,2000,1,,,,,,,,0.2
1200045,baseline_harder,Baseline harder irregularity,0.2,1,complete_case,Complete case,,,1.0,698,1,,,,,,,,0.2
1200046,baseline_harder,Baseline harder irregularity,0.2,1,full_data,Full data,0.0,0.0,1.0,2000,1,,,,,,,,0.2
1200046,baseline_harder,Baseline harder irregularity,0.2,1,mean_impute,Mean imputation,0.9963129603501504,0.8514555020806548,1.0,2000,1,,,,,,,,0.2
1200046,baseline_harder,Baseline harder irregularity,0.2,1,complete_case,Complete case,,,1.0,696,1,,,,,,,,0.2
1200047,baseline_harder,Baseline harder irregularity,0.2,1,full_data,Full data,0.0,0.0,1.0,2000,1,,,,,,,,0.2
1200047,baseline_harder,Baseline harder irregularity,0.2,1,mean_impute,Mean imputation,0.9221044748503854,0.7833456526415367,1.0,2000,1,,,,,,,,0.2
1200047,baseline_harder,Baseline harder irregularity,0.2,1,complete_case,Complete case,,,1.0,707,1,,,,,,,,0.2
1200048,baseline_harder,Baseline harder irregularity,0.2,1,full_data,Full data,0.0,0.0,1.0,2000,1,,,,,,,,0.2
1200048,baseline_harder,Baseline harder irregularity,0.2,1,mean_impute,Mean imputation,0.9276168130094544,0.7685949393097278,1.0,2000,1,,,,,,,,0.2
1200048,baseline_harder,Baseline harder irregularity,0.2,1,complete_case,Complete case,,,1.0,731,1,,,,,,,,0.2
1200049,baseline_harder,Baseline harder irregularity,0.2,1,full_data,Full data,0.0,0.0,1.0,2000,1,,,,,,,,0.2
1200049,baseline_harder,Baseline harder irregularity,0.2,1,mean_impute,Mean imputation,0.9442700851869216,0.7933808116528216,1.0,2000,1,,,,,,,,0.2
1200049,baseline_harder,Baseline harder irregularity,0.2,1,complete_case,Complete case,,,1.0,721,1,,,,,,,,0.2
1200050,baseline_harder,Baseline harder irregularity,0.2,1,full_data,Full data,0.0,0.0,1.0,2000,1,,,,,,,,0.2
1200050,baseline_harder,Baseline harder irregularity,0.2,1,mean_impute,Mean imputation,0.9573877126459076,0.8137166883022486,1.0,2000,1,,,,,,,,0.2
1200050,baseline_harder,Baseline harder irregularity,0.2,1,complete_case,Complete case,,,1.0,713,1,,,,,,,,0.2
1200051,baseline_harder,Baseline harder irregularity,0.2,1,full_data,Full data,0.0,0.0,1.0,2000,1,,,,,,,,0.2
1200051,baseline_harder,Baseline harder irregularity,0.2,1,mean_impute,Mean imputation,0.910221649553996,0.7697985114162469,1.0,2000,1,,,,,,,,0.2
1200051,baseline_harder,Baseline harder irregularity,0.2,1,complete_case,Complete case,,,1.0,686,1,,,,,,,,0.2
1200052,baseline_harder,Baseline harder irregularity,0.2,1,full_data,Full data,0.0,0.0,1.0,2000,1,,,,,,,,0.2
1200052,baseline_harder,Baseline harder irregularity,0.2,1,mean_impute,Mean imputation,0.9198140324068464,0.772150398864132,1.0,2000,1,,,,,,,,0.2
1200052,baseline_harder,Baseline harder irregularity,0.2,1,complete_case,Complete case,,,1.0,710,1,,,,,,,,0.2
1200053,baseline_harder,Baseline harder irregularity,0.2,1,full_data,Full data,0.0,0.0,1.0,2000,1,,,,,,,,0.2
1200053,baseline_harder,Baseline harder irregularity,0.2,1,mean_impute,Mean imputation,0.926857366268522,0.7704316608007471,1.0,2000,1,,,,,,,,0.2
1200053,baseline_harder,Baseline harder irregularity,0.2,1,complete_case,Complete case,,,1.0,704,1,,,,,,,,0.2
1200054,baseline_harder,Baseline harder irregularity,0.2,1,full_data,Full data,0.0,0.0,1.0,2000,1,,,,,,,,0.2
1200054,baseline_harder,Baseline harder irregularity,0.2,1,mean_impute,Mean imputation,0.9083173237528144,0.7707987769611678,1.0,2000,1,,,,,,,,0.2
1200054,baseline_harder,Baseline harder irregularity,0.2,1,complete_case,Complete case,,,1.0,695,1,,,,,,,,0.2
1200055,baseline_harder,Baseline harder irregularity,0.2,1,full_data,Full data,0.0,0.0,1.0,2000,1,,,,,,,,0.2
1200055,baseline_harder,Baseline harder irregularity,0.2,1,mean_impute,Mean imputation,0.9603762417330636,0.8250819960286503,1.0,2000,1,,,,,,,,0.2
1200055,baseline_harder,Baseline harder irregularity,0.2,1,complete_case,Complete case,,,1.0,712,1,,,,,,,,0.2
1200056,baseline_harder,Baseline harder irregularity,0.2,1,full_data,Full data,0.0,0.0,1.0,2000,1,,,,,,,,0.2
1200056,baseline_harder,Baseline harder irregularity,0.2,1,mean_impute,Mean imputation,0.9509821553912714,0.824737522157566,1.0,2000,1,,,,,,,,0.2
1200056,baseline_harder,Baseline harder irregularity,0.2,1,complete_case,Complete case,,,1.0,670,1,,,,,,,,0.2
1200057,baseline_harder,Baseline harder irregularity,0.2,1,full_data,Full data,0.0,0.0,1.0,2000,1,,,,,,,,0.2
1200057,baseline_harder,Baseline harder irregularity,0.2,1,mean_impute,Mean imputation,0.9449852869973482,0.8057951140205193,1.0,2000,1,,,,,,,,0.2
1200057,baseline_harder,Baseline harder irregularity,0.2,1,complete_case,Complete case,,,1.0,701,1,,,,,,,,0.2
1200058,baseline_harder,Baseline harder irregularity,0.2,1,full_data,Full data,0.0,0.0,1.0,2000,1,,,,,,,,0.2
1200058,baseline_harder,Baseline harder irregularity,0.2,1,mean_impute,Mean imputation,0.9468202716772864,0.8102926165741524,1.0,2000,1,,,,,,,,0.2
1200058,baseline_harder,Baseline harder irregularity,0.2,1,complete_case,Complete case,,,1.0,686,1,,,,,,,,0.2
1200059,baseline_harder,Baseline harder irregularity,0.2,1,full_data,Full data,0.0,0.0,1.0,2000,1,,,,,,,,0.2
1200059,baseline_harder,Baseline harder irregularity,0.2,1,mean_impute,Mean imputation,0.9417393974230928,0.7888111983255597,1.0,2000,1,,,,,,,,0.2
1200059,baseline_harder,Baseline harder irregularity,0.2,1,complete_case,Complete case,,,1.0,737,1,,,,,,,,0.2
1200060,baseline_harder,Baseline harder irregularity,0.2,1,full_data,Full data,0.0,0.0,1.0,2000,1,,,,,,,,0.2
1200060,baseline_harder,Baseline harder irregularity,0.2,1,mean_impute,Mean imputation,0.9588197159698773,0.8285440006027515,1.0,2000,1,,,,,,,,0.2
1200060,baseline_harder,Baseline harder irregularity,0.2,1,complete_case,Complete case,,,1.0,709,1,,,,,,,,0.2
1200061,baseline_harder,Baseline harder irregularity,0.2,1,full_data,Full data,0.0,0.0,1.0,2000,1,,,,,,,,0.2
1200061,baseline_harder,Baseline harder irregularity,0.2,1,mean_impute,Mean imputation,0.9199857582082146,0.7872620611842298,1.0,2000,1,,,,,,,,0.2
1200061,baseline_harder,Baseline harder irregularity,0.2,1,complete_case,Complete case,,,1.0,671,1,,,,,,,,0.2
1200062,baseline_harder,Baseline harder irregularity,0.2,1,full_data,Full data,0.0,0.0,1.0,2000,1,,,,,,,,0.2
1200062,baseline_harder,Baseline harder irregularity,0.2,1,mean_impute,Mean imputation,0.9388166748722958,0.8062404316466284,1.0,2000,1,,,,,,,,0.2
1200062,baseline_harder,Baseline harder irregularity,0.2,1,complete_case,Complete case,,,1.0,720,1,,,,,,,,0.2
1200063,baseline_harder,Baseline harder irregularity,0.2,1,full_data,Full data,0.0,0.0,1.0,2000,1,,,,,,,,0.2
1200063,baseline_harder,Baseline harder irregularity,0.2,1,mean_impute,Mean imputation,0.9689027224570778,0.8221677655733262,1.0,2000,1,,,,,,,,0.2
1200063,baseline_harder,Baseline harder irregularity,0.2,1,complete_case,Complete case,,,1.0,760,1,,,,,,,,0.2
1200064,baseline_harder,Baseline harder irregularity,0.2,1,full_data,Full data,0.0,0.0,1.0,2000,1,,,,,,,,0.2
1200064,baseline_harder,Baseline harder irregularity,0.2,1,mean_impute,Mean imputation,0.9587709534463528,0.8190491563919986,1.0,2000,1,,,,,,,,0.2
1200064,baseline_harder,Baseline harder irregularity,0.2,1,complete_case,Complete case,,,1.0,742,1,,,,,,,,0.2
1200065,baseline_harder,Baseline harder irregularity,0.2,1,full_data,Full data,0.0,0.0,1.0,2000,1,,,,,,,,0.2
1200065,baseline_harder,Baseline harder irregularity,0.2,1,mean_impute,Mean imputation,0.9374039404241284,0.7883733768712763,1.0,2000,1,,,,,,,,0.2
1200065,baseline_harder,Baseline harder irregularity,0.2,1,complete_case,Complete case,,,1.0,691,1,,,,,,,,0.2
1200066,baseline_harder,Baseline harder irregularity,0.2,1,full_data,Full data,0.0,0.0,1.0,2000,1,,,,,,,,0.2
1200066,baseline_harder,Baseline harder irregularity,0.2,1,mean_impute,Mean imputation,0.9427372907722168,0.8044662783828083,1.0,2000,1,,,,,,,,0.2
1200066,baseline_harder,Baseline harder irregularity,0.2,1,complete_case,Complete case,,,1.0,689,1,,,,,,,,0.2
1200067,baseline_harder,Baseline harder irregularity,0.2,1,full_data,Full data,0.0,0.0,1.0,2000,1,,,,,,,,0.2
1200067,baseline_harder,Baseline harder irregularity,0.2,1,mean_impute,Mean imputation,0.9115210141632628,0.7549266341407463,1.0,2000,1,,,,,,,,0.2
1200067,baseline_harder,Baseline harder irregularity,0.2,1,complete_case,Complete case,,,1.0,704,1,,,,,,,,0.2
1200068,baseline_harder,Baseline harder irregularity,0.2,1,full_data,Full data,0.0,0.0,1.0,2000,1,,,,,,,,0.2
1200068,baseline_harder,Baseline harder irregularity,0.2,1,mean_impute,Mean imputation,0.947488565729542,0.8027645423255189,1.0,2000,1,,,,,,,,0.2
1200068,baseline_harder,Baseline harder irregularity,0.2,1,complete_case,Complete case,,,1.0,729,1,,,,,,,,0.2
1200069,baseline_harder,Baseline harder irregularity,0.2,1,full_data,Full data,0.0,0.0,1.0,2000,1,,,,,,,,0.2
1200069,baseline_harder,Baseline harder irregularity,0.2,1,mean_impute,Mean imputation,0.930253786965508,0.7939341971828651,1.0,2000,1,,,,,,,,0.2
1200069,baseline_harder,Baseline harder irregularity,0.2,1,complete_case,Complete case,,,1.0,696,1,,,,,,,,0.2
1200070,baseline_harder,Baseline harder irregularity,0.2,1,full_data,Full data,0.0,0.0,1.0,2000,1,,,,,,,,0.2
1200070,baseline_harder,Baseline harder irregularity,0.2,1,mean_impute,Mean imputation,0.9453544132527832,0.8233342229626598,1.0,2000,1,,,,,,,,0.2
1200070,baseline_harder,Baseline harder irregularity,0.2,1,complete_case,Complete case,,,1.0,685,1,,,,,,,,0.2
1200071,baseline_harder,Baseline harder irregularity,0.2,1,full_data,Full data,0.0,0.0,1.0,2000,1,,,,,,,,0.2
1200071,baseline_harder,Baseline harder irregularity,0.2,1,mean_impute,Mean imputation,0.9280383826811064,0.786679983958781,1.0,2000,1,,,,,,,,0.2
1200071,baseline_harder,Baseline harder irregularity,0.2,1,complete_case,Complete case,,,1.0,718,1,,,,,,,,0.2
1200072,baseline_harder,Baseline harder irregularity,0.2,1,full_data,Full data,0.0,0.0,1.0,2000,1,,,,,,,,0.2
1200072,baseline_harder,Baseline harder irregularity,0.2,1,mean_impute,Mean imputation,0.925600597782832,0.7788767027000227,1.0,2000,1,,,,,,,,0.2
1200072,baseline_harder,Baseline harder irregularity,0.2,1,complete_case,Complete case,,,1.0,735,1,,,,,,,,0.2
1200073,baseline_harder,Baseline harder irregularity,0.2,1,full_data,Full data,0.0,0.0,1.0,2000,1,,,,,,,,0.2
1200073,baseline_harder,Baseline harder irregularity,0.2,1,mean_impute,Mean imputation,0.9322878316989046,0.7982802028709693,1.0,2000,1,,,,,,,,0.2
1200073,baseline_harder,Baseline harder irregularity,0.2,1,complete_case,Complete case,,,1.0,711,1,,,,,,,,0.2
1200074,baseline_harder,Baseline harder irregularity,0.2,1,full_data,Full data,0.0,0.0,1.0,2000,1,,,,,,,,0.2
1200074,baseline_harder,Baseline harder irregularity,0.2,1,mean_impute,Mean imputation,0.9642603002292832,0.8168955333668896,1.0,2000,1,,,,,,,,0.2
1200074,baseline_harder,Baseline harder irregularity,0.2,1,complete_case,Complete case,,,1.0,708,1,,,,,,,,0.2
1200075,baseline_harder,Baseline harder irregularity,0.2,1,full_data,Full data,0.0,0.0,1.0,2000,1,,,,,,,,0.2
1200075,baseline_harder,Baseline harder irregularity,0.2,1,mean_impute,Mean imputation,0.9465743719172708,0.7970752279808689,1.0,2000,1,,,,,,,,0.2
1200075,baseline_harder,Baseline harder irregularity,0.2,1,complete_case,Complete case,,,1.0,718,1,,,,,,,,0.2
1200076,baseline_harder,Baseline harder irregularity,0.2,1,full_data,Full data,0.0,0.0,1.0,2000,1,,,,,,,,0.2
1200076,baseline_harder,Baseline harder irregularity,0.2,1,mean_impute,Mean imputation,0.9325057837336604,0.7798791127923685,1.0,2000,1,,,,,,,,0.2
1200076,baseline_harder,Baseline harder irregularity,0.2,1,complete_case,Complete case,,,1.0,734,1,,,,,,,,0.2
1200077,baseline_harder,Baseline harder irregularity,0.2,1,full_data,Full data,0.0,0.0,1.0,2000,1,,,,,,,,0.2
1200077,baseline_harder,Baseline harder irregularity,0.2,1,mean_impute,Mean imputation,0.9121255580553208,0.7729248689890275,1.0,2000,1,,,,,,,,0.2
1200077,baseline_harder,Baseline harder irregularity,0.2,1,complete_case,Complete case,,,1.0,672,1,,,,,,,,0.2
1200078,baseline_harder,Baseline harder irregularity,0.2,1,full_data,Full data,0.0,0.0,1.0,2000,1,,,,,,,,0.2
1200078,baseline_harder,Baseline harder irregularity,0.2,1,mean_impute,Mean imputation,0.9527180863353224,0.8164778261863337,1.0,2000,1,,,,,,,,0.2
1200078,baseline_harder,Baseline harder irregularity,0.2,1,complete_case,Complete case,,,1.0,721,1,,,,,,,,0.2
1200079,baseline_harder,Baseline harder irregularity,0.2,1,full_data,Full data,0.0,0.0,1.0,2000,1,,,,,,,,0.2
1200079,baseline_harder,Baseline harder irregularity,0.2,1,mean_impute,Mean imputation,0.9280871757660673,0.794906968760012,1.0,2000,1,,,,,,,,0.2
1200079,baseline_harder,Baseline harder irregularity,0.2,1,complete_case,Complete case,,,1.0,698,1,,,,,,,,0.2
1200080,baseline_harder,Baseline harder irregularity,0.2,1,full_data,Full data,0.0,0.0,1.0,2000,1,,,,,,,,0.2
1200080,baseline_harder,Baseline harder irregularity,0.2,1,mean_impute,Mean imputation,0.9133108247655122,0.7787980966210286,1.0,2000,1,,,,,,,,0.2
1200080,baseline_harder,Baseline harder irregularity,0.2,1,complete_case,Complete case,,,1.0,694,1,,,,,,,,0.2
1200081,baseline_harder,Baseline harder irregularity,0.2,1,full_data,Full data,0.0,0.0,1.0,2000,1,,,,,,,,0.2
1200081,baseline_harder,Baseline harder irregularity,0.2,1,mean_impute,Mean imputation,0.8986342764220403,0.7662430575014972,1.0,2000,1,,,,,,,,0.2
1200081,baseline_harder,Baseline harder irregularity,0.2,1,complete_case,Complete case,,,1.0,681,1,,,,,,,,0.2
1200082,baseline_harder,Baseline harder irregularity,0.2,1,full_data,Full data,0.0,0.0,1.0,2000,1,,,,,,,,0.2
1200082,baseline_harder,Baseline harder irregularity,0.2,1,mean_impute,Mean imputation,0.9678443583839972,0.8358091103194083,1.0,2000,1,,,,,,,,0.2
1200082,baseline_harder,Baseline harder irregularity,0.2,1,complete_case,Complete case,,,1.0,718,1,,,,,,,,0.2
1200083,baseline_harder,Baseline harder irregularity,0.2,1,full_data,Full data,0.0,0.0,1.0,2000,1,,,,,,,,0.2
1200083,baseline_harder,Baseline harder irregularity,0.2,1,mean_impute,Mean imputation,0.9314322736278176,0.79556032806204,1.0,2000,1,,,,,,,,0.2
1200083,baseline_harder,Baseline harder irregularity,0.2,1,complete_case,Complete case,,,1.0,733,1,,,,,,,,0.2
1200084,baseline_harder,Baseline harder irregularity,0.2,1,full_data,Full data,0.0,0.0,1.0,2000,1,,,,,,,,0.2
1200084,baseline_harder,Baseline harder irregularity,0.2,1,mean_impute,Mean imputation,0.9478449238418692,0.8013571900016889,1.0,2000,1,,,,,,,,0.2
1200084,baseline_harder,Baseline harder irregularity,0.2,1,complete_case,Complete case,,,1.0,704,1,,,,,,,,0.2
1200085,baseline_harder,Baseline harder irregularity,0.2,1,full_data,Full data,0.0,0.0,1.0,2000,1,,,,,,,,0.2
1200085,baseline_harder,Baseline harder irregularity,0.2,1,mean_impute,Mean imputation,0.9125039498976076,0.7883615800370126,1.0,2000,1,,,,,,,,0.2
1200085,baseline_harder,Baseline harder irregularity,0.2,1,complete_case,Complete case,,,1.0,690,1,,,,,,,,0.2
1200086,baseline_harder,Baseline harder irregularity,0.2,1,full_data,Full data,0.0,0.0,1.0,2000,1,,,,,,,,0.2
1200086,baseline_harder,Baseline harder irregularity,0.2,1,mean_impute,Mean imputation,0.947695732840104,0.7945433139140468,1.0,2000,1,,,,,,,,0.2
1200086,baseline_harder,Baseline harder irregularity,0.2,1,complete_case,Complete case,,,1.0,702,1,,,,,,,,0.2
1200087,baseline_harder,Baseline harder irregularity,0.2,1,full_data,Full data,0.0,0.0,1.0,2000,1,,,,,,,,0.2
1200087,baseline_harder,Baseline harder irregularity,0.2,1,mean_impute,Mean imputation,0.9559178727175618,0.8296961196749022,1.0,2000,1,,,,,,,,0.2
1200087,baseline_harder,Baseline harder irregularity,0.2,1,complete_case,Complete case,,,1.0,731,1,,,,,,,,0.2
1200088,baseline_harder,Baseline harder irregularity,0.2,1,full_data,Full data,0.0,0.0,1.0,2000,1,,,,,,,,0.2
1200088,baseline_harder,Baseline harder irregularity,0.2,1,mean_impute,Mean imputation,0.9247402690328198,0.7817443623585324,1.0,2000,1,,,,,,,,0.2
1200088,baseline_harder,Baseline harder irregularity,0.2,1,complete_case,Complete case,,,1.0,725,1,,,,,,,,0.2
1200089,baseline_harder,Baseline harder irregularity,0.2,1,full_data,Full data,0.0,0.0,1.0,2000,1,,,,,,,,0.2
1200089,baseline_harder,Baseline harder irregularity,0.2,1,mean_impute,Mean imputation,0.9627415304582652,0.8218100416999661,1.0,2000,1,,,,,,,,0.2
1200089,baseline_harder,Baseline harder irregularity,0.2,1,complete_case,Complete case,,,1.0,714,1,,,,,,,,0.2
1200090,baseline_harder,Baseline harder irregularity,0.2,1,full_data,Full data,0.0,0.0,1.0,2000,1,,,,,,,,0.2
1200090,baseline_harder,Baseline harder irregularity,0.2,1,mean_impute,Mean imputation,0.9338154780056372,0.7998014325613025,1.0,2000,1,,,,,,,,0.2
1200090,baseline_harder,Baseline harder irregularity,0.2,1,complete_case,Complete case,,,1.0,685,1,,,,,,,,0.2
1200091,baseline_harder,Baseline harder irregularity,0.2,1,full_data,Full data,0.0,0.0,1.0,2000,1,,,,,,,,0.2
1200091,baseline_harder,Baseline harder irregularity,0.2,1,mean_impute,Mean imputation,0.923020996685084,0.7703985565369527,1.0,2000,1,,,,,,,,0.2
1200091,baseline_harder,Baseline harder irregularity,0.2,1,complete_case,Complete case,,,1.0,713,1,,,,,,,,0.2
1200092,baseline_harder,Baseline harder irregularity,0.2,1,full_data,Full data,0.0,0.0,1.0,2000,1,,,,,,,,0.2
1200092,baseline_harder,Baseline harder irregularity,0.2,1,mean_impute,Mean imputation,0.9225523344151902,0.7943829632250314,1.0,2000,1,,,,,,,,0.2
1200092,baseline_harder,Baseline harder irregularity,0.2,1,complete_case,Complete case,,,1.0,680,1,,,,,,,,0.2
1200093,baseline_harder,Baseline harder irregularity,0.2,1,full_data,Full data,0.0,0.0,1.0,2000,1,,,,,,,,0.2
1200093,baseline_harder,Baseline harder irregularity,0.2,1,mean_impute,Mean imputation,0.918379080329371,0.7919358270881968,1.0,2000,1,,,,,,,,0.2
1200093,baseline_harder,Baseline harder irregularity,0.2,1,complete_case,Complete case,,,1.0,685,1,,,,,,,,0.2
1200094,baseline_harder,Baseline harder irregularity,0.2,1,full_data,Full data,0.0,0.0,1.0,2000,1,,,,,,,,0.2
1200094,baseline_harder,Baseline harder irregularity,0.2,1,mean_impute,Mean imputation,0.9219329793835224,0.7780121628012097,1.0,2000,1,,,,,,,,0.2
1200094,baseline_harder,Baseline harder irregularity,0.2,1,complete_case,Complete case,,,1.0,699,1,,,,,,,,0.2
1200095,baseline_harder,Baseline harder irregularity,0.2,1,full_data,Full data,0.0,0.0,1.0,2000,1,,,,,,,,0.2
1200095,baseline_harder,Baseline harder irregularity,0.2,1,mean_impute,Mean imputation,0.9327801263249318,0.7980379387733954,1.0,2000,1,,,,,,,,0.2
1200095,baseline_harder,Baseline harder irregularity,0.2,1,complete_case,Complete case,,,1.0,712,1,,,,,,,,0.2
1200096,baseline_harder,Baseline harder irregularity,0.2,1,full_data,Full data,0.0,0.0,1.0,2000,1,,,,,,,,0.2
1200096,baseline_harder,Baseline harder irregularity,0.2,1,mean_impute,Mean imputation,0.9447700502386872,0.7941263331664247,1.0,2000,1,,,,,,,,0.2
1200096,baseline_harder,Baseline harder irregularity,0.2,1,complete_case,Complete case,,,1.0,706,1,,,,,,,,0.2
1200097,baseline_harder,Baseline harder irregularity,0.2,1,full_data,Full data,0.0,0.0,1.0,2000,1,,,,,,,,0.2
1200097,baseline_harder,Baseline harder irregularity,0.2,1,mean_impute,Mean imputation,0.9333559776594966,0.7981598461991233,1.0,2000,1,,,,,,,,0.2
1200097,baseline_harder,Baseline harder irregularity,0.2,1,complete_case,Complete case,,,1.0,711,1,,,,,,,,0.2
1200098,baseline_harder,Baseline harder irregularity,0.2,1,full_data,Full data,0.0,0.0,1.0,2000,1,,,,,,,,0.2
1200098,baseline_harder,Baseline harder irregularity,0.2,1,mean_impute,Mean imputation,0.9682142099283914,0.8086541980134465,1.0,2000,1,,,,,,,,0.2
1200098,baseline_harder,Baseline harder irregularity,0.2,1,complete_case,Complete case,,,1.0,723,1,,,,,,,,0.2
1200099,baseline_harder,Baseline harder irregularity,0.2,1,full_data,Full data,0.0,0.0,1.0,2000,1,,,,,,,,0.2
1200099,baseline_harder,Baseline harder irregularity,0.2,1,mean_impute,Mean imputation,0.9555247469572284,0.8194138119095741,1.0,2000,1,,,,,,,,0.2
1200099,baseline_harder,Baseline harder irregularity,0.2,1,complete_case,Complete case,,,1.0,710,1,,,,,,,,0.2
1200000,baseline_harder,Baseline harder irregularity,0.4,50,brits_mi_refined,BRITS-MI,0.6251991391181946,0.715168668704867,1.0,2000,50,,0.7936511443849408,0.7479843701570388,0.5488311385411241,0.8269338565022422,1.9698173999786377,20.398442029953003,0.4
1200001,baseline_harder,Baseline harder irregularity,0.4,50,brits_mi_refined,BRITS-MI,0.6098604202270508,0.7136072283559992,1.0,2000,50,,0.8204731645204689,0.7756047209082925,0.5206788893323125,0.8667036934184948,2.153039932250977,19.083625078201297,0.4
1200002,baseline_harder,Baseline harder irregularity,0.4,50,brits_mi_refined,BRITS-MI,0.6135132908821106,0.7002488432199766,1.0,2000,50,,0.8244853997845893,0.8050216732918188,0.5169210233093944,0.8665292096219931,2.1493825912475586,21.827098846435547,0.4
1200003,baseline_harder,Baseline harder irregularity,0.4,50,brits_mi_refined,BRITS-MI,0.6187068819999695,0.724059136037043,1.0,2000,50,,0.7947407797946322,0.7285498072814718,0.5516655909346647,0.8523554456805383,2.1227564811706543,21.131026029586792,0.4
1200004,baseline_harder,Baseline harder irregularity,0.4,50,brits_mi_refined,BRITS-MI,0.6058167219161987,0.6993242657272769,1.0,2000,50,,0.8233550806570549,0.7750285954781024,0.5184183601675786,0.8412071640107178,1.9999207258224487,24.980052947998047,0.4
1200005,baseline_harder,Baseline harder irregularity,0.4,50,brits_mi_refined,BRITS-MI,0.6151156425476074,0.7145017967175958,1.0,2000,50,,0.8273525827431012,0.775775522440403,0.5134153888969601,0.8415634997913479,2.00669264793396,26.427523136138916,0.4
1200006,baseline_harder,Baseline harder irregularity,0.4,50,brits_mi_refined,BRITS-MI,0.62306147813797,0.7120139864213196,1.0,2000,50,,0.8004182706877463,0.7618327140848183,0.5428756543059587,0.8598130841121495,2.0677103996276855,20.83096289634705,0.4
1200007,baseline_harder,Baseline harder irregularity,0.4,50,brits_mi_refined,BRITS-MI,0.622429609298706,0.7212773856432281,1.0,2000,50,,0.819911897445746,0.7779447449863741,0.5250044866861968,0.8383349467570184,1.9947680234909055,20.98059391975403,0.4
1200008,baseline_harder,Baseline harder irregularity,0.4,50,brits_mi_refined,BRITS-MI,0.6052305698394775,0.6993220257835451,1.0,2000,50,,0.8231094441593431,0.7820938685512782,0.5179996884110335,0.8581053210504606,2.130939483642578,22.308927059173584,0.4
1200009,baseline_harder,Baseline harder irregularity,0.4,50,brits_mi_refined,BRITS-MI,0.6131002306938171,0.7029295021159149,1.0,2000,50,,0.8100111816476698,0.7626106216520901,0.5330439110422933,0.8421933863541231,1.986470103263855,21.55269503593445,0.4
1200010,baseline_harder,Baseline harder irregularity,0.4,50,brits_mi_refined,BRITS-MI,0.6052804589271545,0.705613396035152,1.0,2000,50,,0.8237560092338914,0.785307612924487,0.5156044258254053,0.8518980326960377,2.0483784675598145,22.180022954940796,0.4
1200011,baseline_harder,Baseline harder irregularity,0.4,50,brits_mi_refined,BRITS-MI,0.6090967059135437,0.6920947476098778,1.0,2000,50,,0.8139217106342455,0.7776956330824625,0.5312855690556557,0.8510521248796589,2.1179749965667725,21.17989706993103,0.4
1200012,baseline_harder,Baseline harder irregularity,0.4,50,brits_mi_refined,BRITS-MI,0.6132341623306274,0.7121387918644301,1.0,2000,50,,0.8263913297304009,0.7929331329518722,0.5138532723189401,0.8308925117435756,1.9636306762695312,22.43861484527588,0.4
1200013,baseline_harder,Baseline harder irregularity,0.4,50,brits_mi_refined,BRITS-MI,0.6167353391647339,0.7153036852895752,1.0,2000,50,,0.8273473953883858,0.7964217751245234,0.5120123458022772,0.8633575013943112,2.123784065246582,28.461738109588623,0.4
1200014,baseline_harder,Baseline harder irregularity,0.4,50,brits_mi_refined,BRITS-MI,0.6295958161354065,0.7179197849884397,1.0,2000,50,,0.8055109386033907,0.7463531598595798,0.5390935042933576,0.8522091722595079,2.083934545516968,25.44206690788269,0.4
1200015,baseline_harder,Baseline harder irregularity,0.4,50,brits_mi_refined,BRITS-MI,0.614837110042572,0.7016177411261134,1.0,2000,50,,0.8061069726998425,0.7664089629581239,0.5412437359661958,0.8472838137472284,2.0800986289978027,20.766890048980713,0.4
1200016,baseline_harder,Baseline harder irregularity,0.4,50,brits_mi_refined,BRITS-MI,0.6125808358192444,0.7039151195639202,1.0,2000,50,,0.814635271696883,0.7600946727135295,0.5269136975412878,0.8388973542041834,2.0116701126098633,23.248798847198486,0.4
1200017,baseline_harder,Baseline harder irregularity,0.4,50,brits_mi_refined,BRITS-MI,0.6163256168365479,0.7126993541986184,1.0,2000,50,,0.8196439651603501,0.7700159891338385,0.5194122669403257,0.8415786548082268,2.035769462585449,23.43524479866028,0.4
1200018,baseline_harder,Baseline harder irregularity,0.4,50,brits_mi_refined,BRITS-MI,0.6245176792144775,0.7363161658970062,1.0,2000,50,,0.8321481010278016,0.8033565413282561,0.5114905134005066,0.836526533425224,2.036735773086548,20.22369694709778,0.4
1200019,baseline_harder,Baseline harder irregularity,0.4,50,brits_mi_refined,BRITS-MI,0.6161714792251587,0.7157463920300771,1.0,2000,50,,0.8125995140158822,0.7581603888637274,0.5301192750566213,0.845715080690039,2.062009334564209,21.72571587562561,0.4
1200020,baseline_harder,Baseline harder irregularity,0.4,50,brits_mi_refined,BRITS-MI,0.6145884394645691,0.7140121372178325,1.0,2000,50,,0.8212997946447194,0.7940420738615028,0.5186969496684011,0.8384273409280356,2.0002424716949463,22.43649983406067,0.4
1200021,baseline_harder,Baseline harder irregularity,0.4,50,brits_mi_refined,BRITS-MI,0.61278235912323,0.7071778161799513,1.0,2000,50,,0.8151205698446851,0.7772067150760301,0.5335600255640137,0.8468959731543624,2.0625662803649902,23.34262013435364,0.4
1200022,baseline_harder,Baseline harder irregularity,0.4,50,brits_mi_refined,BRITS-MI,0.6078689098358154,0.6928673550343794,1.0,2000,50,,0.8204190272709814,0.7876780817228459,0.5180089142372897,0.8297518369610426,2.01385760307312,25.78392219543457,0.4
1200023,baseline_harder,Baseline harder irregularity,0.4,50,brits_mi_refined,BRITS-MI,0.6165074110031128,0.703815384246928,1.0,2000,50,,0.8342331559707026,0.7965349794257446,0.5039491516119552,0.8471195424745431,2.0102014541625977,25.201937198638916,0.4
1200024,baseline_harder,Baseline harder irregularity,0.4,50,brits_mi_refined,BRITS-MI,0.6198372840881348,0.7122661114823061,1.0,2000,50,,0.8244343492877511,0.7875077360421915,0.5205001991213907,0.8549511854951185,1.9930161237716677,24.24438977241516,0.4
1200025,baseline_harder,Baseline harder irregularity,0.4,50,brits_mi_refined,BRITS-MI,0.6220113635063171,0.7157928436128915,1.0,2000,50,,0.8249669471153847,0.7973992463496045,0.5148807374383232,0.8475862068965517,2.024447202682495,26.355700969696045,0.4
1200026,baseline_harder,Baseline harder irregularity,0.4,50,brits_mi_refined,BRITS-MI,0.6170862317085266,0.7172860602934986,1.0,2000,50,,0.8184674667554988,0.7864361958623619,0.5251377586090384,0.854977468250717,2.099451780319214,24.07405996322632,0.4
1200027,baseline_harder,Baseline harder irregularity,0.4,50,brits_mi_refined,BRITS-MI,0.6183655261993408,0.705225050313158,1.0,2000,50,,0.825380505148895,0.7879758743199673,0.5146681904438356,0.8483498120038991,2.064861536026001,26.703223705291748,0.4
1200028,baseline_harder,Baseline harder irregularity,0.4,50,brits_mi_refined,BRITS-MI,0.6181989312171936,0.7101615202470714,1.0,2000,50,,0.8393199569945963,0.8039145934325472,0.4973856316151532,0.8501524812863875,1.997162938117981,26.141955137252808,0.4
1200029,baseline_harder,Baseline harder irregularity,0.4,50,brits_mi_refined,BRITS-MI,0.6114252209663391,0.7072905119113809,1.0,2000,50,,0.8041675502862928,0.7765140325962918,0.5404029784866022,0.8568094453596925,2.1439566612243652,21.376884937286377,0.4
1200030,baseline_harder,Baseline harder irregularity,0.4,50,brits_mi_refined,BRITS-MI,0.6122512817382812,0.7107098680550646,1.0,2000,50,,0.8139263523108347,0.767842961756724,0.5292015595123466,0.8591549295774648,2.1001875400543213,22.12700605392456,0.4
1200031,baseline_harder,Baseline harder irregularity,0.4,50,brits_mi_refined,BRITS-MI,0.6192832589149475,0.7071227032044257,1.0,2000,50,,0.8183305629804127,0.7801394661872691,0.5215058215344511,0.8443585140174009,2.0887978076934814,23.71304297447205,0.4
1200032,baseline_harder,Baseline harder irregularity,0.4,50,brits_mi_refined,BRITS-MI,0.6074413061141968,0.6907135330526172,1.0,2000,50,,0.8235968453779023,0.793412129500741,0.521442104883652,0.8539761706844001,2.12908673286438,24.529397010803223,0.4
1200033,baseline_harder,Baseline harder irregularity,0.4,50,brits_mi_refined,BRITS-MI,0.6216717958450317,0.7132417058233665,1.0,2000,50,,0.8275897923562802,0.7728553195053203,0.5121484698837133,0.8332399103139013,1.9768273830413816,26.957794904708862,0.4
1200034,baseline_harder,Baseline harder irregularity,0.4,50,brits_mi_refined,BRITS-MI,0.6313787698745728,0.7273108841956732,1.0,2000,50,,0.838479185250669,0.8131857643028049,0.5004237852257328,0.8635174218427214,2.1489479541778564,30.060691118240356,0.4
1200035,baseline_harder,Baseline harder irregularity,0.4,50,brits_mi_refined,BRITS-MI,0.6123788952827454,0.6992394859696316,1.0,2000,50,,0.8308116731767694,0.7926622759922304,0.5079056781420113,0.8435355476255834,2.0343527793884277,24.08291983604431,0.4
1200036,baseline_harder,Baseline harder irregularity,0.4,50,brits_mi_refined,BRITS-MI,0.6159321069717407,0.704236754203986,1.0,2000,50,,0.8052791514627744,0.774789491034996,0.5347912521221901,0.8538019693654267,2.076646566390991,21.42862010002136,0.4
1200037,baseline_harder,Baseline harder irregularity,0.4,50,brits_mi_refined,BRITS-MI,0.6195968985557556,0.7042464982255139,1.0,2000,50,,0.8248240362961782,0.8002556859824377,0.5174319263683662,0.8554905239687849,2.1221745014190674,24.96988606452942,0.4
1200038,baseline_harder,Baseline harder irregularity,0.4,50,brits_mi_refined,BRITS-MI,0.6194530129432678,0.7171960497894542,1.0,2000,50,,0.8395485348095313,0.8083487998642623,0.4962358639718198,0.8436578171091446,2.0692272186279297,27.159358024597168,0.4
1200039,baseline_harder,Baseline harder irregularity,0.4,50,brits_mi_refined,BRITS-MI,0.6084805727005005,0.7019525106394028,1.0,2000,50,,0.7892852102026414,0.73358722284853,0.5514202974603941,0.858318226188816,2.0982494354248047,26.295005083084103,0.4
1200040,baseline_harder,Baseline harder irregularity,0.4,50,brits_mi_refined,BRITS-MI,0.6213818192481995,0.7103253081229997,1.0,2000,50,,0.8423608920928137,0.814362708178522,0.4919867087078091,0.8502681149456895,2.0181796550750732,29.72727108001709,0.4
1200041,baseline_harder,Baseline harder irregularity,0.4,50,brits_mi_refined,BRITS-MI,0.6159741878509521,0.7079746379165185,1.0,2000,50,,0.8180011280111714,0.7658288290073931,0.5243876984982915,0.8549735302312622,2.0539650917053223,22.7054603099823,0.4
1200042,baseline_harder,Baseline harder irregularity,0.4,50,brits_mi_refined,BRITS-MI,0.6064807176589966,0.695182088845301,1.0,2000,50,,0.8178619653487,0.7846168016630457,0.5251991015783136,0.8605661434977578,2.09316349029541,25.18773579597473,0.4
1200043,baseline_harder,Baseline harder irregularity,0.4,50,brits_mi_refined,BRITS-MI,0.6102206707000732,0.7046942553725773,1.0,2000,50,,0.8439694598442576,0.8130142465854076,0.4902694582650922,0.8447281713344317,2.050670623779297,26.765680074691772,0.4
1200044,baseline_harder,Baseline harder irregularity,0.4,50,brits_mi_refined,BRITS-MI,0.6048865914344788,0.7013792637862808,1.0,2000,50,,0.8360746077992836,0.7768031370546893,0.4992840688437227,0.8581404902095029,2.088106155395508,24.09805202484131,0.4
1200045,baseline_harder,Baseline harder irregularity,0.4,50,brits_mi_refined,BRITS-MI,0.6243888735771179,0.7234969235715809,1.0,2000,50,,0.8110246474781515,0.7821715484860365,0.5291858990550891,0.8665001387732445,2.120351552963257,25.56959104537964,0.4
1200046,baseline_harder,Baseline harder irregularity,0.4,50,brits_mi_refined,BRITS-MI,0.6211777925491333,0.7231673679007464,1.0,2000,50,,0.835142056822729,0.801020908451735,0.5070024203588406,0.8498393630395307,2.1047780513763428,23.631354808807373,0.4
1200047,baseline_harder,Baseline harder irregularity,0.4,50,brits_mi_refined,BRITS-MI,0.6084169149398804,0.7077588567252917,1.0,2000,50,,0.8170583289077712,0.758635620411068,0.5230556559593147,0.8501780334155026,2.050751209259033,29.18638515472412,0.4
1200048,baseline_harder,Baseline harder irregularity,0.4,50,brits_mi_refined,BRITS-MI,0.625737190246582,0.7121150785763766,1.0,2000,50,,0.8379366987179487,0.8073454154797349,0.5015117366447785,0.8433044450656975,2.059915542602539,24.20817518234253,0.4
1200049,baseline_harder,Baseline harder irregularity,0.4,50,brits_mi_refined,BRITS-MI,0.6134012341499329,0.6962129165522847,1.0,2000,50,,0.8102334942914392,0.7810651044285135,0.5325611675064694,0.8477279141970082,2.1173956394195557,19.395543098449707,0.4
1200050,baseline_harder,Baseline harder irregularity,0.4,50,brits_mi_refined,BRITS-MI,0.6177402138710022,0.711094455370196,1.0,2000,50,,0.8317619863512129,0.7931311050147509,0.5055735833599649,0.8272438990762443,2.0028607845306396,31.634063005447388,0.4
1200051,baseline_harder,Baseline harder irregularity,0.4,50,brits_mi_refined,BRITS-MI,0.6030715107917786,0.7003869440088742,1.0,2000,50,,0.8204681890162348,0.7852107375893094,0.5188415704389151,0.8664378860672615,2.1331632137298584,35.2664589881897,0.4
1200052,baseline_harder,Baseline harder irregularity,0.4,50,brits_mi_refined,BRITS-MI,0.6038047075271606,0.7053080782396521,1.0,2000,50,,0.8150153026797764,0.7642717547653126,0.5239988851880752,0.8567450925797021,2.0760982036590576,42.80543303489685,0.4
1200053,baseline_harder,Baseline harder irregularity,0.4,50,brits_mi_refined,BRITS-MI,0.619163453578949,0.7063128466238503,1.0,2000,50,,0.8240101455561982,0.7774903227459105,0.5122122964119549,0.8625295672742451,2.083153247833252,42.48426866531372,0.4
1200054,baseline_harder,Baseline harder irregularity,0.4,50,brits_mi_refined,BRITS-MI,0.6231269240379333,0.727307653770178,1.0,2000,50,,0.8090121070994175,0.7791986582210513,0.5364106510362878,0.8618176818369311,2.101246118545532,37.45251703262329,0.4
1200055,baseline_harder,Baseline harder irregularity,0.4,50,brits_mi_refined,BRITS-MI,0.6257166266441345,0.7240799380667896,1.0,2000,50,,0.8131586744826703,0.7766785273235651,0.5326167920048459,0.8347504114097641,2.0782265663146973,41.684284925460815,0.4
1200056,baseline_harder,Baseline harder irregularity,0.4,50,brits_mi_refined,BRITS-MI,0.6064494848251343,0.706260548903622,1.0,2000,50,,0.8033941010819623,0.7596270427225926,0.5387217913633897,0.8446383338024205,2.050755500793457,40.791893005371094,0.4
1200057,baseline_harder,Baseline harder irregularity,0.4,50,brits_mi_refined,BRITS-MI,0.6175066232681274,0.7083432719386368,1.0,2000,50,,0.801817847079918,0.7517171779912944,0.5422193770772888,0.8509689111947581,2.0856924057006836,43.3799569606781,0.4
1200058,baseline_harder,Baseline harder irregularity,0.4,50,brits_mi_refined,BRITS-MI,0.6068060398101807,0.7065281172225372,1.0,2000,50,,0.8196854965598366,0.7809322904037221,0.5226337725958453,0.8455555555555555,2.0499439239501953,46.471071004867554,0.4
1200059,baseline_harder,Baseline harder irregularity,0.4,50,brits_mi_refined,BRITS-MI,0.6101946234703064,0.7005589105366354,1.0,2000,50,,0.8361114015054041,0.7928284584565669,0.4981388519163072,0.8573608991258499,2.10335373878479,47.19193696975708,0.4
1200060,baseline_harder,Baseline harder irregularity,0.4,50,brits_mi_refined,BRITS-MI,0.6118277907371521,0.7174931611750862,1.0,2000,50,,0.8218230494236842,0.7859126490649018,0.5225378945188572,0.868363136176066,2.1509270668029785,41.660508155822754,0.4
1200061,baseline_harder,Baseline harder irregularity,0.4,50,brits_mi_refined,BRITS-MI,0.609944224357605,0.7146296105749258,1.0,2000,50,,0.8071484174238167,0.7536447726852356,0.5373030716120623,0.8467343578485181,2.0217835903167725,37.05115008354187,0.4
1200062,baseline_harder,Baseline harder irregularity,0.4,50,brits_mi_refined,BRITS-MI,0.6068121194839478,0.7095733440618465,1.0,2000,50,,0.8035472588816721,0.762568490635597,0.5383523629521799,0.8441106939229592,2.035573959350586,48.188636302948,0.4
1200063,baseline_harder,Baseline harder irregularity,0.4,50,brits_mi_refined,BRITS-MI,0.6191496253013611,0.7152962579325187,1.0,2000,50,,0.8280847894826929,0.7919749890034913,0.5131164246047036,0.8427620632279534,2.0979115962982178,46.529138803482056,0.4
1200064,baseline_harder,Baseline harder irregularity,0.4,50,brits_mi_refined,BRITS-MI,0.6104567050933838,0.7048443358344013,1.0,2000,50,,0.8356979386723,0.8108742732095744,0.5029756901668936,0.8433618548164504,2.075589895248413,41.16025996208191,0.4
1200065,baseline_harder,Baseline harder irregularity,0.4,50,brits_mi_refined,BRITS-MI,0.6217028498649597,0.7175511585494212,1.0,2000,50,,0.8122796992481203,0.7706474727961717,0.5302907993880349,0.8751727951340891,2.205458402633667,44.01428198814392,0.4
1200066,baseline_harder,Baseline harder irregularity,0.4,50,brits_mi_refined,BRITS-MI,0.6097898483276367,0.7019541406953119,1.0,2000,50,,0.8183141405043746,0.757244692176317,0.5208592107134066,0.8814547473625763,2.1960530281066895,36.98260116577149,0.4
1200067,baseline_harder,Baseline harder irregularity,0.4,50,brits_mi_refined,BRITS-MI,0.5928707718849182,0.6807918226442056,1.0,2000,50,,0.827236458647372,0.7889202681604423,0.5126220699192089,0.8645715896279594,2.1595659255981445,43.107287883758545,0.4
1200068,baseline_harder,Baseline harder irregularity,0.4,50,brits_mi_refined,BRITS-MI,0.6057562232017517,0.7012139537096275,1.0,2000,50,,0.815379632758815,0.7662347669159136,0.5271807593645389,0.8551434569629112,2.053273916244507,42.87024402618408,0.4
1200069,baseline_harder,Baseline harder irregularity,0.4,50,brits_mi_refined,BRITS-MI,0.6172820329666138,0.7163040169303073,1.0,2000,50,,0.8094571089629523,0.7646892976629329,0.5326805308156592,0.8544692737430167,2.059178352355957,32.88701796531677,0.4
1200070,baseline_harder,Baseline harder irregularity,0.4,50,brits_mi_refined,BRITS-MI,0.6227036118507385,0.7115264811487285,1.0,2000,50,,0.8105427262396652,0.7630553395009763,0.5317130886231656,0.8383557839189002,2.002760887145996,40.84207725524902,0.4
1200071,baseline_harder,Baseline harder irregularity,0.4,50,brits_mi_refined,BRITS-MI,0.6027548909187317,0.7028804265300392,1.0,2000,50,,0.8125922894196199,0.7498437868401971,0.5292866113647776,0.8576118178087813,2.0815696716308594,46.788291931152344,0.4
1200072,baseline_harder,Baseline harder irregularity,0.4,50,brits_mi_refined,BRITS-MI,0.597645103931427,0.6988447028265181,1.0,2000,50,,0.8289772106583443,0.7801338184123277,0.5091094783549546,0.8585774058577406,2.1599695682525635,39.782251834869385,0.4
1200073,baseline_harder,Baseline harder irregularity,0.4,50,brits_mi_refined,BRITS-MI,0.6000751256942749,0.7023880731687945,1.0,2000,50,,0.8232626916715724,0.7847041935512054,0.5164960545198032,0.861440794921336,2.0798230171203613,42.63102412223816,0.4
1200074,baseline_harder,Baseline harder irregularity,0.4,50,brits_mi_refined,BRITS-MI,0.6178027391433716,0.7169198418988371,1.0,2000,50,,0.8212141407591531,0.8037925756912735,0.5213174538303975,0.8533700137551582,2.0801303386688232,39.56994104385376,0.4
1200075,baseline_harder,Baseline harder irregularity,0.4,50,brits_mi_refined,BRITS-MI,0.6192151308059692,0.7094851673486304,1.0,2000,50,,0.8125423735613049,0.769129331378491,0.5294345961571678,0.8527392461818691,2.0937795639038086,37.39692187309265,0.4
1200076,baseline_harder,Baseline harder irregularity,0.4,50,brits_mi_refined,BRITS-MI,0.6150116324424744,0.7111069534586515,1.0,2000,50,,0.814758149226838,0.7597295498315435,0.5316336050226633,0.8383698364291655,2.0630576610565186,35.09069013595581,0.4
1200077,baseline_harder,Baseline harder irregularity,0.4,50,brits_mi_refined,BRITS-MI,0.6276642680168152,0.7320816079702644,1.0,2000,50,,0.8319235212013285,0.7804277923146703,0.506750622703503,0.845431962462048,2.019615411758423,44.338871717453,0.4
1200078,baseline_harder,Baseline harder irregularity,0.4,50,brits_mi_refined,BRITS-MI,0.626930296421051,0.7203103090157645,1.0,2000,50,,0.8204255319148936,0.7748612428103031,0.5219993553325187,0.8484933035714286,2.083263397216797,32.84846091270447,0.4
1200079,baseline_harder,Baseline harder irregularity,0.4,50,brits_mi_refined,BRITS-MI,0.6147080659866333,0.6971500408384154,1.0,2000,50,,0.8076649098163511,0.7668863722645184,0.5381147417315676,0.8453956631934666,2.063416004180908,32.67487907409668,0.4
1200080,baseline_harder,Baseline harder irregularity,0.4,50,brits_mi_refined,BRITS-MI,0.6105010509490967,0.7045244005634761,1.0,2000,50,,0.8098239973347221,0.7726901395049726,0.5329251134641431,0.836381135707411,1.9825712442398071,43.02031087875366,0.4
1200081,baseline_harder,Baseline harder irregularity,0.4,50,brits_mi_refined,BRITS-MI,0.6061878204345703,0.7058849117560121,1.0,2000,50,,0.7862492260263215,0.7635196581656702,0.5550144602415298,0.8567715458276334,2.098910331726074,36.24683213233948,0.4
1200082,baseline_harder,Baseline harder irregularity,0.4,50,brits_mi_refined,BRITS-MI,0.62449049949646,0.7132456205442327,1.0,2000,50,,0.8352315351565164,0.7992761012585079,0.4989734843737617,0.8433446136491822,2.1147654056549072,30.395055770874023,0.4
1200083,baseline_harder,Baseline harder irregularity,0.4,50,brits_mi_refined,BRITS-MI,0.6165795922279358,0.7244676205286432,1.0,2000,50,,0.8329721301458872,0.7740978802034834,0.5088867693297838,0.8606476938174681,2.1536197662353516,30.257914066314697,0.4
1200084,baseline_harder,Baseline harder irregularity,0.4,50,brits_mi_refined,BRITS-MI,0.6165999174118042,0.7125184216236632,1.0,2000,50,,0.7914944522474736,0.7239905086898705,0.5472772161147181,0.8406662040249826,2.0264358520507812,27.267422914505005,0.4
1200085,baseline_harder,Baseline harder irregularity,0.4,50,brits_mi_refined,BRITS-MI,0.6090086698532104,0.705535684447982,1.0,2000,50,,0.7988262798033658,0.7560946766630007,0.5432851239312732,0.8435298991851954,2.034440755844116,28.71144413948059,0.4
1200086,baseline_harder,Baseline harder irregularity,0.4,50,brits_mi_refined,BRITS-MI,0.6089838147163391,0.700274392213468,1.0,2000,50,,0.8202835575331437,0.7794660604969054,0.5219249494053525,0.8738876529477196,2.144658327102661,28.709897994995117,0.4
1200087,baseline_harder,Baseline harder irregularity,0.4,50,brits_mi_refined,BRITS-MI,0.6120796799659729,0.7275819315085067,1.0,2000,50,,0.8194636203922699,0.7828653313351468,0.5230535881024156,0.8317120622568094,1.926806926727295,29.076138973236084,0.4
1200088,baseline_harder,Baseline harder irregularity,0.4,50,brits_mi_refined,BRITS-MI,0.6000279188156128,0.6885054782843005,1.0,2000,50,,0.8258205150531598,0.8005228035526664,0.5102770396297698,0.8753984753984754,2.134793996810913,31.846839666366577,0.4
1200089,baseline_harder,Baseline harder irregularity,0.4,50,brits_mi_refined,BRITS-MI,0.6092615127563477,0.702321672331331,1.0,2000,50,,0.8212030498388048,0.796038545172295,0.5212965168144068,0.8621173827576524,2.124034881591797,31.270599842071533,0.4
1200090,baseline_harder,Baseline harder irregularity,0.4,50,brits_mi_refined,BRITS-MI,0.6163360476493835,0.7112673992019223,1.0,2000,50,,0.8320522941546198,0.7925935259857053,0.5041711747660689,0.8365451268542908,2.014458417892456,32.23425006866455,0.4
1200091,baseline_harder,Baseline harder irregularity,0.4,50,brits_mi_refined,BRITS-MI,0.613414466381073,0.7071464826380393,1.0,2000,50,,0.8166918166918167,0.7958734421650487,0.5294985587766309,0.8220140515222483,1.91999089717865,28.43269109725952,0.4
1200092,baseline_harder,Baseline harder irregularity,0.4,50,brits_mi_refined,BRITS-MI,0.6035603880882263,0.6959001241615859,1.0,2000,50,,0.8150244784213301,0.7609060458435214,0.5236544714150231,0.8439112846980052,2.032113552093506,34.42578911781311,0.4
1200093,baseline_harder,Baseline harder irregularity,0.4,50,brits_mi_refined,BRITS-MI,0.6104946136474609,0.7133324986463272,1.0,2000,50,,0.8204109896541081,0.7978753849729867,0.5245760990827291,0.8652313714525374,2.0950262546539307,30.290672779083252,0.4
1200094,baseline_harder,Baseline harder irregularity,0.4,50,brits_mi_refined,BRITS-MI,0.6084427237510681,0.6968394966694266,1.0,2000,50,,0.8147448224368283,0.7493643351422762,0.5281703839723317,0.87248322147651,2.163181781768799,28.69782018661499,0.4
1200095,baseline_harder,Baseline harder irregularity,0.4,50,brits_mi_refined,BRITS-MI,0.6221309900283813,0.7171297670840958,1.0,2000,50,,0.8186335141609201,0.7677127712575216,0.5240074292122187,0.841064215071737,2.0417888164520264,31.330512762069706,0.4
1200096,baseline_harder,Baseline harder irregularity,0.4,50,brits_mi_refined,BRITS-MI,0.6139990091323853,0.7032576240728599,1.0,2000,50,,0.8110325397492385,0.7761849365254161,0.5332952088866363,0.8643223037519037,2.1485884189605713,24.66171884536743,0.4
1200097,baseline_harder,Baseline harder irregularity,0.4,50,brits_mi_refined,BRITS-MI,0.6119768023490906,0.7131087086826727,1.0,2000,50,,0.8130274388773691,0.7524467883218686,0.528970519201975,0.8737045737183916,2.174339056015014,30.750022888183594,0.4
1200098,baseline_harder,Baseline harder irregularity,0.4,50,brits_mi_refined,BRITS-MI,0.626935601234436,0.7192535957252861,1.0,2000,50,,0.8341210742631379,0.8135172285955736,0.5063223575380854,0.8488307349665924,2.0715508460998535,26.485394954681396,0.4
1200099,baseline_harder,Baseline harder irregularity,0.4,50,brits_mi_refined,BRITS-MI,0.6278039216995239,0.7161807833127481,1.0,2000,50,,0.8018540985969633,0.7543406888378856,0.5430115200995765,0.8293496386881601,1.9302961826324463,27.488429069519043,0.4
1200000,baseline_harder,Baseline harder irregularity,0.4,50,mice,MICE,0.7209046409013402,0.8405956915708145,1.0,2000,50,,,,,,,,0.4
1200001,baseline_harder,Baseline harder irregularity,0.4,50,mice,MICE,0.6807471887651537,0.8039794786033658,1.0,2000,50,,,,,,,,0.4
1200002,baseline_harder,Baseline harder irregularity,0.4,50,mice,MICE,0.7780212388021251,0.87190694566081,1.0,2000,50,,,,,,,,0.4
1200003,baseline_harder,Baseline harder irregularity,0.4,50,mice,MICE,0.729987215340405,0.8005382297458977,1.0,2000,50,,,,,,,,0.4
1200004,baseline_harder,Baseline harder irregularity,0.4,50,mice,MICE,0.659488931050512,0.7367455872200462,1.0,2000,50,,,,,,,,0.4
1200005,baseline_harder,Baseline harder irregularity,0.4,50,mice,MICE,0.6426878554071419,0.7412320297720952,1.0,2000,50,,,,,,,,0.4
1200006,baseline_harder,Baseline harder irregularity,0.4,50,mice,MICE,0.6858962058591984,0.8138155890829288,1.0,2000,50,,,,,,,,0.4
1200007,baseline_harder,Baseline harder irregularity,0.4,50,mice,MICE,0.7311244650165934,0.8824033396985907,1.0,2000,50,,,,,,,,0.4
1200008,baseline_harder,Baseline harder irregularity,0.4,50,mice,MICE,0.7693042797599302,0.9111712089136588,1.0,2000,50,,,,,,,,0.4
1200009,baseline_harder,Baseline harder irregularity,0.4,50,mice,MICE,0.7251748481668995,0.830709383379012,1.0,2000,50,,,,,,,,0.4
1200010,baseline_harder,Baseline harder irregularity,0.4,50,mice,MICE,0.7447922130189844,0.8979932185832452,1.0,2000,50,,,,,,,,0.4
1200011,baseline_harder,Baseline harder irregularity,0.4,50,mice,MICE,0.7278197769416497,0.8491588945825764,1.0,2000,50,,,,,,,,0.4
1200012,baseline_harder,Baseline harder irregularity,0.4,50,mice,MICE,0.7200325381244911,0.8319239488533815,1.0,2000,50,,,,,,,,0.4
1200013,baseline_harder,Baseline harder irregularity,0.4,50,mice,MICE,0.7804690881871698,0.9363774480506616,1.0,2000,50,,,,,,,,0.4
1200014,baseline_harder,Baseline harder irregularity,0.4,50,mice,MICE,0.7198257262085094,0.8431558542469635,1.0,2000,50,,,,,,,,0.4
1200015,baseline_harder,Baseline harder irregularity,0.4,50,mice,MICE,0.7239057753493382,0.8661558764834837,1.0,2000,50,,,,,,,,0.4
1200016,baseline_harder,Baseline harder irregularity,0.4,50,mice,MICE,0.7117682957214235,0.843397276420606,1.0,2000,50,,,,,,,,0.4
1200017,baseline_harder,Baseline harder irregularity,0.4,50,mice,MICE,0.6635231834376392,0.730930295591555,1.0,2000,50,,,,,,,,0.4
1200018,baseline_harder,Baseline harder irregularity,0.4,50,mice,MICE,0.7487899043865943,0.8829709874317195,1.0,2000,50,,,,,,,,0.4
1200019,baseline_harder,Baseline harder irregularity,0.4,50,mice,MICE,0.7547062375021968,0.881959617943331,1.0,2000,50,,,,,,,,0.4
1200020,baseline_harder,Baseline harder irregularity,0.4,50,mice,MICE,0.6870527276024302,0.8151733974291872,1.0,2000,50,,,,,,,,0.4
1200021,baseline_harder,Baseline harder irregularity,0.4,50,mice,MICE,0.6910945433355269,0.793003407756285,1.0,2000,50,,,,,,,,0.4
1200022,baseline_harder,Baseline harder irregularity,0.4,50,mice,MICE,0.7156913867414918,0.8295860020920676,1.0,2000,50,,,,,,,,0.4
1200023,baseline_harder,Baseline harder irregularity,0.4,50,mice,MICE,0.7153675755912966,0.8123094349098937,1.0,2000,50,,,,,,,,0.4
1200024,baseline_harder,Baseline harder irregularity,0.4,50,mice,MICE,0.6870085969343982,0.7945852095032943,1.0,2000,50,,,,,,,,0.4
1200025,baseline_harder,Baseline harder irregularity,0.4,50,mice,MICE,0.7488068434146868,0.9036324710572552,1.0,2000,50,,,,,,,,0.4
1200026,baseline_harder,Baseline harder irregularity,0.4,50,mice,MICE,0.6768457321272271,0.7497439822288068,1.0,2000,50,,,,,,,,0.4
1200027,baseline_harder,Baseline harder irregularity,0.4,50,mice,MICE,0.7458219708823649,0.8792516397771879,1.0,2000,50,,,,,,,,0.4
1200028,baseline_harder,Baseline harder irregularity,0.4,50,mice,MICE,0.6841837651899109,0.772249534657701,1.0,2000,50,,,,,,,,0.4
1200029,baseline_harder,Baseline harder irregularity,0.4,50,mice,MICE,0.6655160666885204,0.7231898429772082,1.0,2000,50,,,,,,,,0.4
1200030,baseline_harder,Baseline harder irregularity,0.4,50,mice,MICE,0.6812337690178972,0.7988663821173208,1.0,2000,50,,,,,,,,0.4
1200031,baseline_harder,Baseline harder irregularity,0.4,50,mice,MICE,0.7659261775140508,0.8617090536266564,1.0,2000,50,,,,,,,,0.4
1200032,baseline_harder,Baseline harder irregularity,0.4,50,mice,MICE,0.6146106069833959,0.6997953705507706,1.0,2000,50,,,,,,,,0.4
1200033,baseline_harder,Baseline harder irregularity,0.4,50,mice,MICE,0.7405009830856468,0.8718007823668873,1.0,2000,50,,,,,,,,0.4
1200034,baseline_harder,Baseline harder irregularity,0.4,50,mice,MICE,0.7143738423223861,0.8161350638682927,1.0,2000,50,,,,,,,,0.4
1200035,baseline_harder,Baseline harder irregularity,0.4,50,mice,MICE,0.6933765173687453,0.7829494069062854,1.0,2000,50,,,,,,,,0.4
1200036,baseline_harder,Baseline harder irregularity,0.4,50,mice,MICE,0.7015888709543696,0.8218356722590913,1.0,2000,50,,,,,,,,0.4
1200037,baseline_harder,Baseline harder irregularity,0.4,50,mice,MICE,0.7293585893443959,0.821146024114033,1.0,2000,50,,,,,,,,0.4
1200038,baseline_harder,Baseline harder irregularity,0.4,50,mice,MICE,0.7906843136402011,0.9705802196875482,1.0,2000,50,,,,,,,,0.4
1200039,baseline_harder,Baseline harder irregularity,0.4,50,mice,MICE,0.7268209190280989,0.8641231447146694,1.0,2000,50,,,,,,,,0.4
1200040,baseline_harder,Baseline harder irregularity,0.4,50,mice,MICE,0.6692168115462823,0.751732577993409,1.0,2000,50,,,,,,,,0.4
1200041,baseline_harder,Baseline harder irregularity,0.4,50,mice,MICE,0.646997774607147,0.7077545155839893,1.0,2000,50,,,,,,,,0.4
1200042,baseline_harder,Baseline harder irregularity,0.4,50,mice,MICE,0.6710711052165307,0.7358363054257888,1.0,2000,50,,,,,,,,0.4
1200043,baseline_harder,Baseline harder irregularity,0.4,50,mice,MICE,0.7394287350337919,0.8886512740675178,1.0,2000,50,,,,,,,,0.4
1200044,baseline_harder,Baseline harder irregularity,0.4,50,mice,MICE,0.7760094836399906,0.9106318533309492,1.0,2000,50,,,,,,,,0.4
1200045,baseline_harder,Baseline harder irregularity,0.4,50,mice,MICE,0.7781055471847124,0.9407347672140268,1.0,2000,50,,,,,,,,0.4
1200046,baseline_harder,Baseline harder irregularity,0.4,50,mice,MICE,0.7916593375739494,0.9371038297640406,1.0,2000,50,,,,,,,,0.4
1200047,baseline_harder,Baseline harder irregularity,0.4,50,mice,MICE,0.6840329798194119,0.7691609725057172,1.0,2000,50,,,,,,,,0.4
1200048,baseline_harder,Baseline harder irregularity,0.4,50,mice,MICE,0.7292670636367377,0.8703909820076619,1.0,2000,50,,,,,,,,0.4
1200049,baseline_harder,Baseline harder irregularity,0.4,50,mice,MICE,0.700106887245002,0.7925253230091664,1.0,2000,50,,,,,,,,0.4
1200050,baseline_harder,Baseline harder irregularity,0.4,50,mice,MICE,0.7020656273126398,0.7840864070448981,1.0,2000,50,,,,,,,,0.4
1200051,baseline_harder,Baseline harder irregularity,0.4,50,mice,MICE,0.6927945279301434,0.8227933608301558,1.0,2000,50,,,,,,,,0.4
1200052,baseline_harder,Baseline harder irregularity,0.4,50,mice,MICE,0.7132077276125987,0.7839375002086524,1.0,2000,50,,,,,,,,0.4
1200053,baseline_harder,Baseline harder irregularity,0.4,50,mice,MICE,0.6984790330617273,0.7591783430850699,1.0,2000,50,,,,,,,,0.4
1200054,baseline_harder,Baseline harder irregularity,0.4,50,mice,MICE,0.6358261660792309,0.7312674068263723,1.0,2000,50,,,,,,,,0.4
1200055,baseline_harder,Baseline harder irregularity,0.4,50,mice,MICE,0.7273855185094205,0.8332899497936193,1.0,2000,50,,,,,,,,0.4
1200056,baseline_harder,Baseline harder irregularity,0.4,50,mice,MICE,0.6726534354738952,0.7729653117929111,1.0,2000,50,,,,,,,,0.4
1200057,baseline_harder,Baseline harder irregularity,0.4,50,mice,MICE,0.6723248038724908,0.7464208847497208,1.0,2000,50,,,,,,,,0.4
1200058,baseline_harder,Baseline harder irregularity,0.4,50,mice,MICE,0.7040612580568311,0.7588481095065422,1.0,2000,50,,,,,,,,0.4
1200059,baseline_harder,Baseline harder irregularity,0.4,50,mice,MICE,0.6770665797220426,0.7832217087275317,1.0,2000,50,,,,,,,,0.4
1200060,baseline_harder,Baseline harder irregularity,0.4,50,mice,MICE,0.6559724296597933,0.7582585178994542,1.0,2000,50,,,,,,,,0.4
1200061,baseline_harder,Baseline harder irregularity,0.4,50,mice,MICE,0.6982632288706779,0.8153627348065461,1.0,2000,50,,,,,,,,0.4
1200062,baseline_harder,Baseline harder irregularity,0.4,50,mice,MICE,0.7038769647934501,0.8425031205348845,1.0,2000,50,,,,,,,,0.4
1200063,baseline_harder,Baseline harder irregularity,0.4,50,mice,MICE,0.7420006382756081,0.8867795615404598,1.0,2000,50,,,,,,,,0.4
1200064,baseline_harder,Baseline harder irregularity,0.4,50,mice,MICE,0.7283883133103043,0.8487345331113244,1.0,2000,50,,,,,,,,0.4
1200065,baseline_harder,Baseline harder irregularity,0.4,50,mice,MICE,0.6809769157345289,0.8083919663407374,1.0,2000,50,,,,,,,,0.4
1200066,baseline_harder,Baseline harder irregularity,0.4,50,mice,MICE,0.7189135371535689,0.828565599242003,1.0,2000,50,,,,,,,,0.4
1200067,baseline_harder,Baseline harder irregularity,0.4,50,mice,MICE,0.7248397913493599,0.8643023835511116,1.0,2000,50,,,,,,,,0.4
1200068,baseline_harder,Baseline harder irregularity,0.4,50,mice,MICE,0.6861908153507577,0.7774239329080529,1.0,2000,50,,,,,,,,0.4
1200069,baseline_harder,Baseline harder irregularity,0.4,50,mice,MICE,0.752019584892129,0.905421647078432,1.0,2000,50,,,,,,,,0.4
1200070,baseline_harder,Baseline harder irregularity,0.4,50,mice,MICE,0.7338789243926999,0.8837268692928166,1.0,2000,50,,,,,,,,0.4
1200071,baseline_harder,Baseline harder irregularity,0.4,50,mice,MICE,0.7009889258733006,0.808607286362312,1.0,2000,50,,,,,,,,0.4
1200072,baseline_harder,Baseline harder irregularity,0.4,50,mice,MICE,0.7040513382258375,0.7695486129334724,1.0,2000,50,,,,,,,,0.4
1200073,baseline_harder,Baseline harder irregularity,0.4,50,mice,MICE,0.6779831758104806,0.7966273443055335,1.0,2000,50,,,,,,,,0.4
1200074,baseline_harder,Baseline harder irregularity,0.4,50,mice,MICE,0.6840644089581739,0.8175282245971857,1.0,2000,50,,,,,,,,0.4
1200075,baseline_harder,Baseline harder irregularity,0.4,50,mice,MICE,0.6749885455543614,0.7851739429751072,1.0,2000,50,,,,,,,,0.4
1200076,baseline_harder,Baseline harder irregularity,0.4,50,mice,MICE,0.7258040430283671,0.8433781201342943,1.0,2000,50,,,,,,,,0.4
1200077,baseline_harder,Baseline harder irregularity,0.4,50,mice,MICE,0.6579340627312659,0.7494645690001177,1.0,2000,50,,,,,,,,0.4
1200078,baseline_harder,Baseline harder irregularity,0.4,50,mice,MICE,0.7012514991778838,0.7893243909140364,1.0,2000,50,,,,,,,,0.4
1200079,baseline_harder,Baseline harder irregularity,0.4,50,mice,MICE,0.6812189714715403,0.7831732453883177,1.0,2000,50,,,,,,,,0.4
1200080,baseline_harder,Baseline harder irregularity,0.4,50,mice,MICE,0.7655152414945807,0.891755023685254,1.0,2000,50,,,,,,,,0.4
1200081,baseline_harder,Baseline harder irregularity,0.4,50,mice,MICE,0.7572272504203029,0.8866157264212241,1.0,2000,50,,,,,,,,0.4
1200082,baseline_harder,Baseline harder irregularity,0.4,50,mice,MICE,0.7335165642273795,0.8677303822253172,1.0,2000,50,,,,,,,,0.4
1200083,baseline_harder,Baseline harder irregularity,0.4,50,mice,MICE,0.7158765199957868,0.805382099725749,1.0,2000,50,,,,,,,,0.4
1200084,baseline_harder,Baseline harder irregularity,0.4,50,mice,MICE,0.7241950793442274,0.8420240503205628,1.0,2000,50,,,,,,,,0.4
1200085,baseline_harder,Baseline harder irregularity,0.4,50,mice,MICE,0.6402737982750588,0.7452887965050606,1.0,2000,50,,,,,,,,0.4
1200086,baseline_harder,Baseline harder irregularity,0.4,50,mice,MICE,0.6747256357892419,0.8180025801461037,1.0,2000,50,,,,,,,,0.4
1200087,baseline_harder,Baseline harder irregularity,0.4,50,mice,MICE,0.7651622621004621,0.9560218069182396,1.0,2000,50,,,,,,,,0.4
1200088,baseline_harder,Baseline harder irregularity,0.4,50,mice,MICE,0.7702177062976849,0.9223305067377648,1.0,2000,50,,,,,,,,0.4
1200089,baseline_harder,Baseline harder irregularity,0.4,50,mice,MICE,0.7564816958408686,0.8789386988907426,1.0,2000,50,,,,,,,,0.4
1200090,baseline_harder,Baseline harder irregularity,0.4,50,mice,MICE,0.6641007364752678,0.7725931732593628,1.0,2000,50,,,,,,,,0.4
1200091,baseline_harder,Baseline harder irregularity,0.4,50,mice,MICE,0.7208308791228877,0.8080760862479665,1.0,2000,50,,,,,,,,0.4
1200092,baseline_harder,Baseline harder irregularity,0.4,50,mice,MICE,0.7387051433829884,0.8374498662139825,1.0,2000,50,,,,,,,,0.4
1200093,baseline_harder,Baseline harder irregularity,0.4,50,mice,MICE,0.6738546784782447,0.7984189264344412,1.0,2000,50,,,,,,,,0.4
1200094,baseline_harder,Baseline harder irregularity,0.4,50,mice,MICE,0.6815798304596631,0.8113466059138666,1.0,2000,50,,,,,,,,0.4
1200095,baseline_harder,Baseline harder irregularity,0.4,50,mice,MICE,0.7066815990826942,0.8163902097071452,1.0,2000,50,,,,,,,,0.4
1200096,baseline_harder,Baseline harder irregularity,0.4,50,mice,MICE,0.8342658706113607,0.9619577827062764,1.0,2000,50,,,,,,,,0.4
1200097,baseline_harder,Baseline harder irregularity,0.4,50,mice,MICE,0.7870257689619938,0.9079098070856731,1.0,2000,50,,,,,,,,0.4
1200098,baseline_harder,Baseline harder irregularity,0.4,50,mice,MICE,0.6842369040429745,0.8167210659597612,1.0,2000,50,,,,,,,,0.4
1200099,baseline_harder,Baseline harder irregularity,0.4,50,mice,MICE,0.6948225678541082,0.7631391586184717,1.0,2000,50,,,,,,,,0.4
1200000,baseline_harder,Baseline harder irregularity,0.4,1,full_data,Full data,0.0,0.0,1.0,2000,1,,,,,,,,0.4
1200000,baseline_harder,Baseline harder irregularity,0.4,1,mean_impute,Mean imputation,0.8980967050585782,1.044325883327756,1.0,2000,1,,,,,,,,0.4
1200000,baseline_harder,Baseline harder irregularity,0.4,1,complete_case,Complete case,,,1.0,220,1,,,,,,,,0.4
1200001,baseline_harder,Baseline harder irregularity,0.4,1,full_data,Full data,0.0,0.0,1.0,2000,1,,,,,,,,0.4
1200001,baseline_harder,Baseline harder irregularity,0.4,1,mean_impute,Mean imputation,0.8990777825860404,1.054413273265962,1.0,2000,1,,,,,,,,0.4
1200002,baseline_harder,Baseline harder irregularity,0.4,1,full_data,Full data,0.0,0.0,1.0,2000,1,,,,,,,,0.4
1200002,baseline_harder,Baseline harder irregularity,0.4,1,mean_impute,Mean imputation,0.8930627926181672,1.0436444834794711,1.0,2000,1,,,,,,,,0.4
1200003,baseline_harder,Baseline harder irregularity,0.4,1,full_data,Full data,0.0,0.0,1.0,2000,1,,,,,,,,0.4
1200003,baseline_harder,Baseline harder irregularity,0.4,1,mean_impute,Mean imputation,0.9120144218516762,1.0600522733171032,1.0,2000,1,,,,,,,,0.4
1200004,baseline_harder,Baseline harder irregularity,0.4,1,full_data,Full data,0.0,0.0,1.0,2000,1,,,,,,,,0.4
1200004,baseline_harder,Baseline harder irregularity,0.4,1,mean_impute,Mean imputation,0.90561614279775,1.057288553592399,1.0,2000,1,,,,,,,,0.4
1200004,baseline_harder,Baseline harder irregularity,0.4,1,complete_case,Complete case,,,1.0,251,1,,,,,,,,0.4
1200005,baseline_harder,Baseline harder irregularity,0.4,1,full_data,Full data,0.0,0.0,1.0,2000,1,,,,,,,,0.4
1200005,baseline_harder,Baseline harder irregularity,0.4,1,mean_impute,Mean imputation,0.920157200600418,1.0735421916639063,1.0,2000,1,,,,,,,,0.4
1200005,baseline_harder,Baseline harder irregularity,0.4,1,complete_case,Complete case,,,1.0,219,1,,,,,,,,0.4
1200006,baseline_harder,Baseline harder irregularity,0.4,1,full_data,Full data,0.0,0.0,1.0,2000,1,,,,,,,,0.4
1200006,baseline_harder,Baseline harder irregularity,0.4,1,mean_impute,Mean imputation,0.8856789464197413,1.040056434617679,1.0,2000,1,,,,,,,,0.4
1200007,baseline_harder,Baseline harder irregularity,0.4,1,full_data,Full data,0.0,0.0,1.0,2000,1,,,,,,,,0.4
1200007,baseline_harder,Baseline harder irregularity,0.4,1,mean_impute,Mean imputation,0.9275739387402898,1.07607470486564,1.0,2000,1,,,,,,,,0.4
1200007,baseline_harder,Baseline harder irregularity,0.4,1,complete_case,Complete case,,,1.0,256,1,,,,,,,,0.4
1200008,baseline_harder,Baseline harder irregularity,0.4,1,full_data,Full data,0.0,0.0,1.0,2000,1,,,,,,,,0.4
1200008,baseline_harder,Baseline harder irregularity,0.4,1,mean_impute,Mean imputation,0.9160142290166032,1.062481488414972,1.0,2000,1,,,,,,,,0.4
1200009,baseline_harder,Baseline harder irregularity,0.4,1,full_data,Full data,0.0,0.0,1.0,2000,1,,,,,,,,0.4
1200009,baseline_harder,Baseline harder irregularity,0.4,1,mean_impute,Mean imputation,0.9257819339780122,1.0705291041564255,1.0,2000,1,,,,,,,,0.4
1200010,baseline_harder,Baseline harder irregularity,0.4,1,full_data,Full data,0.0,0.0,1.0,2000,1,,,,,,,,0.4
1200010,baseline_harder,Baseline harder irregularity,0.4,1,mean_impute,Mean imputation,0.8971224291716726,1.0551619325259276,1.0,2000,1,,,,,,,,0.4
1200011,baseline_harder,Baseline harder irregularity,0.4,1,full_data,Full data,0.0,0.0,1.0,2000,1,,,,,,,,0.4
1200011,baseline_harder,Baseline harder irregularity,0.4,1,mean_impute,Mean imputation,0.9137108455610176,1.048196521197906,1.0,2000,1,,,,,,,,0.4
1200012,baseline_harder,Baseline harder irregularity,0.4,1,full_data,Full data,0.0,0.0,1.0,2000,1,,,,,,,,0.4
1200012,baseline_harder,Baseline harder irregularity,0.4,1,mean_impute,Mean imputation,0.9058859743606902,1.0544658802563716,1.0,2000,1,,,,,,,,0.4
1200013,baseline_harder,Baseline harder irregularity,0.4,1,full_data,Full data,0.0,0.0,1.0,2000,1,,,,,,,,0.4
1200013,baseline_harder,Baseline harder irregularity,0.4,1,mean_impute,Mean imputation,0.8927626178010576,1.054530116869072,1.0,2000,1,,,,,,,,0.4
1200013,baseline_harder,Baseline harder irregularity,0.4,1,complete_case,Complete case,,,1.0,229,1,,,,,,,,0.4
1200014,baseline_harder,Baseline harder irregularity,0.4,1,full_data,Full data,0.0,0.0,1.0,2000,1,,,,,,,,0.4
1200014,baseline_harder,Baseline harder irregularity,0.4,1,mean_impute,Mean imputation,0.90626665583232,1.057172017185921,1.0,2000,1,,,,,,,,0.4
1200015,baseline_harder,Baseline harder irregularity,0.4,1,full_data,Full data,0.0,0.0,1.0,2000,1,,,,,,,,0.4
1200015,baseline_harder,Baseline harder irregularity,0.4,1,mean_impute,Mean imputation,0.9124089328762824,1.0553880559292137,1.0,2000,1,,,,,,,,0.4
1200016,baseline_harder,Baseline harder irregularity,0.4,1,full_data,Full data,0.0,0.0,1.0,2000,1,,,,,,,,0.4
1200016,baseline_harder,Baseline harder irregularity,0.4,1,mean_impute,Mean imputation,0.9155214754066976,1.066064097080449,1.0,2000,1,,,,,,,,0.4
1200017,baseline_harder,Baseline harder irregularity,0.4,1,full_data,Full data,0.0,0.0,1.0,2000,1,,,,,,,,0.4
1200017,baseline_harder,Baseline harder irregularity,0.4,1,mean_impute,Mean imputation,0.9158274530791474,1.0648907954257956,1.0,2000,1,,,,,,,,0.4
1200018,baseline_harder,Baseline harder irregularity,0.4,1,full_data,Full data,0.0,0.0,1.0,2000,1,,,,,,,,0.4
1200018,baseline_harder,Baseline harder irregularity,0.4,1,mean_impute,Mean imputation,0.9290708610084422,1.1054148016583074,1.0,2000,1,,,,,,,,0.4
1200018,baseline_harder,Baseline harder irregularity,0.4,1,complete_case,Complete case,,,1.0,209,1,,,,,,,,0.4
1200019,baseline_harder,Baseline harder irregularity,0.4,1,full_data,Full data,0.0,0.0,1.0,2000,1,,,,,,,,0.4
1200019,baseline_harder,Baseline harder irregularity,0.4,1,mean_impute,Mean imputation,0.9290113305895472,1.0913121122161769,1.0,2000,1,,,,,,,,0.4
1200020,baseline_harder,Baseline harder irregularity,0.4,1,full_data,Full data,0.0,0.0,1.0,2000,1,,,,,,,,0.4
1200020,baseline_harder,Baseline harder irregularity,0.4,1,mean_impute,Mean imputation,0.8913962208823092,1.041048496445971,1.0,2000,1,,,,,,,,0.4
1200020,baseline_harder,Baseline harder irregularity,0.4,1,complete_case,Complete case,,,1.0,219,1,,,,,,,,0.4
1200021,baseline_harder,Baseline harder irregularity,0.4,1,full_data,Full data,0.0,0.0,1.0,2000,1,,,,,,,,0.4
1200021,baseline_harder,Baseline harder irregularity,0.4,1,mean_impute,Mean imputation,0.9080596116907614,1.0428544042318353,1.0,2000,1,,,,,,,,0.4
1200021,baseline_harder,Baseline harder irregularity,0.4,1,complete_case,Complete case,,,1.0,234,1,,,,,,,,0.4
1200022,baseline_harder,Baseline harder irregularity,0.4,1,full_data,Full data,0.0,0.0,1.0,2000,1,,,,,,,,0.4
1200022,baseline_harder,Baseline harder irregularity,0.4,1,mean_impute,Mean imputation,0.9038379284614882,1.058935762780047,1.0,2000,1,,,,,,,,0.4
1200022,baseline_harder,Baseline harder irregularity,0.4,1,complete_case,Complete case,,,1.0,226,1,,,,,,,,0.4
1200023,baseline_harder,Baseline harder irregularity,0.4,1,full_data,Full data,0.0,0.0,1.0,2000,1,,,,,,,,0.4
1200023,baseline_harder,Baseline harder irregularity,0.4,1,mean_impute,Mean imputation,0.9109644960214628,1.062265915951262,1.0,2000,1,,,,,,,,0.4
1200023,baseline_harder,Baseline harder irregularity,0.4,1,complete_case,Complete case,,,1.0,215,1,,,,,,,,0.4
1200024,baseline_harder,Baseline harder irregularity,0.4,1,full_data,Full data,0.0,0.0,1.0,2000,1,,,,,,,,0.4
1200024,baseline_harder,Baseline harder irregularity,0.4,1,mean_impute,Mean imputation,0.8818001100851978,1.0205268098624565,1.0,2000,1,,,,,,,,0.4
1200025,baseline_harder,Baseline harder irregularity,0.4,1,full_data,Full data,0.0,0.0,1.0,2000,1,,,,,,,,0.4
1200025,baseline_harder,Baseline harder irregularity,0.4,1,mean_impute,Mean imputation,0.934523715152066,1.0889615540337985,1.0,2000,1,,,,,,,,0.4
1200026,baseline_harder,Baseline harder irregularity,0.4,1,full_data,Full data,0.0,0.0,1.0,2000,1,,,,,,,,0.4
1200026,baseline_harder,Baseline harder irregularity,0.4,1,mean_impute,Mean imputation,0.908212399998004,1.0710290748565492,1.0,2000,1,,,,,,,,0.4
1200027,baseline_harder,Baseline harder irregularity,0.4,1,full_data,Full data,0.0,0.0,1.0,2000,1,,,,,,,,0.4
1200027,baseline_harder,Baseline harder irregularity,0.4,1,mean_impute,Mean imputation,0.9228365715153783,1.059589195500401,1.0,2000,1,,,,,,,,0.4
1200028,baseline_harder,Baseline harder irregularity,0.4,1,full_data,Full data,0.0,0.0,1.0,2000,1,,,,,,,,0.4
1200028,baseline_harder,Baseline harder irregularity,0.4,1,mean_impute,Mean imputation,0.912413173850542,1.071448468808596,1.0,2000,1,,,,,,,,0.4
1200028,baseline_harder,Baseline harder irregularity,0.4,1,complete_case,Complete case,,,1.0,227,1,,,,,,,,0.4
1200029,baseline_harder,Baseline harder irregularity,0.4,1,full_data,Full data,0.0,0.0,1.0,2000,1,,,,,,,,0.4
1200029,baseline_harder,Baseline harder irregularity,0.4,1,mean_impute,Mean imputation,0.9121236305477411,1.0665011775149735,1.0,2000,1,,,,,,,,0.4
1200030,baseline_harder,Baseline harder irregularity,0.4,1,full_data,Full data,0.0,0.0,1.0,2000,1,,,,,,,,0.4
1200030,baseline_harder,Baseline harder irregularity,0.4,1,mean_impute,Mean imputation,0.915477373289266,1.0738342003901544,1.0,2000,1,,,,,,,,0.4
1200030,baseline_harder,Baseline harder irregularity,0.4,1,complete_case,Complete case,,,1.0,223,1,,,,,,,,0.4
1200031,baseline_harder,Baseline harder irregularity,0.4,1,full_data,Full data,0.0,0.0,1.0,2000,1,,,,,,,,0.4
1200031,baseline_harder,Baseline harder irregularity,0.4,1,mean_impute,Mean imputation,0.9229218204511824,1.0772529447597787,1.0,2000,1,,,,,,,,0.4
1200032,baseline_harder,Baseline harder irregularity,0.4,1,full_data,Full data,0.0,0.0,1.0,2000,1,,,,,,,,0.4
1200032,baseline_harder,Baseline harder irregularity,0.4,1,mean_impute,Mean imputation,0.918908665016544,1.055374856364797,1.0,2000,1,,,,,,,,0.4
1200032,baseline_harder,Baseline harder irregularity,0.4,1,complete_case,Complete case,,,1.0,235,1,,,,,,,,0.4
1200033,baseline_harder,Baseline harder irregularity,0.4,1,full_data,Full data,0.0,0.0,1.0,2000,1,,,,,,,,0.4
1200033,baseline_harder,Baseline harder irregularity,0.4,1,mean_impute,Mean imputation,0.9127170781375558,1.062549847092635,1.0,2000,1,,,,,,,,0.4
1200034,baseline_harder,Baseline harder irregularity,0.4,1,full_data,Full data,0.0,0.0,1.0,2000,1,,,,,,,,0.4
1200034,baseline_harder,Baseline harder irregularity,0.4,1,mean_impute,Mean imputation,0.9235306734476052,1.0894354016949794,1.0,2000,1,,,,,,,,0.4
1200035,baseline_harder,Baseline harder irregularity,0.4,1,full_data,Full data,0.0,0.0,1.0,2000,1,,,,,,,,0.4
1200035,baseline_harder,Baseline harder irregularity,0.4,1,mean_impute,Mean imputation,0.923139566492126,1.0756918869333565,1.0,2000,1,,,,,,,,0.4
1200036,baseline_harder,Baseline harder irregularity,0.4,1,full_data,Full data,0.0,0.0,1.0,2000,1,,,,,,,,0.4
1200036,baseline_harder,Baseline harder irregularity,0.4,1,mean_impute,Mean imputation,0.8899715473117968,1.0420541004372743,1.0,2000,1,,,,,,,,0.4
1200037,baseline_harder,Baseline harder irregularity,0.4,1,full_data,Full data,0.0,0.0,1.0,2000,1,,,,,,,,0.4
1200037,baseline_harder,Baseline harder irregularity,0.4,1,mean_impute,Mean imputation,0.8822953570802382,1.0119867857279596,1.0,2000,1,,,,,,,,0.4
1200038,baseline_harder,Baseline harder irregularity,0.4,1,full_data,Full data,0.0,0.0,1.0,2000,1,,,,,,,,0.4
1200038,baseline_harder,Baseline harder irregularity,0.4,1,mean_impute,Mean imputation,0.9229698247654778,1.0667406521245444,1.0,2000,1,,,,,,,,0.4
1200039,baseline_harder,Baseline harder irregularity,0.4,1,full_data,Full data,0.0,0.0,1.0,2000,1,,,,,,,,0.4
1200039,baseline_harder,Baseline harder irregularity,0.4,1,mean_impute,Mean imputation,0.8866245503543567,1.029989165276988,1.0,2000,1,,,,,,,,0.4
1200040,baseline_harder,Baseline harder irregularity,0.4,1,full_data,Full data,0.0,0.0,1.0,2000,1,,,,,,,,0.4
1200040,baseline_harder,Baseline harder irregularity,0.4,1,mean_impute,Mean imputation,0.9130613399011196,1.065997470942391,1.0,2000,1,,,,,,,,0.4
1200040,baseline_harder,Baseline harder irregularity,0.4,1,complete_case,Complete case,,,1.0,219,1,,,,,,,,0.4
1200041,baseline_harder,Baseline harder irregularity,0.4,1,full_data,Full data,0.0,0.0,1.0,2000,1,,,,,,,,0.4
1200041,baseline_harder,Baseline harder irregularity,0.4,1,mean_impute,Mean imputation,0.9020011851252744,1.038403614481438,1.0,2000,1,,,,,,,,0.4
1200041,baseline_harder,Baseline harder irregularity,0.4,1,complete_case,Complete case,,,1.0,222,1,,,,,,,,0.4
1200042,baseline_harder,Baseline harder irregularity,0.4,1,full_data,Full data,0.0,0.0,1.0,2000,1,,,,,,,,0.4
1200042,baseline_harder,Baseline harder irregularity,0.4,1,mean_impute,Mean imputation,0.8848681412246838,1.019100814007447,1.0,2000,1,,,,,,,,0.4
1200043,baseline_harder,Baseline harder irregularity,0.4,1,full_data,Full data,0.0,0.0,1.0,2000,1,,,,,,,,0.4
1200043,baseline_harder,Baseline harder irregularity,0.4,1,mean_impute,Mean imputation,0.92791823769584,1.1051559535405466,1.0,2000,1,,,,,,,,0.4
1200043,baseline_harder,Baseline harder irregularity,0.4,1,complete_case,Complete case,,,1.0,229,1,,,,,,,,0.4
1200044,baseline_harder,Baseline harder irregularity,0.4,1,full_data,Full data,0.0,0.0,1.0,2000,1,,,,,,,,0.4
1200044,baseline_harder,Baseline harder irregularity,0.4,1,mean_impute,Mean imputation,0.9323100854985694,1.0920972132044655,1.0,2000,1,,,,,,,,0.4
1200045,baseline_harder,Baseline harder irregularity,0.4,1,full_data,Full data,0.0,0.0,1.0,2000,1,,,,,,,,0.4
1200045,baseline_harder,Baseline harder irregularity,0.4,1,mean_impute,Mean imputation,0.9004423760597249,1.0574084458958692,1.0,2000,1,,,,,,,,0.4
1200046,baseline_harder,Baseline harder irregularity,0.4,1,full_data,Full data,0.0,0.0,1.0,2000,1,,,,,,,,0.4
1200046,baseline_harder,Baseline harder irregularity,0.4,1,mean_impute,Mean imputation,0.943736888106062,1.098332289135448,1.0,2000,1,,,,,,,,0.4
1200047,baseline_harder,Baseline harder irregularity,0.4,1,full_data,Full data,0.0,0.0,1.0,2000,1,,,,,,,,0.4
1200047,baseline_harder,Baseline harder irregularity,0.4,1,mean_impute,Mean imputation,0.8928888873671055,1.0441576636175594,1.0,2000,1,,,,,,,,0.4
1200047,baseline_harder,Baseline harder irregularity,0.4,1,complete_case,Complete case,,,1.0,197,1,,,,,,,,0.4
1200048,baseline_harder,Baseline harder irregularity,0.4,1,full_data,Full data,0.0,0.0,1.0,2000,1,,,,,,,,0.4
1200048,baseline_harder,Baseline harder irregularity,0.4,1,mean_impute,Mean imputation,0.9146406329349248,1.071278218554184,1.0,2000,1,,,,,,,,0.4
1200049,baseline_harder,Baseline harder irregularity,0.4,1,full_data,Full data,0.0,0.0,1.0,2000,1,,,,,,,,0.4
1200049,baseline_harder,Baseline harder irregularity,0.4,1,mean_impute,Mean imputation,0.9201602160292832,1.064880135838718,1.0,2000,1,,,,,,,,0.4
1200050,baseline_harder,Baseline harder irregularity,0.4,1,full_data,Full data,0.0,0.0,1.0,2000,1,,,,,,,,0.4
1200050,baseline_harder,Baseline harder irregularity,0.4,1,mean_impute,Mean imputation,0.943329474361132,1.1032532972551183,1.0,2000,1,,,,,,,,0.4
1200051,baseline_harder,Baseline harder irregularity,0.4,1,full_data,Full data,0.0,0.0,1.0,2000,1,,,,,,,,0.4
1200051,baseline_harder,Baseline harder irregularity,0.4,1,mean_impute,Mean imputation,0.892758994436616,1.047625007863687,1.0,2000,1,,,,,,,,0.4
1200052,baseline_harder,Baseline harder irregularity,0.4,1,full_data,Full data,0.0,0.0,1.0,2000,1,,,,,,,,0.4
1200052,baseline_harder,Baseline harder irregularity,0.4,1,mean_impute,Mean imputation,0.8916853127377882,1.0327493423013805,1.0,2000,1,,,,,,,,0.4
1200052,baseline_harder,Baseline harder irregularity,0.4,1,complete_case,Complete case,,,1.0,229,1,,,,,,,,0.4
1200053,baseline_harder,Baseline harder irregularity,0.4,1,full_data,Full data,0.0,0.0,1.0,2000,1,,,,,,,,0.4
1200053,baseline_harder,Baseline harder irregularity,0.4,1,mean_impute,Mean imputation,0.9130598005864266,1.047305555382632,1.0,2000,1,,,,,,,,0.4
1200053,baseline_harder,Baseline harder irregularity,0.4,1,complete_case,Complete case,,,1.0,244,1,,,,,,,,0.4
1200054,baseline_harder,Baseline harder irregularity,0.4,1,full_data,Full data,0.0,0.0,1.0,2000,1,,,,,,,,0.4
1200054,baseline_harder,Baseline harder irregularity,0.4,1,mean_impute,Mean imputation,0.8885374216431153,1.026060338045406,1.0,2000,1,,,,,,,,0.4
1200054,baseline_harder,Baseline harder irregularity,0.4,1,complete_case,Complete case,,,1.0,212,1,,,,,,,,0.4
1200055,baseline_harder,Baseline harder irregularity,0.4,1,full_data,Full data,0.0,0.0,1.0,2000,1,,,,,,,,0.4
1200055,baseline_harder,Baseline harder irregularity,0.4,1,mean_impute,Mean imputation,0.9257337715402691,1.0799415026546977,1.0,2000,1,,,,,,,,0.4
1200056,baseline_harder,Baseline harder irregularity,0.4,1,full_data,Full data,0.0,0.0,1.0,2000,1,,,,,,,,0.4
1200056,baseline_harder,Baseline harder irregularity,0.4,1,mean_impute,Mean imputation,0.9110971913224124,1.0702068255754065,1.0,2000,1,,,,,,,,0.4
1200056,baseline_harder,Baseline harder irregularity,0.4,1,complete_case,Complete case,,,1.0,229,1,,,,,,,,0.4
1200057,baseline_harder,Baseline harder irregularity,0.4,1,full_data,Full data,0.0,0.0,1.0,2000,1,,,,,,,,0.4
1200057,baseline_harder,Baseline harder irregularity,0.4,1,mean_impute,Mean imputation,0.9275862389525472,1.0865075423427497,1.0,2000,1,,,,,,,,0.4
1200058,baseline_harder,Baseline harder irregularity,0.4,1,full_data,Full data,0.0,0.0,1.0,2000,1,,,,,,,,0.4
1200058,baseline_harder,Baseline harder irregularity,0.4,1,mean_impute,Mean imputation,0.9031698800940812,1.0457329194992089,1.0,2000,1,,,,,,,,0.4
1200058,baseline_harder,Baseline harder irregularity,0.4,1,complete_case,Complete case,,,1.0,238,1,,,,,,,,0.4
1200059,baseline_harder,Baseline harder irregularity,0.4,1,full_data,Full data,0.0,0.0,1.0,2000,1,,,,,,,,0.4
1200059,baseline_harder,Baseline harder irregularity,0.4,1,mean_impute,Mean imputation,0.8976205074635414,1.048656810913822,1.0,2000,1,,,,,,,,0.4
1200060,baseline_harder,Baseline harder irregularity,0.4,1,full_data,Full data,0.0,0.0,1.0,2000,1,,,,,,,,0.4
1200060,baseline_harder,Baseline harder irregularity,0.4,1,mean_impute,Mean imputation,0.9177284535740028,1.07317121635752,1.0,2000,1,,,,,,,,0.4
1200061,baseline_harder,Baseline harder irregularity,0.4,1,full_data,Full data,0.0,0.0,1.0,2000,1,,,,,,,,0.4
1200061,baseline_harder,Baseline harder irregularity,0.4,1,mean_impute,Mean imputation,0.8919231753867686,1.0448267225759762,1.0,2000,1,,,,,,,,0.4
1200061,baseline_harder,Baseline harder irregularity,0.4,1,complete_case,Complete case,,,1.0,205,1,,,,,,,,0.4
1200062,baseline_harder,Baseline harder irregularity,0.4,1,full_data,Full data,0.0,0.0,1.0,2000,1,,,,,,,,0.4
1200062,baseline_harder,Baseline harder irregularity,0.4,1,mean_impute,Mean imputation,0.8993852536501675,1.0512100763976984,1.0,2000,1,,,,,,,,0.4
1200063,baseline_harder,Baseline harder irregularity,0.4,1,full_data,Full data,0.0,0.0,1.0,2000,1,,,,,,,,0.4
1200063,baseline_harder,Baseline harder irregularity,0.4,1,mean_impute,Mean imputation,0.942568833863834,1.1183836433397556,1.0,2000,1,,,,,,,,0.4
1200064,baseline_harder,Baseline harder irregularity,0.4,1,full_data,Full data,0.0,0.0,1.0,2000,1,,,,,,,,0.4
1200064,baseline_harder,Baseline harder irregularity,0.4,1,mean_impute,Mean imputation,0.9339357980719823,1.0949743981449311,1.0,2000,1,,,,,,,,0.4
1200065,baseline_harder,Baseline harder irregularity,0.4,1,full_data,Full data,0.0,0.0,1.0,2000,1,,,,,,,,0.4
1200065,baseline_harder,Baseline harder irregularity,0.4,1,mean_impute,Mean imputation,0.9206080595593072,1.0744685844445905,1.0,2000,1,,,,,,,,0.4
1200066,baseline_harder,Baseline harder irregularity,0.4,1,full_data,Full data,0.0,0.0,1.0,2000,1,,,,,,,,0.4
1200066,baseline_harder,Baseline harder irregularity,0.4,1,mean_impute,Mean imputation,0.91113827807132,1.062053079156854,1.0,2000,1,,,,,,,,0.4
1200066,baseline_harder,Baseline harder irregularity,0.4,1,complete_case,Complete case,,,1.0,223,1,,,,,,,,0.4
1200067,baseline_harder,Baseline harder irregularity,0.4,1,full_data,Full data,0.0,0.0,1.0,2000,1,,,,,,,,0.4
1200067,baseline_harder,Baseline harder irregularity,0.4,1,mean_impute,Mean imputation,0.8829464994964056,1.0205445746756592,1.0,2000,1,,,,,,,,0.4
1200068,baseline_harder,Baseline harder irregularity,0.4,1,full_data,Full data,0.0,0.0,1.0,2000,1,,,,,,,,0.4
1200068,baseline_harder,Baseline harder irregularity,0.4,1,mean_impute,Mean imputation,0.9066601611932982,1.060066705496591,1.0,2000,1,,,,,,,,0.4
1200069,baseline_harder,Baseline harder irregularity,0.4,1,full_data,Full data,0.0,0.0,1.0,2000,1,,,,,,,,0.4
1200069,baseline_harder,Baseline harder irregularity,0.4,1,mean_impute,Mean imputation,0.89908000463929,1.051049182493822,1.0,2000,1,,,,,,,,0.4
1200070,baseline_harder,Baseline harder irregularity,0.4,1,full_data,Full data,0.0,0.0,1.0,2000,1,,,,,,,,0.4
1200070,baseline_harder,Baseline harder irregularity,0.4,1,mean_impute,Mean imputation,0.9242414773758296,1.0780095949413868,1.0,2000,1,,,,,,,,0.4
1200071,baseline_harder,Baseline harder irregularity,0.4,1,full_data,Full data,0.0,0.0,1.0,2000,1,,,,,,,,0.4
1200071,baseline_harder,Baseline harder irregularity,0.4,1,mean_impute,Mean imputation,0.9187934292239808,1.080895687461424,1.0,2000,1,,,,,,,,0.4
1200072,baseline_harder,Baseline harder irregularity,0.4,1,full_data,Full data,0.0,0.0,1.0,2000,1,,,,,,,,0.4
1200072,baseline_harder,Baseline harder irregularity,0.4,1,mean_impute,Mean imputation,0.907154199135546,1.076175328237318,1.0,2000,1,,,,,,,,0.4
1200073,baseline_harder,Baseline harder irregularity,0.4,1,full_data,Full data,0.0,0.0,1.0,2000,1,,,,,,,,0.4
1200073,baseline_harder,Baseline harder irregularity,0.4,1,mean_impute,Mean imputation,0.9046406999848297,1.066472628976055,1.0,2000,1,,,,,,,,0.4
1200074,baseline_harder,Baseline harder irregularity,0.4,1,full_data,Full data,0.0,0.0,1.0,2000,1,,,,,,,,0.4
1200074,baseline_harder,Baseline harder irregularity,0.4,1,mean_impute,Mean imputation,0.9119322405696,1.0742532171131716,1.0,2000,1,,,,,,,,0.4
1200074,baseline_harder,Baseline harder irregularity,0.4,1,complete_case,Complete case,,,1.0,215,1,,,,,,,,0.4
1200075,baseline_harder,Baseline harder irregularity,0.4,1,full_data,Full data,0.0,0.0,1.0,2000,1,,,,,,,,0.4
1200075,baseline_harder,Baseline harder irregularity,0.4,1,mean_impute,Mean imputation,0.9068523208460044,1.0557634655014414,1.0,2000,1,,,,,,,,0.4
1200075,baseline_harder,Baseline harder irregularity,0.4,1,complete_case,Complete case,,,1.0,231,1,,,,,,,,0.4
1200076,baseline_harder,Baseline harder irregularity,0.4,1,full_data,Full data,0.0,0.0,1.0,2000,1,,,,,,,,0.4
1200076,baseline_harder,Baseline harder irregularity,0.4,1,mean_impute,Mean imputation,0.8877928681071011,1.0329338974861466,1.0,2000,1,,,,,,,,0.4
1200077,baseline_harder,Baseline harder irregularity,0.4,1,full_data,Full data,0.0,0.0,1.0,2000,1,,,,,,,,0.4
1200077,baseline_harder,Baseline harder irregularity,0.4,1,mean_impute,Mean imputation,0.8956299149178074,1.0545144028270366,1.0,2000,1,,,,,,,,0.4
1200078,baseline_harder,Baseline harder irregularity,0.4,1,full_data,Full data,0.0,0.0,1.0,2000,1,,,,,,,,0.4
1200078,baseline_harder,Baseline harder irregularity,0.4,1,mean_impute,Mean imputation,0.9238477743569886,1.080506248659519,1.0,2000,1,,,,,,,,0.4
1200079,baseline_harder,Baseline harder irregularity,0.4,1,full_data,Full data,0.0,0.0,1.0,2000,1,,,,,,,,0.4
1200079,baseline_harder,Baseline harder irregularity,0.4,1,mean_impute,Mean imputation,0.9029875807751906,1.0498807745573715,1.0,2000,1,,,,,,,,0.4
1200080,baseline_harder,Baseline harder irregularity,0.4,1,full_data,Full data,0.0,0.0,1.0,2000,1,,,,,,,,0.4
1200080,baseline_harder,Baseline harder irregularity,0.4,1,mean_impute,Mean imputation,0.9006372080452371,1.0533703578109317,1.0,2000,1,,,,,,,,0.4
1200081,baseline_harder,Baseline harder irregularity,0.4,1,full_data,Full data,0.0,0.0,1.0,2000,1,,,,,,,,0.4
1200081,baseline_harder,Baseline harder irregularity,0.4,1,mean_impute,Mean imputation,0.8856504624303905,1.0274232785672095,1.0,2000,1,,,,,,,,0.4
1200082,baseline_harder,Baseline harder irregularity,0.4,1,full_data,Full data,0.0,0.0,1.0,2000,1,,,,,,,,0.4
1200082,baseline_harder,Baseline harder irregularity,0.4,1,mean_impute,Mean imputation,0.937412638970305,1.0839368117397885,1.0,2000,1,,,,,,,,0.4
1200083,baseline_harder,Baseline harder irregularity,0.4,1,full_data,Full data,0.0,0.0,1.0,2000,1,,,,,,,,0.4
1200083,baseline_harder,Baseline harder irregularity,0.4,1,mean_impute,Mean imputation,0.901865831103752,1.0640868697989176,1.0,2000,1,,,,,,,,0.4
1200084,baseline_harder,Baseline harder irregularity,0.4,1,full_data,Full data,0.0,0.0,1.0,2000,1,,,,,,,,0.4
1200084,baseline_harder,Baseline harder irregularity,0.4,1,mean_impute,Mean imputation,0.9119969952547476,1.0609930624361028,1.0,2000,1,,,,,,,,0.4
1200085,baseline_harder,Baseline harder irregularity,0.4,1,full_data,Full data,0.0,0.0,1.0,2000,1,,,,,,,,0.4
1200085,baseline_harder,Baseline harder irregularity,0.4,1,mean_impute,Mean imputation,0.905975986140088,1.049538362497325,1.0,2000,1,,,,,,,,0.4
1200086,baseline_harder,Baseline harder irregularity,0.4,1,full_data,Full data,0.0,0.0,1.0,2000,1,,,,,,,,0.4
1200086,baseline_harder,Baseline harder irregularity,0.4,1,mean_impute,Mean imputation,0.9062820564147848,1.0546913672840104,1.0,2000,1,,,,,,,,0.4
1200087,baseline_harder,Baseline harder irregularity,0.4,1,full_data,Full data,0.0,0.0,1.0,2000,1,,,,,,,,0.4
1200087,baseline_harder,Baseline harder irregularity,0.4,1,mean_impute,Mean imputation,0.9178155182761912,1.0857170925219437,1.0,2000,1,,,,,,,,0.4
1200088,baseline_harder,Baseline harder irregularity,0.4,1,full_data,Full data,0.0,0.0,1.0,2000,1,,,,,,,,0.4
1200088,baseline_harder,Baseline harder irregularity,0.4,1,mean_impute,Mean imputation,0.897687903418296,1.056578561935126,1.0,2000,1,,,,,,,,0.4
1200089,baseline_harder,Baseline harder irregularity,0.4,1,full_data,Full data,0.0,0.0,1.0,2000,1,,,,,,,,0.4
1200089,baseline_harder,Baseline harder irregularity,0.4,1,mean_impute,Mean imputation,0.9161076761010042,1.0701654815819943,1.0,2000,1,,,,,,,,0.4
1200090,baseline_harder,Baseline harder irregularity,0.4,1,full_data,Full data,0.0,0.0,1.0,2000,1,,,,,,,,0.4
1200090,baseline_harder,Baseline harder irregularity,0.4,1,mean_impute,Mean imputation,0.902076570468221,1.0486908964269888,1.0,2000,1,,,,,,,,0.4
1200091,baseline_harder,Baseline harder irregularity,0.4,1,full_data,Full data,0.0,0.0,1.0,2000,1,,,,,,,,0.4
1200091,baseline_harder,Baseline harder irregularity,0.4,1,mean_impute,Mean imputation,0.9034574784096758,1.0496816637331827,1.0,2000,1,,,,,,,,0.4
1200092,baseline_harder,Baseline harder irregularity,0.4,1,full_data,Full data,0.0,0.0,1.0,2000,1,,,,,,,,0.4
1200092,baseline_harder,Baseline harder irregularity,0.4,1,mean_impute,Mean imputation,0.8817479980395251,1.0142062340850015,1.0,2000,1,,,,,,,,0.4
1200092,baseline_harder,Baseline harder irregularity,0.4,1,complete_case,Complete case,,,1.0,223,1,,,,,,,,0.4
1200093,baseline_harder,Baseline harder irregularity,0.4,1,full_data,Full data,0.0,0.0,1.0,2000,1,,,,,,,,0.4
1200093,baseline_harder,Baseline harder irregularity,0.4,1,mean_impute,Mean imputation,0.8908391970120085,1.0360816714764678,1.0,2000,1,,,,,,,,0.4
1200093,baseline_harder,Baseline harder irregularity,0.4,1,complete_case,Complete case,,,1.0,225,1,,,,,,,,0.4
1200094,baseline_harder,Baseline harder irregularity,0.4,1,full_data,Full data,0.0,0.0,1.0,2000,1,,,,,,,,0.4
1200094,baseline_harder,Baseline harder irregularity,0.4,1,mean_impute,Mean imputation,0.8999881196049262,1.0509371828986889,1.0,2000,1,,,,,,,,0.4
1200095,baseline_harder,Baseline harder irregularity,0.4,1,full_data,Full data,0.0,0.0,1.0,2000,1,,,,,,,,0.4
1200095,baseline_harder,Baseline harder irregularity,0.4,1,mean_impute,Mean imputation,0.8948944564032986,1.047413266971333,1.0,2000,1,,,,,,,,0.4
1200095,baseline_harder,Baseline harder irregularity,0.4,1,complete_case,Complete case,,,1.0,221,1,,,,,,,,0.4
1200096,baseline_harder,Baseline harder irregularity,0.4,1,full_data,Full data,0.0,0.0,1.0,2000,1,,,,,,,,0.4
1200096,baseline_harder,Baseline harder irregularity,0.4,1,mean_impute,Mean imputation,0.9055280232997848,1.0511626076362843,1.0,2000,1,,,,,,,,0.4
1200097,baseline_harder,Baseline harder irregularity,0.4,1,full_data,Full data,0.0,0.0,1.0,2000,1,,,,,,,,0.4
1200097,baseline_harder,Baseline harder irregularity,0.4,1,mean_impute,Mean imputation,0.9118601070544432,1.074512278297943,1.0,2000,1,,,,,,,,0.4
1200098,baseline_harder,Baseline harder irregularity,0.4,1,full_data,Full data,0.0,0.0,1.0,2000,1,,,,,,,,0.4
1200098,baseline_harder,Baseline harder irregularity,0.4,1,mean_impute,Mean imputation,0.9344444927708973,1.0898497365136304,1.0,2000,1,,,,,,,,0.4
1200098,baseline_harder,Baseline harder irregularity,0.4,1,complete_case,Complete case,,,1.0,231,1,,,,,,,,0.4
1200099,baseline_harder,Baseline harder irregularity,0.4,1,full_data,Full data,0.0,0.0,1.0,2000,1,,,,,,,,0.4
1200099,baseline_harder,Baseline harder irregularity,0.4,1,mean_impute,Mean imputation,0.9168172757882178,1.0687304636239847,1.0,2000,1,,,,,,,,0.4
1200000,baseline_harder,Baseline harder irregularity,0.6,50,brits_mi_refined,BRITS-MI,0.6618095636367798,0.9112221722710758,1.0,2000,50,,0.8560218310962553,0.8152742790442119,0.4873815977622414,0.8357249347745062,2.068415880203247,24.14106512069702,0.6
1200001,baseline_harder,Baseline harder irregularity,0.6,50,brits_mi_refined,BRITS-MI,0.6637402176856995,0.911746388130718,1.0,2000,50,,0.8233561166634634,0.7818985756151996,0.5231854078618012,0.8198189962519425,2.0235517024993896,17.467808961868286,0.6
1200002,baseline_harder,Baseline harder irregularity,0.6,50,brits_mi_refined,BRITS-MI,0.6540316343307495,0.892641597512489,1.0,2000,50,,0.8399981599098356,0.8108127747792018,0.5025956028574754,0.8197209302325581,1.986464023590088,18.406918048858643,0.6
1200003,baseline_harder,Baseline harder irregularity,0.6,50,brits_mi_refined,BRITS-MI,0.65018230676651,0.9034572440827024,1.0,2000,50,,0.8156712108659085,0.746441780568209,0.5335755179153583,0.8247145111874478,2.0269775390625,19.63138175010681,0.6
1200004,baseline_harder,Baseline harder irregularity,0.6,50,brits_mi_refined,BRITS-MI,0.6478254795074463,0.889904471950531,1.0,2000,50,,0.8256405060040071,0.7632584675651386,0.5208328046374875,0.8237914076273546,2.067406177520752,17.269932746887207,0.6
1200005,baseline_harder,Baseline harder irregularity,0.6,50,brits_mi_refined,BRITS-MI,0.660800576210022,0.907919810095235,1.0,2000,50,,0.850722556720602,0.8053543012110074,0.4861683425393344,0.8294631246516813,2.055976390838623,25.19420886039734,0.6
1200006,baseline_harder,Baseline harder irregularity,0.6,50,brits_mi_refined,BRITS-MI,0.6667683124542236,0.9056484410498308,1.0,2000,50,,0.8053220994348045,0.7626156721240238,0.538340214072695,0.8453694261611199,2.105365753173828,17.644769191741943,0.6
1200007,baseline_harder,Baseline harder irregularity,0.6,50,brits_mi_refined,BRITS-MI,0.6810389757156372,0.929685441190392,1.0,2000,50,,0.8103074387043083,0.7458343212258767,0.5405268302835309,0.7987433006837923,1.9518619775772097,18.734307050704956,0.6
1200008,baseline_harder,Baseline harder irregularity,0.6,50,brits_mi_refined,BRITS-MI,0.6614819765090942,0.9183560209788784,1.0,2000,50,,0.8477421980242478,0.8127984544011945,0.4906370519797393,0.8330872854770253,2.0878162384033203,22.401125192642212,0.6
1200009,baseline_harder,Baseline harder irregularity,0.6,50,brits_mi_refined,BRITS-MI,0.664970874786377,0.8973695922471333,1.0,2000,50,,0.8299738293335899,0.7860274930536919,0.512420479751142,0.8452093023255814,2.1644911766052246,21.37167596817017,0.6
1200010,baseline_harder,Baseline harder irregularity,0.6,50,brits_mi_refined,BRITS-MI,0.6533443927764893,0.9144431203748388,1.0,2000,50,,0.8570741945787667,0.8122020267682738,0.4806641145579763,0.8253793103448276,2.056513547897339,26.889039993286133,0.6
1200011,baseline_harder,Baseline harder irregularity,0.6,50,brits_mi_refined,BRITS-MI,0.6434845328330994,0.8859809508998886,1.0,2000,50,,0.8207319171411538,0.7882376615668072,0.5265531206648161,0.8365340012988218,2.1192445755004883,20.933340787887573,0.6
1200012,baseline_harder,Baseline harder irregularity,0.6,50,brits_mi_refined,BRITS-MI,0.6532911658287048,0.88540235683439,1.0,2000,50,,0.8367545169336822,0.7859209934886622,0.507733463327985,0.8656938377172599,2.264979839324951,22.84410405158997,0.6
1200013,baseline_harder,Baseline harder irregularity,0.6,50,brits_mi_refined,BRITS-MI,0.6563355922698975,0.9219614920720708,1.0,2000,50,,0.8482782311896394,0.8021117102095776,0.4950974728884922,0.8467401285583104,2.1584105491638184,20.484561920166016,0.6
1200014,baseline_harder,Baseline harder irregularity,0.6,50,brits_mi_refined,BRITS-MI,0.660142719745636,0.902541756244184,1.0,2000,50,,0.8077248769727308,0.7408429017326701,0.5399858594399918,0.8352821083890126,2.1155083179473877,20.809212923049927,0.6
1200015,baseline_harder,Baseline harder irregularity,0.6,50,brits_mi_refined,BRITS-MI,0.6613678932189941,0.9030819080833858,1.0,2000,50,,0.8423238592877836,0.8011881458845389,0.5036439957431508,0.8196089231616634,2.0145134925842285,21.633885860443115,0.6
1200016,baseline_harder,Baseline harder irregularity,0.6,50,brits_mi_refined,BRITS-MI,0.6514112949371338,0.9025927609823712,1.0,2000,50,,0.8314170365355199,0.7494226524802897,0.5161360938801435,0.8220244716351501,2.0859017372131348,24.963762998580933,0.6
1200017,baseline_harder,Baseline harder irregularity,0.6,50,brits_mi_refined,BRITS-MI,0.6619417667388916,0.9196303199392892,1.0,2000,50,,0.8302734866414261,0.7702480993998951,0.513654669396038,0.8160051570126162,1.9967923164367676,21.5413920879364,0.6
1200018,baseline_harder,Baseline harder irregularity,0.6,50,brits_mi_refined,BRITS-MI,0.6648449897766113,0.9247317131075132,1.0,2000,50,,0.8706376449784158,0.8521396013329864,0.4595635035229051,0.8502214839424141,2.153366804122925,25.638848066329956,0.6
1200019,baseline_harder,Baseline harder irregularity,0.6,50,brits_mi_refined,BRITS-MI,0.647274911403656,0.8977291524407133,1.0,2000,50,,0.8526696560535083,0.8143359094350693,0.4894438332216691,0.8376768428890543,2.1949493885040283,25.00938415527344,0.6
1200020,baseline_harder,Baseline harder irregularity,0.6,50,brits_mi_refined,BRITS-MI,0.6702893972396851,0.9143505025915036,1.0,2000,50,,0.8482897755530957,0.8097891415318952,0.488132493788121,0.8406091370558376,2.067269086837769,22.82305407524109,0.6
1200021,baseline_harder,Baseline harder irregularity,0.6,50,brits_mi_refined,BRITS-MI,0.6561009883880615,0.8979488695554578,1.0,2000,50,,0.8077904514404664,0.7536869123941745,0.5474994518566887,0.8259897531439218,2.0587568283081055,18.596150636672977,0.6
1200022,baseline_harder,Baseline harder irregularity,0.6,50,brits_mi_refined,BRITS-MI,0.6484653949737549,0.8904142538846987,1.0,2000,50,,0.8300684975353689,0.7839341636555651,0.5097178043626449,0.8177561513037092,1.9381555318832395,21.327609062194824,0.6
1200023,baseline_harder,Baseline harder irregularity,0.6,50,brits_mi_refined,BRITS-MI,0.6621537804603577,0.9052292013009584,1.0,2000,50,,0.8543448173718641,0.8076157244831377,0.4832053926223724,0.838291168566398,2.1354150772094727,21.4432590007782,0.6
1200024,baseline_harder,Baseline harder irregularity,0.6,50,brits_mi_refined,BRITS-MI,0.6410417556762695,0.8761252425608896,1.0,2000,50,,0.8512188750739371,0.8185598175266233,0.4900878414516696,0.8259109311740891,1.9741493463516235,24.28025722503662,0.6
1200025,baseline_harder,Baseline harder irregularity,0.6,50,brits_mi_refined,BRITS-MI,0.6614691019058228,0.9119812158719742,1.0,2000,50,,0.8482191506410256,0.7995896870275294,0.494991320525924,0.8457378551787351,2.124351501464844,26.18881916999817,0.6
1200026,baseline_harder,Baseline harder irregularity,0.6,50,brits_mi_refined,BRITS-MI,0.6614020466804504,0.8895573001205532,1.0,2000,50,,0.8461864733168674,0.807517849484622,0.4962256768841194,0.8433656354826686,2.1303799152374268,23.62424111366272,0.6
1200027,baseline_harder,Baseline harder irregularity,0.6,50,brits_mi_refined,BRITS-MI,0.6585741639137268,0.912015244022434,1.0,2000,50,,0.8381264756224169,0.7946160368549976,0.5050411587854589,0.819541928333949,2.048342227935791,20.27749013900757,0.6
1200028,baseline_harder,Baseline harder irregularity,0.6,50,brits_mi_refined,BRITS-MI,0.6498590111732483,0.9131238054697258,1.0,2000,50,,0.858955714864545,0.8325958309720406,0.4745855717409975,0.843364555318557,2.0923118591308594,24.709637880325317,0.6
1200029,baseline_harder,Baseline harder irregularity,0.6,50,brits_mi_refined,BRITS-MI,0.6649583578109741,0.9202159282275618,1.0,2000,50,,0.829730832789824,0.7894108010510663,0.5150616593394681,0.8429373246024322,2.162863254547119,25.15318393707275,0.6
1200030,baseline_harder,Baseline harder irregularity,0.6,50,brits_mi_refined,BRITS-MI,0.6550650596618652,0.9223458151267906,1.0,2000,50,,0.856898679137091,0.8216353068141588,0.480537924627235,0.8264175139690391,2.0231051445007324,29.040531873703003,0.6
1200031,baseline_harder,Baseline harder irregularity,0.6,50,brits_mi_refined,BRITS-MI,0.6531485319137573,0.8968313424942614,1.0,2000,50,,0.8112333891406837,0.7686521146776664,0.5323418104429675,0.8262434253022054,2.0656416416168213,19.9341721534729,0.6
1200032,baseline_harder,Baseline harder irregularity,0.6,50,brits_mi_refined,BRITS-MI,0.6615356206893921,0.9108489494590516,1.0,2000,50,,0.8471024611974279,0.8203107327416362,0.4927136061345931,0.8159616625195835,1.972267508506775,24.127937078475952,0.6
1200033,baseline_harder,Baseline harder irregularity,0.6,50,brits_mi_refined,BRITS-MI,0.6566047668457031,0.9079338827027956,1.0,2000,50,,0.863044384614841,0.8174944779306574,0.4683468019918851,0.8067335111765247,1.9413385391235352,29.261478185653687,0.6
1200034,baseline_harder,Baseline harder irregularity,0.6,50,brits_mi_refined,BRITS-MI,0.6690216064453125,0.9223553947826972,1.0,2000,50,,0.8639231012316443,0.8294208817692634,0.4752381579839244,0.8320978502594515,2.1173629760742188,25.990418910980225,0.6
1200035,baseline_harder,Baseline harder irregularity,0.6,50,brits_mi_refined,BRITS-MI,0.6650272011756897,0.9108067087151506,1.0,2000,50,,0.8510733632315828,0.8172502534565502,0.4869215795494098,0.827135305573588,2.054884910583496,22.318456172943115,0.6
1200036,baseline_harder,Baseline harder irregularity,0.6,50,brits_mi_refined,BRITS-MI,0.6706903576850891,0.9186641561676752,1.0,2000,50,,0.8237618830420588,0.7804529291260347,0.5170900974224808,0.8347336349367556,2.1341753005981445,22.8267240524292,0.6
1200037,baseline_harder,Baseline harder irregularity,0.6,50,brits_mi_refined,BRITS-MI,0.6540575623512268,0.9067026590208048,1.0,2000,50,,0.8272794603278641,0.7824110737853542,0.5233098317230399,0.8287557603686636,2.0330491065979004,19.80028605461121,0.6
1200038,baseline_harder,Baseline harder irregularity,0.6,50,brits_mi_refined,BRITS-MI,0.6505874991416931,0.8903011912652753,1.0,2000,50,,0.8686562115990409,0.8388794380358532,0.4592129206761652,0.8285156613068129,2.06010365486145,23.36101508140564,0.6
1200039,baseline_harder,Baseline harder irregularity,0.6,50,brits_mi_refined,BRITS-MI,0.6466533541679382,0.8976318495416837,1.0,2000,50,,0.7956175017642908,0.7209763767777725,0.5457199045839034,0.831186880385435,2.0092389583587646,22.099696159362793,0.6
1200040,baseline_harder,Baseline harder irregularity,0.6,50,brits_mi_refined,BRITS-MI,0.6494516134262085,0.8977775675579114,1.0,2000,50,,0.8332297063903281,0.7897920016067791,0.5103114210774581,0.8307333021952359,2.082841634750366,19.75305485725403,0.6
1200041,baseline_harder,Baseline harder irregularity,0.6,50,brits_mi_refined,BRITS-MI,0.6633265018463135,0.9084700291312768,1.0,2000,50,,0.8382068040588296,0.7904159865176872,0.5050565143308662,0.8248712288447387,2.052222967147827,23.428707122802734,0.6
1200042,baseline_harder,Baseline harder irregularity,0.6,50,brits_mi_refined,BRITS-MI,0.6634213328361511,0.8905145464486609,1.0,2000,50,,0.8326411681626041,0.7864537421789359,0.5140817151393625,0.8309664330505349,2.0459752082824707,21.54254174232483,0.6
1200043,baseline_harder,Baseline harder irregularity,0.6,50,brits_mi_refined,BRITS-MI,0.6643331050872803,0.917440499643243,1.0,2000,50,,0.8511682680137793,0.8213273682760313,0.4874720508581678,0.8458222507566725,2.177531480789185,24.69541883468628,0.6
1200044,baseline_harder,Baseline harder irregularity,0.6,50,brits_mi_refined,BRITS-MI,0.6431431174278259,0.889985667249005,1.0,2000,50,,0.8406836966202029,0.7764280997069006,0.498594319319519,0.838005365898788,2.1022486686706543,25.02506375312805,0.6
1200045,baseline_harder,Baseline harder irregularity,0.6,50,brits_mi_refined,BRITS-MI,0.6738154292106628,0.9253042329907746,1.0,2000,50,,0.8231685693563446,0.7742117044904446,0.5220385740092891,0.8432262246504306,2.0938873291015625,21.999728202819824,0.6
1200046,baseline_harder,Baseline harder irregularity,0.6,50,brits_mi_refined,BRITS-MI,0.6690983176231384,0.9261631007626638,1.0,2000,50,,0.8359443777511003,0.7901855141905069,0.5097501862964975,0.832632464255677,2.1330459117889404,20.215830087661743,0.6
1200047,baseline_harder,Baseline harder irregularity,0.6,50,brits_mi_refined,BRITS-MI,0.6624934077262878,0.9130374681861316,1.0,2000,50,,0.8228759313796489,0.7544725611964661,0.5214121342522743,0.8294559273333951,1.989479899406433,23.9113290309906,0.6
1200048,baseline_harder,Baseline harder irregularity,0.6,50,brits_mi_refined,BRITS-MI,0.6667966246604919,0.9216917621881704,1.0,2000,50,,0.8367127403846153,0.798213052030432,0.507643831014045,0.8449690120306234,2.1976842880249023,17.70062017440796,0.6
1200049,baseline_harder,Baseline harder irregularity,0.6,50,brits_mi_refined,BRITS-MI,0.6518506407737732,0.8978489164623558,1.0,2000,50,,0.8400912729495347,0.7885117069804585,0.5041871928794361,0.835631652012957,2.097846269607544,20.00999093055725,0.6
1200050,baseline_harder,Baseline harder irregularity,0.6,50,brits_mi_refined,BRITS-MI,0.6966500878334045,0.9504799023162585,1.0,2000,50,,0.867503982318206,0.8361447371735855,0.4630052186489995,0.8477110223790509,2.220484972000122,30.68083691596985,0.6
1200051,baseline_harder,Baseline harder irregularity,0.6,50,brits_mi_refined,BRITS-MI,0.6545975208282471,0.8951875421077254,1.0,2000,50,,0.8403183549261284,0.7892888091763544,0.499715626878592,0.8335504279866022,2.0883054733276367,20.721906900405884,0.6
1200052,baseline_harder,Baseline harder irregularity,0.6,50,brits_mi_refined,BRITS-MI,0.6525751352310181,0.9006973018833043,1.0,2000,50,,0.8264200163871216,0.7665763847393472,0.5209449139980575,0.8215603098487643,1.992459058761597,19.75161504745483,0.6
1200053,baseline_harder,Baseline harder irregularity,0.6,50,brits_mi_refined,BRITS-MI,0.6487036347389221,0.8934957319483471,1.0,2000,50,,0.8358104797249535,0.776139534584144,0.5053726861874355,0.8426518312471024,2.1295886039733887,19.389734983444217,0.6
1200054,baseline_harder,Baseline harder irregularity,0.6,50,brits_mi_refined,BRITS-MI,0.644158661365509,0.8803867502059152,1.0,2000,50,,0.829033232507522,0.7987827440356984,0.5153056552328421,0.8659726740403383,2.234220266342163,20.03718090057373,0.6
1200055,baseline_harder,Baseline harder irregularity,0.6,50,brits_mi_refined,BRITS-MI,0.6686557531356812,0.9306508301502104,1.0,2000,50,,0.8433535940803382,0.8141236031278333,0.4931474182445189,0.8272372818418121,2.0449161529541016,23.80393409729004,0.6
1200056,baseline_harder,Baseline harder irregularity,0.6,50,brits_mi_refined,BRITS-MI,0.6520111560821533,0.9049704645168584,1.0,2000,50,,0.8480375662456587,0.8089054177601442,0.4886555885571057,0.8204137931034483,1.943015217781067,22.851725101470947,0.6
1200057,baseline_harder,Baseline harder irregularity,0.6,50,brits_mi_refined,BRITS-MI,0.6638577580451965,0.9053951627533918,1.0,2000,50,,0.844205262231045,0.7976409827159177,0.4975404434493926,0.8158650727458067,2.057771682739258,26.808629035949707,0.6
1200058,baseline_harder,Baseline harder irregularity,0.6,50,brits_mi_refined,BRITS-MI,0.6566780209541321,0.9059325725526564,1.0,2000,50,,0.8468909165846864,0.8148634826389362,0.4885949755089709,0.8379029270100037,2.0980002880096436,24.250838041305546,0.6
1200059,baseline_harder,Baseline harder irregularity,0.6,50,brits_mi_refined,BRITS-MI,0.6447451114654541,0.8917625267844268,1.0,2000,50,,0.8250952940041174,0.7550960719879278,0.5177745371130192,0.831738730450782,2.1103675365448,23.774799823760983,0.6
1200060,baseline_harder,Baseline harder irregularity,0.6,50,brits_mi_refined,BRITS-MI,0.6544435024261475,0.9014707332274532,1.0,2000,50,,0.8604989259205823,0.835305231832679,0.4784269784894358,0.8309169821774863,2.1037580966949463,26.17027497291565,0.6
1200061,baseline_harder,Baseline harder irregularity,0.6,50,brits_mi_refined,BRITS-MI,0.6583752036094666,0.9204808651791409,1.0,2000,50,,0.8313050830986495,0.7864427369229694,0.5086288752331474,0.8366682177757097,2.0999279022216797,23.327651977539062,0.6
1200062,baseline_harder,Baseline harder irregularity,0.6,50,brits_mi_refined,BRITS-MI,0.6495214104652405,0.9068013697801304,1.0,2000,50,,0.8188771037648612,0.7562387580095841,0.5301549454375447,0.836909074022476,2.09956955909729,24.20722699165344,0.6
1200063,baseline_harder,Baseline harder irregularity,0.6,50,brits_mi_refined,BRITS-MI,0.6702798008918762,0.9272098536695303,1.0,2000,50,,0.8615609600826395,0.8369752441697857,0.4744158753416472,0.8188257222739982,2.070307731628418,40.996521949768066,0.6
1200064,baseline_harder,Baseline harder irregularity,0.6,50,brits_mi_refined,BRITS-MI,0.6528102159500122,0.9092171995004568,1.0,2000,50,,0.8454804429934064,0.80775108449902,0.4946207135568402,0.8319566813509545,2.084807872772217,36.862212896347046,0.6
1200065,baseline_harder,Baseline harder irregularity,0.6,50,brits_mi_refined,BRITS-MI,0.6625804305076599,0.9189853875736258,1.0,2000,50,,0.8348260651629072,0.7892488205595354,0.5082668375275565,0.8377495801455496,2.1310338973999023,45.17462205886841,0.6
1200066,baseline_harder,Baseline harder irregularity,0.6,50,brits_mi_refined,BRITS-MI,0.6510815024375916,0.8876409154773302,1.0,2000,50,,0.8415023481729285,0.7871385760347185,0.4976040003674787,0.8308337214718211,2.0486702919006348,43.675235986709595,0.6
1200067,baseline_harder,Baseline harder irregularity,0.6,50,brits_mi_refined,BRITS-MI,0.647006094455719,0.8911679430791549,1.0,2000,50,,0.8216651592804745,0.7762092141207154,0.5260389589980362,0.8499349563278201,2.1588876247406006,44.515795946121216,0.6
1200068,baseline_harder,Baseline harder irregularity,0.6,50,brits_mi_refined,BRITS-MI,0.6606785655021667,0.9096559903939944,1.0,2000,50,,0.821777587344502,0.7713129084270725,0.5235652473041391,0.8265343964398294,2.065380334854126,46.02226901054382,0.6
1200069,baseline_harder,Baseline harder irregularity,0.6,50,brits_mi_refined,BRITS-MI,0.6780887246131897,0.9231867106514936,1.0,2000,50,,0.8230794818769136,0.7635190772421389,0.5236912365810452,0.8275798412405391,2.087791204452514,34.06736421585083,0.6
1200070,baseline_harder,Baseline harder irregularity,0.6,50,brits_mi_refined,BRITS-MI,0.6731531620025635,0.908213394683038,1.0,2000,50,,0.8219937439517506,0.7565530063986989,0.5224256246726668,0.8208732892654316,2.018653631210327,46.82945990562439,0.6
1200071,baseline_harder,Baseline harder irregularity,0.6,50,brits_mi_refined,BRITS-MI,0.6514828205108643,0.9121303323861408,1.0,2000,50,,0.817950091486903,0.7572861497624108,0.5305196107370085,0.8471619750807569,2.1524529457092285,41.480870962142944,0.6
1200072,baseline_harder,Baseline harder irregularity,0.6,50,brits_mi_refined,BRITS-MI,0.6536156535148621,0.9157056131949004,1.0,2000,50,,0.843317889217281,0.7960148170706092,0.4988219648160762,0.8130641109146739,2.060698986053467,45.253082036972046,0.6
1200073,baseline_harder,Baseline harder irregularity,0.6,50,brits_mi_refined,BRITS-MI,0.6434081792831421,0.880711903713217,1.0,2000,50,,0.7958159632535211,0.7343198891750573,0.5572040753960402,0.8201102700682179,2.052201747894287,32.430835008621216,0.6
1200074,baseline_harder,Baseline harder irregularity,0.6,50,brits_mi_refined,BRITS-MI,0.6679448485374451,0.9380539474670156,1.0,2000,50,,0.8473227902061794,0.8328393789984522,0.4872645303388672,0.8301574150787076,2.0613529682159424,41.73355293273926,0.6
1200075,baseline_harder,Baseline harder irregularity,0.6,50,brits_mi_refined,BRITS-MI,0.6622845530509949,0.905435042774818,1.0,2000,50,,0.8271238932727835,0.7683013958334206,0.5222802633213205,0.8534730594454234,2.19492244720459,29.294004917144775,0.6
1200076,baseline_harder,Baseline harder irregularity,0.6,50,brits_mi_refined,BRITS-MI,0.6677888035774231,0.9090352491595244,1.0,2000,50,,0.8492401813492038,0.8047738067895686,0.4940886771842207,0.8508894477042004,2.150993585586548,41.56433916091919,0.6
1200077,baseline_harder,Baseline harder irregularity,0.6,50,brits_mi_refined,BRITS-MI,0.6708347201347351,0.9192125521832136,1.0,2000,50,,0.8385885434214115,0.7876359751685713,0.5011427592687091,0.8276948744091204,2.020049810409546,41.93028926849365,0.6
1200078,baseline_harder,Baseline harder irregularity,0.6,50,brits_mi_refined,BRITS-MI,0.665478527545929,0.907173941630279,1.0,2000,50,,0.8289171015656364,0.7749149558086813,0.5206983849464537,0.8247097073850441,2.107522487640381,33.80092000961304,0.6
1200079,baseline_harder,Baseline harder irregularity,0.6,50,brits_mi_refined,BRITS-MI,0.6655244827270508,0.9184763009063822,1.0,2000,50,,0.8353323008336035,0.793772643222332,0.5093961416226391,0.8331330313395581,2.086333751678467,36.71461510658264,0.6
1200080,baseline_harder,Baseline harder irregularity,0.6,50,brits_mi_refined,BRITS-MI,0.6498529314994812,0.8962800761130607,1.0,2000,50,,0.8405509578843955,0.7990371399816403,0.5055017363745655,0.8417990395271518,2.074178457260132,36.45009994506836,0.6
1200081,baseline_harder,Baseline harder irregularity,0.6,50,brits_mi_refined,BRITS-MI,0.6573265790939331,0.8957889887735845,1.0,2000,50,,0.8468227317694813,0.8333928413871019,0.493122016481159,0.8326371484266221,2.106313705444336,37.73569202423096,0.6
1200082,baseline_harder,Baseline harder irregularity,0.6,50,brits_mi_refined,BRITS-MI,0.6512589454650879,0.8944827351435117,1.0,2000,50,,0.85456792005488,0.8100999613629168,0.4852921474001918,0.8206743238236384,2.0644288063049316,40.8754940032959,0.6
1200083,baseline_harder,Baseline harder irregularity,0.6,50,brits_mi_refined,BRITS-MI,0.6641486883163452,0.9242374798999684,1.0,2000,50,,0.8444252742241849,0.7827257573128608,0.4952795980681241,0.8463810930576071,2.146972417831421,43.56069612503052,0.6
1200084,baseline_harder,Baseline harder irregularity,0.6,50,brits_mi_refined,BRITS-MI,0.6571782827377319,0.9144284758651864,1.0,2000,50,,0.8131547333979934,0.7356459428411277,0.5316277434366449,0.8434022988505747,2.1151487827301025,29.89349102973938,0.6
1200085,baseline_harder,Baseline harder irregularity,0.6,50,brits_mi_refined,BRITS-MI,0.6609537601470947,0.8972212789854543,1.0,2000,50,,0.7924242606203263,0.7194503327069873,0.5530516938719534,0.8329770424760665,2.057065963745117,29.593343019485474,0.6
1200086,baseline_harder,Baseline harder irregularity,0.6,50,brits_mi_refined,BRITS-MI,0.6670005321502686,0.9297604422630606,1.0,2000,50,,0.8457558108640575,0.7997923855977783,0.4956564662726695,0.8285767234988881,1.9871537685394287,37.14579677581787,0.6
1200087,baseline_harder,Baseline harder irregularity,0.6,50,brits_mi_refined,BRITS-MI,0.6462061405181885,0.906754492079754,1.0,2000,50,,0.8411621224672742,0.8003235318322178,0.4994044888516057,0.8378403580753451,2.063197612762451,30.886620044708252,0.6
1200088,baseline_harder,Baseline harder irregularity,0.6,50,brits_mi_refined,BRITS-MI,0.6539270281791687,0.9065462919130188,1.0,2000,50,,0.8427657660092137,0.8020021348108939,0.4929593375287069,0.8401335311572701,2.1298704147338867,36.21414804458618,0.6
1200089,baseline_harder,Baseline harder irregularity,0.6,50,brits_mi_refined,BRITS-MI,0.6822581887245178,0.9219915323662664,1.0,2000,50,,0.8601943556148902,0.8369293383052162,0.4734573936860652,0.8333179254876583,2.077638864517212,34.710289001464844,0.6
1200090,baseline_harder,Baseline harder irregularity,0.6,50,brits_mi_refined,BRITS-MI,0.6767310500144958,0.9308258165321964,1.0,2000,50,,0.8515539912005028,0.8054670165291921,0.4840600620568969,0.8010652214539339,1.9658013582229616,41.50842595100403,0.6
1200091,baseline_harder,Baseline harder irregularity,0.6,50,brits_mi_refined,BRITS-MI,0.6608228087425232,0.908716138039598,1.0,2000,50,,0.8296158296158297,0.7863652644223825,0.5219830668768396,0.8559948272676889,2.1330113410949707,31.313755989074707,0.6
1200092,baseline_harder,Baseline harder irregularity,0.6,50,brits_mi_refined,BRITS-MI,0.6461923718452454,0.8758901285609898,1.0,2000,50,,0.8090000251060732,0.7438806641862158,0.5420089244561398,0.8251162790697675,1.9852325916290283,30.30838513374329,0.6
1200093,baseline_harder,Baseline harder irregularity,0.6,50,brits_mi_refined,BRITS-MI,0.6560356616973877,0.9007058228111281,1.0,2000,50,,0.8546133618737248,0.8352117893645437,0.4852922762253125,0.8201705598813497,2.0196473598480225,42.80454182624817,0.6
1200094,baseline_harder,Baseline harder irregularity,0.6,50,brits_mi_refined,BRITS-MI,0.6567108631134033,0.8991371014733146,1.0,2000,50,,0.8302405311549378,0.7662148027038872,0.5170320940174203,0.8435449588762591,2.1820931434631348,40.13185000419617,0.6
1200095,baseline_harder,Baseline harder irregularity,0.6,50,brits_mi_refined,BRITS-MI,0.6583106517791748,0.8935649772870498,1.0,2000,50,,0.8462660727724697,0.7985239988749474,0.4991730978964047,0.855727781344584,2.1647374629974365,33.25348114967346,0.6
1200096,baseline_harder,Baseline harder irregularity,0.6,50,brits_mi_refined,BRITS-MI,0.6548189520835876,0.8956368552782602,1.0,2000,50,,0.8594439708819069,0.8313470130411597,0.4793715537915153,0.8159111933395005,1.9458584785461424,36.84686899185181,0.6
1200097,baseline_harder,Baseline harder irregularity,0.6,50,brits_mi_refined,BRITS-MI,0.6415615677833557,0.904820830015098,1.0,2000,50,,0.825820594428638,0.7671562473914189,0.5197049924205497,0.8308106602284334,2.0457589626312256,36.226994037628174,0.6
1200098,baseline_harder,Baseline harder irregularity,0.6,50,brits_mi_refined,BRITS-MI,0.6810709834098816,0.9264686347753354,1.0,2000,50,,0.8655920165800868,0.8477602441776091,0.4667970789562823,0.8363089644803609,2.1385297775268555,44.58312797546387,0.6
1200099,baseline_harder,Baseline harder irregularity,0.6,50,brits_mi_refined,BRITS-MI,0.6827723383903503,0.9411018515496892,1.0,2000,50,,0.8263712041130117,0.7650878101158185,0.5226421625440819,0.8366441836828975,2.0910449028015137,36.203431129455566,0.6
1200000,baseline_harder,Baseline harder irregularity,0.6,50,mice,MICE,0.7111768045595871,0.9957331223959472,1.0,2000,50,,,,,,,,0.6
1200001,baseline_harder,Baseline harder irregularity,0.6,50,mice,MICE,0.749356462683543,1.0412783790239466,1.0,2000,50,,,,,,,,0.6
1200002,baseline_harder,Baseline harder irregularity,0.6,50,mice,MICE,0.6923939194187718,0.9695707112360624,1.0,2000,50,,,,,,,,0.6
1200003,baseline_harder,Baseline harder irregularity,0.6,50,mice,MICE,0.8395944159902605,1.1943404769287222,1.0,2000,50,,,,,,,,0.6
1200004,baseline_harder,Baseline harder irregularity,0.6,50,mice,MICE,0.6990218588259595,0.971345180683954,1.0,2000,50,,,,,,,,0.6
1200005,baseline_harder,Baseline harder irregularity,0.6,50,mice,MICE,0.7096468192130613,0.9461293124672828,1.0,2000,50,,,,,,,,0.6
1200006,baseline_harder,Baseline harder irregularity,0.6,50,mice,MICE,0.7047400561912517,0.987944120595662,1.0,2000,50,,,,,,,,0.6
1200007,baseline_harder,Baseline harder irregularity,0.6,50,mice,MICE,0.7750610080021593,1.0765695319239337,1.0,2000,50,,,,,,,,0.6
1200008,baseline_harder,Baseline harder irregularity,0.6,50,mice,MICE,0.7242117798979074,0.998560388602496,1.0,2000,50,,,,,,,,0.6
1200009,baseline_harder,Baseline harder irregularity,0.6,50,mice,MICE,0.6855061127026988,0.9566092899029286,1.0,2000,50,,,,,,,,0.6
1200010,baseline_harder,Baseline harder irregularity,0.6,50,mice,MICE,0.7447599617360213,1.0689056124046743,1.0,2000,50,,,,,,,,0.6
1200011,baseline_harder,Baseline harder irregularity,0.6,50,mice,MICE,0.7101207711854818,1.0017459563753186,1.0,2000,50,,,,,,,,0.6
1200012,baseline_harder,Baseline harder irregularity,0.6,50,mice,MICE,0.7604957596344891,1.090352790247574,1.0,2000,50,,,,,,,,0.6
1200013,baseline_harder,Baseline harder irregularity,0.6,50,mice,MICE,0.7517990471937482,1.0806285956024386,1.0,2000,50,,,,,,,,0.6
1200014,baseline_harder,Baseline harder irregularity,0.6,50,mice,MICE,0.7575166824917408,1.0430376897257834,1.0,2000,50,,,,,,,,0.6
1200015,baseline_harder,Baseline harder irregularity,0.6,50,mice,MICE,0.7327031614733053,1.0049623002093544,1.0,2000,50,,,,,,,,0.6
1200016,baseline_harder,Baseline harder irregularity,0.6,50,mice,MICE,0.7537203189861812,1.0711086617312982,1.0,2000,50,,,,,,,,0.6
1200017,baseline_harder,Baseline harder irregularity,0.6,50,mice,MICE,0.7141970871797071,1.0148203043118929,1.0,2000,50,,,,,,,,0.6
1200018,baseline_harder,Baseline harder irregularity,0.6,50,mice,MICE,0.712392331946414,1.0102619072621586,1.0,2000,50,,,,,,,,0.6
1200019,baseline_harder,Baseline harder irregularity,0.6,50,mice,MICE,0.7083220991704031,0.9587793867827894,1.0,2000,50,,,,,,,,0.6
1200020,baseline_harder,Baseline harder irregularity,0.6,50,mice,MICE,0.6818915695344119,0.987503914015028,1.0,2000,50,,,,,,,,0.6
1200021,baseline_harder,Baseline harder irregularity,0.6,50,mice,MICE,0.7672135814191091,1.1431605951474813,1.0,2000,50,,,,,,,,0.6
1200022,baseline_harder,Baseline harder irregularity,0.6,50,mice,MICE,0.7199034934919594,1.0129962169118711,1.0,2000,50,,,,,,,,0.6
1200023,baseline_harder,Baseline harder irregularity,0.6,50,mice,MICE,0.7356670086406758,1.0311099959358658,1.0,2000,50,,,,,,,,0.6
1200024,baseline_harder,Baseline harder irregularity,0.6,50,mice,MICE,0.7171197156016852,1.0339316556086953,1.0,2000,50,,,,,,,,0.6
1200025,baseline_harder,Baseline harder irregularity,0.6,50,mice,MICE,0.8083833300101361,1.115055291973698,1.0,2000,50,,,,,,,,0.6
1200026,baseline_harder,Baseline harder irregularity,0.6,50,mice,MICE,0.7378769343642202,0.9971271351220438,1.0,2000,50,,,,,,,,0.6
1200027,baseline_harder,Baseline harder irregularity,0.6,50,mice,MICE,0.752914849712978,1.0228733296684136,1.0,2000,50,,,,,,,,0.6
1200028,baseline_harder,Baseline harder irregularity,0.6,50,mice,MICE,0.7051731244978677,0.9569408180766126,1.0,2000,50,,,,,,,,0.6
1200029,baseline_harder,Baseline harder irregularity,0.6,50,mice,MICE,0.7362838097337671,1.0152876561150188,1.0,2000,50,,,,,,,,0.6
1200030,baseline_harder,Baseline harder irregularity,0.6,50,mice,MICE,0.7397848825030785,1.0600923753540434,1.0,2000,50,,,,,,,,0.6
1200031,baseline_harder,Baseline harder irregularity,0.6,50,mice,MICE,0.7479337746166687,0.9884927120536234,1.0,2000,50,,,,,,,,0.6
1200032,baseline_harder,Baseline harder irregularity,0.6,50,mice,MICE,0.6890078724436316,0.9608229023526492,1.0,2000,50,,,,,,,,0.6
1200033,baseline_harder,Baseline harder irregularity,0.6,50,mice,MICE,0.7188491825839154,1.0049395021059626,1.0,2000,50,,,,,,,,0.6
1200034,baseline_harder,Baseline harder irregularity,0.6,50,mice,MICE,0.7312771223367646,1.0293171665370642,1.0,2000,50,,,,,,,,0.6
1200035,baseline_harder,Baseline harder irregularity,0.6,50,mice,MICE,0.7285629974996991,0.99508375296627,1.0,2000,50,,,,,,,,0.6
1200036,baseline_harder,Baseline harder irregularity,0.6,50,mice,MICE,0.7119701286552146,1.0093308535475596,1.0,2000,50,,,,,,,,0.6
1200037,baseline_harder,Baseline harder irregularity,0.6,50,mice,MICE,0.7172934506730071,0.9896868814140216,1.0,2000,50,,,,,,,,0.6
1200038,baseline_harder,Baseline harder irregularity,0.6,50,mice,MICE,0.7207733362291653,0.980704965695794,1.0,2000,50,,,,,,,,0.6
1200039,baseline_harder,Baseline harder irregularity,0.6,50,mice,MICE,0.7196671711094559,1.019317696562544,1.0,2000,50,,,,,,,,0.6
1200040,baseline_harder,Baseline harder irregularity,0.6,50,mice,MICE,0.7785244538762297,1.0862480484726622,1.0,2000,50,,,,,,,,0.6
1200041,baseline_harder,Baseline harder irregularity,0.6,50,mice,MICE,0.7082992021034816,0.9929225192815956,1.0,2000,50,,,,,,,,0.6
1200042,baseline_harder,Baseline harder irregularity,0.6,50,mice,MICE,0.7294531482476929,0.9884145818861348,1.0,2000,50,,,,,,,,0.6
1200043,baseline_harder,Baseline harder irregularity,0.6,50,mice,MICE,0.7152596374465343,1.005976997588209,1.0,2000,50,,,,,,,,0.6
1200044,baseline_harder,Baseline harder irregularity,0.6,50,mice,MICE,0.706257556579939,0.9635981948385912,1.0,2000,50,,,,,,,,0.6
1200045,baseline_harder,Baseline harder irregularity,0.6,50,mice,MICE,0.735252483681784,1.051097516367956,1.0,2000,50,,,,,,,,0.6
1200046,baseline_harder,Baseline harder irregularity,0.6,50,mice,MICE,0.743392796659806,1.035864603065161,1.0,2000,50,,,,,,,,0.6
1200047,baseline_harder,Baseline harder irregularity,0.6,50,mice,MICE,0.7203052854978491,1.0247552779178206,1.0,2000,50,,,,,,,,0.6
1200048,baseline_harder,Baseline harder irregularity,0.6,50,mice,MICE,0.7002688754988283,0.9766152531315606,1.0,2000,50,,,,,,,,0.6
1200049,baseline_harder,Baseline harder irregularity,0.6,50,mice,MICE,0.7223987972720602,1.054772376298774,1.0,2000,50,,,,,,,,0.6
1200050,baseline_harder,Baseline harder irregularity,0.6,50,mice,MICE,0.7475416713770365,1.0570084864320688,1.0,2000,50,,,,,,,,0.6
1200051,baseline_harder,Baseline harder irregularity,0.6,50,mice,MICE,0.7861921163770899,1.1386460270545145,1.0,2000,50,,,,,,,,0.6
1200052,baseline_harder,Baseline harder irregularity,0.6,50,mice,MICE,0.6998023674825486,0.9491257198964408,1.0,2000,50,,,,,,,,0.6
1200053,baseline_harder,Baseline harder irregularity,0.6,50,mice,MICE,0.7475902703272557,1.0462043335255986,1.0,2000,50,,,,,,,,0.6
1200054,baseline_harder,Baseline harder irregularity,0.6,50,mice,MICE,0.7229752014501661,1.0159744373427069,1.0,2000,50,,,,,,,,0.6
1200055,baseline_harder,Baseline harder irregularity,0.6,50,mice,MICE,0.7452316424534791,1.0377620568731334,1.0,2000,50,,,,,,,,0.6
1200056,baseline_harder,Baseline harder irregularity,0.6,50,mice,MICE,0.6990072613990114,0.9705839546211792,1.0,2000,50,,,,,,,,0.6
1200057,baseline_harder,Baseline harder irregularity,0.6,50,mice,MICE,0.7579149392385668,1.0759270589041334,1.0,2000,50,,,,,,,,0.6
1200058,baseline_harder,Baseline harder irregularity,0.6,50,mice,MICE,0.7221856123475089,0.9955586552455384,1.0,2000,50,,,,,,,,0.6
1200059,baseline_harder,Baseline harder irregularity,0.6,50,mice,MICE,0.7603814178555149,1.0847510494225672,1.0,2000,50,,,,,,,,0.6
1200060,baseline_harder,Baseline harder irregularity,0.6,50,mice,MICE,0.7090258591074057,1.0011384006297104,1.0,2000,50,,,,,,,,0.6
1200061,baseline_harder,Baseline harder irregularity,0.6,50,mice,MICE,0.699211353898076,0.99267472402951,1.0,2000,50,,,,,,,,0.6
1200062,baseline_harder,Baseline harder irregularity,0.6,50,mice,MICE,0.7399580086316642,1.028669197318702,1.0,2000,50,,,,,,,,0.6
1200063,baseline_harder,Baseline harder irregularity,0.6,50,mice,MICE,0.7826552250169976,1.115591250002264,1.0,2000,50,,,,,,,,0.6
1200064,baseline_harder,Baseline harder irregularity,0.6,50,mice,MICE,0.7361634189440152,1.0128129261101788,1.0,2000,50,,,,,,,,0.6
1200065,baseline_harder,Baseline harder irregularity,0.6,50,mice,MICE,0.6941795095793842,0.9817181512342332,1.0,2000,50,,,,,,,,0.6
1200066,baseline_harder,Baseline harder irregularity,0.6,50,mice,MICE,0.7199051776460057,0.9867225526334054,1.0,2000,50,,,,,,,,0.6
1200067,baseline_harder,Baseline harder irregularity,0.6,50,mice,MICE,0.7078067379819797,0.9643604736402944,1.0,2000,50,,,,,,,,0.6
1200068,baseline_harder,Baseline harder irregularity,0.6,50,mice,MICE,0.7349462160643349,1.0267999181885474,1.0,2000,50,,,,,,,,0.6
1200069,baseline_harder,Baseline harder irregularity,0.6,50,mice,MICE,0.7404519440547402,1.0526160599180516,1.0,2000,50,,,,,,,,0.6
1200070,baseline_harder,Baseline harder irregularity,0.6,50,mice,MICE,0.7845772287096168,1.06235098940522,1.0,2000,50,,,,,,,,0.6
1200071,baseline_harder,Baseline harder irregularity,0.6,50,mice,MICE,0.8083679745645367,1.137294901656229,1.0,2000,50,,,,,,,,0.6
1200072,baseline_harder,Baseline harder irregularity,0.6,50,mice,MICE,0.7505447311185243,1.0599171184288232,1.0,2000,50,,,,,,,,0.6
1200073,baseline_harder,Baseline harder irregularity,0.6,50,mice,MICE,0.7503724831138368,1.0302186098323185,1.0,2000,50,,,,,,,,0.6
1200074,baseline_harder,Baseline harder irregularity,0.6,50,mice,MICE,0.6772282226167462,0.932106187090748,1.0,2000,50,,,,,,,,0.6
1200075,baseline_harder,Baseline harder irregularity,0.6,50,mice,MICE,0.7350001840828495,1.052086881947452,1.0,2000,50,,,,,,,,0.6
1200076,baseline_harder,Baseline harder irregularity,0.6,50,mice,MICE,0.7349794386873464,1.0016123216328991,1.0,2000,50,,,,,,,,0.6
1200077,baseline_harder,Baseline harder irregularity,0.6,50,mice,MICE,0.6834583223308108,0.9655656362566524,1.0,2000,50,,,,,,,,0.6
1200078,baseline_harder,Baseline harder irregularity,0.6,50,mice,MICE,0.7288082565030019,1.0117634681074,1.0,2000,50,,,,,,,,0.6
1200079,baseline_harder,Baseline harder irregularity,0.6,50,mice,MICE,0.7506112244888365,1.0741569535621136,1.0,2000,50,,,,,,,,0.6
1200080,baseline_harder,Baseline harder irregularity,0.6,50,mice,MICE,0.6898752902325253,0.931432152049888,1.0,2000,50,,,,,,,,0.6
1200081,baseline_harder,Baseline harder irregularity,0.6,50,mice,MICE,0.729720818072448,1.0214439086666445,1.0,2000,50,,,,,,,,0.6
1200082,baseline_harder,Baseline harder irregularity,0.6,50,mice,MICE,0.7359195108407847,1.027126310736516,1.0,2000,50,,,,,,,,0.6
1200083,baseline_harder,Baseline harder irregularity,0.6,50,mice,MICE,0.7186121211707729,1.040362518926147,1.0,2000,50,,,,,,,,0.6
1200084,baseline_harder,Baseline harder irregularity,0.6,50,mice,MICE,0.7314737086868475,1.0820758566581328,1.0,2000,50,,,,,,,,0.6
1200085,baseline_harder,Baseline harder irregularity,0.6,50,mice,MICE,0.7374678263057082,1.0317472885241368,1.0,2000,50,,,,,,,,0.6
1200086,baseline_harder,Baseline harder irregularity,0.6,50,mice,MICE,0.753338220556889,1.013128014443041,1.0,2000,50,,,,,,,,0.6
1200087,baseline_harder,Baseline harder irregularity,0.6,50,mice,MICE,0.7114118862854193,1.0190337295501952,1.0,2000,50,,,,,,,,0.6
1200088,baseline_harder,Baseline harder irregularity,0.6,50,mice,MICE,0.7435085189315098,1.0507961268048902,1.0,2000,50,,,,,,,,0.6
1200089,baseline_harder,Baseline harder irregularity,0.6,50,mice,MICE,0.775244853365639,1.1043490983035231,1.0,2000,50,,,,,,,,0.6
1200090,baseline_harder,Baseline harder irregularity,0.6,50,mice,MICE,0.740522932932304,1.0652533739305758,1.0,2000,50,,,,,,,,0.6
1200091,baseline_harder,Baseline harder irregularity,0.6,50,mice,MICE,0.6764618178195084,0.9484511313321332,1.0,2000,50,,,,,,,,0.6
1200092,baseline_harder,Baseline harder irregularity,0.6,50,mice,MICE,0.7100361039715204,0.9926412415254128,1.0,2000,50,,,,,,,,0.6
1200093,baseline_harder,Baseline harder irregularity,0.6,50,mice,MICE,0.7361847979101431,0.9882860090827836,1.0,2000,50,,,,,,,,0.6
1200094,baseline_harder,Baseline harder irregularity,0.6,50,mice,MICE,0.7437179436920626,1.061667822153029,1.0,2000,50,,,,,,,,0.6
1200095,baseline_harder,Baseline harder irregularity,0.6,50,mice,MICE,0.7286473098007872,1.0067306782942531,1.0,2000,50,,,,,,,,0.6
1200096,baseline_harder,Baseline harder irregularity,0.6,50,mice,MICE,0.729857873650933,1.0556899071531258,1.0,2000,50,,,,,,,,0.6
1200097,baseline_harder,Baseline harder irregularity,0.6,50,mice,MICE,0.7556913250607711,1.0905956641249643,1.0,2000,50,,,,,,,,0.6
1200098,baseline_harder,Baseline harder irregularity,0.6,50,mice,MICE,0.7160582270988385,0.978882146529264,1.0,2000,50,,,,,,,,0.6
1200099,baseline_harder,Baseline harder irregularity,0.6,50,mice,MICE,0.7377184971534634,1.0749570382335585,1.0,2000,50,,,,,,,,0.6
1200000,baseline_harder,Baseline harder irregularity,0.6,1,full_data,Full data,0.0,0.0,1.0,2000,1,,,,,,,,0.6
1200000,baseline_harder,Baseline harder irregularity,0.6,1,mean_impute,Mean imputation,0.8858433945709258,1.2357192047260313,1.0,2000,1,,,,,,,,0.6
1200001,baseline_harder,Baseline harder irregularity,0.6,1,full_data,Full data,0.0,0.0,1.0,2000,1,,,,,,,,0.6
1200001,baseline_harder,Baseline harder irregularity,0.6,1,mean_impute,Mean imputation,0.8935160495633165,1.259194491832302,1.0,2000,1,,,,,,,,0.6
1200002,baseline_harder,Baseline harder irregularity,0.6,1,full_data,Full data,0.0,0.0,1.0,2000,1,,,,,,,,0.6
1200002,baseline_harder,Baseline harder irregularity,0.6,1,mean_impute,Mean imputation,0.8874217611372219,1.2388068202138809,1.0,2000,1,,,,,,,,0.6
1200003,baseline_harder,Baseline harder irregularity,0.6,1,full_data,Full data,0.0,0.0,1.0,2000,1,,,,,,,,0.6
1200003,baseline_harder,Baseline harder irregularity,0.6,1,mean_impute,Mean imputation,0.9004351390261026,1.2608054269004334,1.0,2000,1,,,,,,,,0.6
1200004,baseline_harder,Baseline harder irregularity,0.6,1,full_data,Full data,0.0,0.0,1.0,2000,1,,,,,,,,0.6
1200004,baseline_harder,Baseline harder irregularity,0.6,1,mean_impute,Mean imputation,0.8986212695960365,1.2543418267920732,1.0,2000,1,,,,,,,,0.6
1200005,baseline_harder,Baseline harder irregularity,0.6,1,full_data,Full data,0.0,0.0,1.0,2000,1,,,,,,,,0.6
1200005,baseline_harder,Baseline harder irregularity,0.6,1,mean_impute,Mean imputation,0.8995300481578741,1.253083676243349,1.0,2000,1,,,,,,,,0.6
1200006,baseline_harder,Baseline harder irregularity,0.6,1,full_data,Full data,0.0,0.0,1.0,2000,1,,,,,,,,0.6
1200006,baseline_harder,Baseline harder irregularity,0.6,1,mean_impute,Mean imputation,0.8733442100564761,1.2107761267950226,1.0,2000,1,,,,,,,,0.6
1200007,baseline_harder,Baseline harder irregularity,0.6,1,full_data,Full data,0.0,0.0,1.0,2000,1,,,,,,,,0.6
1200007,baseline_harder,Baseline harder irregularity,0.6,1,mean_impute,Mean imputation,0.9181535701268438,1.277431006365217,1.0,2000,1,,,,,,,,0.6
1200008,baseline_harder,Baseline harder irregularity,0.6,1,full_data,Full data,0.0,0.0,1.0,2000,1,,,,,,,,0.6
1200008,baseline_harder,Baseline harder irregularity,0.6,1,mean_impute,Mean imputation,0.9131207356999288,1.293316613725267,1.0,2000,1,,,,,,,,0.6
1200009,baseline_harder,Baseline harder irregularity,0.6,1,full_data,Full data,0.0,0.0,1.0,2000,1,,,,,,,,0.6
1200009,baseline_harder,Baseline harder irregularity,0.6,1,mean_impute,Mean imputation,0.9185574074245628,1.2898580540184466,1.0,2000,1,,,,,,,,0.6
1200010,baseline_harder,Baseline harder irregularity,0.6,1,full_data,Full data,0.0,0.0,1.0,2000,1,,,,,,,,0.6
1200010,baseline_harder,Baseline harder irregularity,0.6,1,mean_impute,Mean imputation,0.8819208223875745,1.2518330145045,1.0,2000,1,,,,,,,,0.6
1200011,baseline_harder,Baseline harder irregularity,0.6,1,full_data,Full data,0.0,0.0,1.0,2000,1,,,,,,,,0.6
1200011,baseline_harder,Baseline harder irregularity,0.6,1,mean_impute,Mean imputation,0.900813058530444,1.2649385863831568,1.0,2000,1,,,,,,,,0.6
1200012,baseline_harder,Baseline harder irregularity,0.6,1,full_data,Full data,0.0,0.0,1.0,2000,1,,,,,,,,0.6
1200012,baseline_harder,Baseline harder irregularity,0.6,1,mean_impute,Mean imputation,0.8896028390910763,1.239311815008614,1.0,2000,1,,,,,,,,0.6
1200013,baseline_harder,Baseline harder irregularity,0.6,1,full_data,Full data,0.0,0.0,1.0,2000,1,,,,,,,,0.6
1200013,baseline_harder,Baseline harder irregularity,0.6,1,mean_impute,Mean imputation,0.8807227864235126,1.257422780165896,1.0,2000,1,,,,,,,,0.6
1200014,baseline_harder,Baseline harder irregularity,0.6,1,full_data,Full data,0.0,0.0,1.0,2000,1,,,,,,,,0.6
1200014,baseline_harder,Baseline harder irregularity,0.6,1,mean_impute,Mean imputation,0.9056923821835166,1.2534546170870629,1.0,2000,1,,,,,,,,0.6
1200015,baseline_harder,Baseline harder irregularity,0.6,1,full_data,Full data,0.0,0.0,1.0,2000,1,,,,,,,,0.6
1200015,baseline_harder,Baseline harder irregularity,0.6,1,mean_impute,Mean imputation,0.9020089433613158,1.2554801345574371,1.0,2000,1,,,,,,,,0.6
1200016,baseline_harder,Baseline harder irregularity,0.6,1,full_data,Full data,0.0,0.0,1.0,2000,1,,,,,,,,0.6
1200016,baseline_harder,Baseline harder irregularity,0.6,1,mean_impute,Mean imputation,0.9127685082993574,1.2663761943353882,1.0,2000,1,,,,,,,,0.6
1200017,baseline_harder,Baseline harder irregularity,0.6,1,full_data,Full data,0.0,0.0,1.0,2000,1,,,,,,,,0.6
1200017,baseline_harder,Baseline harder irregularity,0.6,1,mean_impute,Mean imputation,0.8871063241470835,1.2443159430099389,1.0,2000,1,,,,,,,,0.6
1200018,baseline_harder,Baseline harder irregularity,0.6,1,full_data,Full data,0.0,0.0,1.0,2000,1,,,,,,,,0.6
1200018,baseline_harder,Baseline harder irregularity,0.6,1,mean_impute,Mean imputation,0.9095664718573216,1.28209426673155,1.0,2000,1,,,,,,,,0.6
1200019,baseline_harder,Baseline harder irregularity,0.6,1,full_data,Full data,0.0,0.0,1.0,2000,1,,,,,,,,0.6
1200019,baseline_harder,Baseline harder irregularity,0.6,1,mean_impute,Mean imputation,0.9128129055072436,1.289651802628807,1.0,2000,1,,,,,,,,0.6
1200020,baseline_harder,Baseline harder irregularity,0.6,1,full_data,Full data,0.0,0.0,1.0,2000,1,,,,,,,,0.6
1200020,baseline_harder,Baseline harder irregularity,0.6,1,mean_impute,Mean imputation,0.8793093841578393,1.2404914527280206,1.0,2000,1,,,,,,,,0.6
1200021,baseline_harder,Baseline harder irregularity,0.6,1,full_data,Full data,0.0,0.0,1.0,2000,1,,,,,,,,0.6
1200021,baseline_harder,Baseline harder irregularity,0.6,1,mean_impute,Mean imputation,0.8989621373972753,1.2345419913394875,1.0,2000,1,,,,,,,,0.6
1200022,baseline_harder,Baseline harder irregularity,0.6,1,full_data,Full data,0.0,0.0,1.0,2000,1,,,,,,,,0.6
1200022,baseline_harder,Baseline harder irregularity,0.6,1,mean_impute,Mean imputation,0.8789712182027064,1.2364437424283827,1.0,2000,1,,,,,,,,0.6
1200023,baseline_harder,Baseline harder irregularity,0.6,1,full_data,Full data,0.0,0.0,1.0,2000,1,,,,,,,,0.6
1200023,baseline_harder,Baseline harder irregularity,0.6,1,mean_impute,Mean imputation,0.914432364897066,1.2768347322426763,1.0,2000,1,,,,,,,,0.6
1200024,baseline_harder,Baseline harder irregularity,0.6,1,full_data,Full data,0.0,0.0,1.0,2000,1,,,,,,,,0.6
1200024,baseline_harder,Baseline harder irregularity,0.6,1,mean_impute,Mean imputation,0.8734742780608908,1.2271955591665562,1.0,2000,1,,,,,,,,0.6
1200025,baseline_harder,Baseline harder irregularity,0.6,1,full_data,Full data,0.0,0.0,1.0,2000,1,,,,,,,,0.6
1200025,baseline_harder,Baseline harder irregularity,0.6,1,mean_impute,Mean imputation,0.9265651575654515,1.2887890445074537,1.0,2000,1,,,,,,,,0.6
1200026,baseline_harder,Baseline harder irregularity,0.6,1,full_data,Full data,0.0,0.0,1.0,2000,1,,,,,,,,0.6
1200026,baseline_harder,Baseline harder irregularity,0.6,1,mean_impute,Mean imputation,0.8999684634480511,1.2423222749447402,1.0,2000,1,,,,,,,,0.6
1200027,baseline_harder,Baseline harder irregularity,0.6,1,full_data,Full data,0.0,0.0,1.0,2000,1,,,,,,,,0.6
1200027,baseline_harder,Baseline harder irregularity,0.6,1,mean_impute,Mean imputation,0.9151310025874758,1.248743378608629,1.0,2000,1,,,,,,,,0.6
1200028,baseline_harder,Baseline harder irregularity,0.6,1,full_data,Full data,0.0,0.0,1.0,2000,1,,,,,,,,0.6
1200028,baseline_harder,Baseline harder irregularity,0.6,1,mean_impute,Mean imputation,0.8936844188715919,1.2450555968199168,1.0,2000,1,,,,,,,,0.6
1200029,baseline_harder,Baseline harder irregularity,0.6,1,full_data,Full data,0.0,0.0,1.0,2000,1,,,,,,,,0.6
1200029,baseline_harder,Baseline harder irregularity,0.6,1,mean_impute,Mean imputation,0.9081722519728542,1.2628555832852828,1.0,2000,1,,,,,,,,0.6
1200030,baseline_harder,Baseline harder irregularity,0.6,1,full_data,Full data,0.0,0.0,1.0,2000,1,,,,,,,,0.6
1200030,baseline_harder,Baseline harder irregularity,0.6,1,mean_impute,Mean imputation,0.8975647984176452,1.267236477406078,1.0,2000,1,,,,,,,,0.6
1200031,baseline_harder,Baseline harder irregularity,0.6,1,full_data,Full data,0.0,0.0,1.0,2000,1,,,,,,,,0.6
1200031,baseline_harder,Baseline harder irregularity,0.6,1,mean_impute,Mean imputation,0.9017590275338636,1.2601041147505805,1.0,2000,1,,,,,,,,0.6
1200032,baseline_harder,Baseline harder irregularity,0.6,1,full_data,Full data,0.0,0.0,1.0,2000,1,,,,,,,,0.6
1200032,baseline_harder,Baseline harder irregularity,0.6,1,mean_impute,Mean imputation,0.8980990035718173,1.2434799564794417,1.0,2000,1,,,,,,,,0.6
1200033,baseline_harder,Baseline harder irregularity,0.6,1,full_data,Full data,0.0,0.0,1.0,2000,1,,,,,,,,0.6
1200033,baseline_harder,Baseline harder irregularity,0.6,1,mean_impute,Mean imputation,0.8990002161724494,1.2675188874686378,1.0,2000,1,,,,,,,,0.6
1200034,baseline_harder,Baseline harder irregularity,0.6,1,full_data,Full data,0.0,0.0,1.0,2000,1,,,,,,,,0.6
1200034,baseline_harder,Baseline harder irregularity,0.6,1,mean_impute,Mean imputation,0.9062871207428288,1.2572977561682124,1.0,2000,1,,,,,,,,0.6
1200035,baseline_harder,Baseline harder irregularity,0.6,1,full_data,Full data,0.0,0.0,1.0,2000,1,,,,,,,,0.6
1200035,baseline_harder,Baseline harder irregularity,0.6,1,mean_impute,Mean imputation,0.9201583508987038,1.2876361712380209,1.0,2000,1,,,,,,,,0.6
1200036,baseline_harder,Baseline harder irregularity,0.6,1,full_data,Full data,0.0,0.0,1.0,2000,1,,,,,,,,0.6
1200036,baseline_harder,Baseline harder irregularity,0.6,1,mean_impute,Mean imputation,0.8945247384730055,1.2538837298812358,1.0,2000,1,,,,,,,,0.6
1200037,baseline_harder,Baseline harder irregularity,0.6,1,full_data,Full data,0.0,0.0,1.0,2000,1,,,,,,,,0.6
1200037,baseline_harder,Baseline harder irregularity,0.6,1,mean_impute,Mean imputation,0.8666305302444041,1.207666914309643,1.0,2000,1,,,,,,,,0.6
1200038,baseline_harder,Baseline harder irregularity,0.6,1,full_data,Full data,0.0,0.0,1.0,2000,1,,,,,,,,0.6
1200038,baseline_harder,Baseline harder irregularity,0.6,1,mean_impute,Mean imputation,0.904370975922434,1.2479458783827175,1.0,2000,1,,,,,,,,0.6
1200039,baseline_harder,Baseline harder irregularity,0.6,1,full_data,Full data,0.0,0.0,1.0,2000,1,,,,,,,,0.6
1200039,baseline_harder,Baseline harder irregularity,0.6,1,mean_impute,Mean imputation,0.8729727152055223,1.209887573801288,1.0,2000,1,,,,,,,,0.6
1200040,baseline_harder,Baseline harder irregularity,0.6,1,full_data,Full data,0.0,0.0,1.0,2000,1,,,,,,,,0.6
1200040,baseline_harder,Baseline harder irregularity,0.6,1,mean_impute,Mean imputation,0.9053345782621128,1.257543927588071,1.0,2000,1,,,,,,,,0.6
1200041,baseline_harder,Baseline harder irregularity,0.6,1,full_data,Full data,0.0,0.0,1.0,2000,1,,,,,,,,0.6
1200041,baseline_harder,Baseline harder irregularity,0.6,1,mean_impute,Mean imputation,0.8931371827100911,1.2438772647200826,1.0,2000,1,,,,,,,,0.6
1200042,baseline_harder,Baseline harder irregularity,0.6,1,full_data,Full data,0.0,0.0,1.0,2000,1,,,,,,,,0.6
1200042,baseline_harder,Baseline harder irregularity,0.6,1,mean_impute,Mean imputation,0.873323983662791,1.2202196613443856,1.0,2000,1,,,,,,,,0.6
1200043,baseline_harder,Baseline harder irregularity,0.6,1,full_data,Full data,0.0,0.0,1.0,2000,1,,,,,,,,0.6
1200043,baseline_harder,Baseline harder irregularity,0.6,1,mean_impute,Mean imputation,0.9131909270727514,1.2829224961038073,1.0,2000,1,,,,,,,,0.6
1200044,baseline_harder,Baseline harder irregularity,0.6,1,full_data,Full data,0.0,0.0,1.0,2000,1,,,,,,,,0.6
1200044,baseline_harder,Baseline harder irregularity,0.6,1,mean_impute,Mean imputation,0.9200929849425098,1.269687693743323,1.0,2000,1,,,,,,,,0.6
1200045,baseline_harder,Baseline harder irregularity,0.6,1,full_data,Full data,0.0,0.0,1.0,2000,1,,,,,,,,0.6
1200045,baseline_harder,Baseline harder irregularity,0.6,1,mean_impute,Mean imputation,0.8823105709792939,1.2372536326425698,1.0,2000,1,,,,,,,,0.6
1200046,baseline_harder,Baseline harder irregularity,0.6,1,full_data,Full data,0.0,0.0,1.0,2000,1,,,,,,,,0.6
1200046,baseline_harder,Baseline harder irregularity,0.6,1,mean_impute,Mean imputation,0.913674637681288,1.2549153852228423,1.0,2000,1,,,,,,,,0.6
1200047,baseline_harder,Baseline harder irregularity,0.6,1,full_data,Full data,0.0,0.0,1.0,2000,1,,,,,,,,0.6
1200047,baseline_harder,Baseline harder irregularity,0.6,1,mean_impute,Mean imputation,0.872051216531663,1.2192245934414612,1.0,2000,1,,,,,,,,0.6
1200048,baseline_harder,Baseline harder irregularity,0.6,1,full_data,Full data,0.0,0.0,1.0,2000,1,,,,,,,,0.6
1200048,baseline_harder,Baseline harder irregularity,0.6,1,mean_impute,Mean imputation,0.8967470745320186,1.2793454087618934,1.0,2000,1,,,,,,,,0.6
1200049,baseline_harder,Baseline harder irregularity,0.6,1,full_data,Full data,0.0,0.0,1.0,2000,1,,,,,,,,0.6
1200049,baseline_harder,Baseline harder irregularity,0.6,1,mean_impute,Mean imputation,0.9016781152577112,1.2668836407372523,1.0,2000,1,,,,,,,,0.6
1200050,baseline_harder,Baseline harder irregularity,0.6,1,full_data,Full data,0.0,0.0,1.0,2000,1,,,,,,,,0.6
1200050,baseline_harder,Baseline harder irregularity,0.6,1,mean_impute,Mean imputation,0.9098767641441768,1.2765778949384503,1.0,2000,1,,,,,,,,0.6
1200051,baseline_harder,Baseline harder irregularity,0.6,1,full_data,Full data,0.0,0.0,1.0,2000,1,,,,,,,,0.6
1200051,baseline_harder,Baseline harder irregularity,0.6,1,mean_impute,Mean imputation,0.8784119236319549,1.2225091716414926,1.0,2000,1,,,,,,,,0.6
1200052,baseline_harder,Baseline harder irregularity,0.6,1,full_data,Full data,0.0,0.0,1.0,2000,1,,,,,,,,0.6
1200052,baseline_harder,Baseline harder irregularity,0.6,1,mean_impute,Mean imputation,0.8719495458779817,1.2128242184666256,1.0,2000,1,,,,,,,,0.6
1200053,baseline_harder,Baseline harder irregularity,0.6,1,full_data,Full data,0.0,0.0,1.0,2000,1,,,,,,,,0.6
1200053,baseline_harder,Baseline harder irregularity,0.6,1,mean_impute,Mean imputation,0.915352139025442,1.2709287369822009,1.0,2000,1,,,,,,,,0.6
1200054,baseline_harder,Baseline harder irregularity,0.6,1,full_data,Full data,0.0,0.0,1.0,2000,1,,,,,,,,0.6
1200054,baseline_harder,Baseline harder irregularity,0.6,1,mean_impute,Mean imputation,0.886379404953787,1.2281278550632866,1.0,2000,1,,,,,,,,0.6
1200055,baseline_harder,Baseline harder irregularity,0.6,1,full_data,Full data,0.0,0.0,1.0,2000,1,,,,,,,,0.6
1200055,baseline_harder,Baseline harder irregularity,0.6,1,mean_impute,Mean imputation,0.9115094237524616,1.2620912314462334,1.0,2000,1,,,,,,,,0.6
1200056,baseline_harder,Baseline harder irregularity,0.6,1,full_data,Full data,0.0,0.0,1.0,2000,1,,,,,,,,0.6
1200056,baseline_harder,Baseline harder irregularity,0.6,1,mean_impute,Mean imputation,0.8975180842351363,1.258393788202226,1.0,2000,1,,,,,,,,0.6
1200057,baseline_harder,Baseline harder irregularity,0.6,1,full_data,Full data,0.0,0.0,1.0,2000,1,,,,,,,,0.6
1200057,baseline_harder,Baseline harder irregularity,0.6,1,mean_impute,Mean imputation,0.9161938143465188,1.2638221108613692,1.0,2000,1,,,,,,,,0.6
1200058,baseline_harder,Baseline harder irregularity,0.6,1,full_data,Full data,0.0,0.0,1.0,2000,1,,,,,,,,0.6
1200058,baseline_harder,Baseline harder irregularity,0.6,1,mean_impute,Mean imputation,0.8887710352783947,1.2321464339351034,1.0,2000,1,,,,,,,,0.6
1200059,baseline_harder,Baseline harder irregularity,0.6,1,full_data,Full data,0.0,0.0,1.0,2000,1,,,,,,,,0.6
1200059,baseline_harder,Baseline harder irregularity,0.6,1,mean_impute,Mean imputation,0.8870559376116742,1.245337402682812,1.0,2000,1,,,,,,,,0.6
1200060,baseline_harder,Baseline harder irregularity,0.6,1,full_data,Full data,0.0,0.0,1.0,2000,1,,,,,,,,0.6
1200060,baseline_harder,Baseline harder irregularity,0.6,1,mean_impute,Mean imputation,0.9055743933433384,1.2699094830091993,1.0,2000,1,,,,,,,,0.6
1200061,baseline_harder,Baseline harder irregularity,0.6,1,full_data,Full data,0.0,0.0,1.0,2000,1,,,,,,,,0.6
1200061,baseline_harder,Baseline harder irregularity,0.6,1,mean_impute,Mean imputation,0.87638040523377,1.231942961489582,1.0,2000,1,,,,,,,,0.6
1200062,baseline_harder,Baseline harder irregularity,0.6,1,full_data,Full data,0.0,0.0,1.0,2000,1,,,,,,,,0.6
1200062,baseline_harder,Baseline harder irregularity,0.6,1,mean_impute,Mean imputation,0.8961370172679141,1.2437001076491114,1.0,2000,1,,,,,,,,0.6
1200063,baseline_harder,Baseline harder irregularity,0.6,1,full_data,Full data,0.0,0.0,1.0,2000,1,,,,,,,,0.6
1200063,baseline_harder,Baseline harder irregularity,0.6,1,mean_impute,Mean imputation,0.9343371608485708,1.3262528090870092,1.0,2000,1,,,,,,,,0.6
1200065,baseline_harder,Baseline harder irregularity,0.6,1,full_data,Full data,0.0,0.0,1.0,2000,1,,,,,,,,0.6
1200065,baseline_harder,Baseline harder irregularity,0.6,1,mean_impute,Mean imputation,0.9052691916850047,1.2539302230746967,1.0,2000,1,,,,,,,,0.6
1200064,baseline_harder,Baseline harder irregularity,0.6,1,full_data,Full data,0.0,0.0,1.0,2000,1,,,,,,,,0.6
1200064,baseline_harder,Baseline harder irregularity,0.6,1,mean_impute,Mean imputation,0.9219097723733982,1.298422924322542,1.0,2000,1,,,,,,,,0.6
1200067,baseline_harder,Baseline harder irregularity,0.6,1,full_data,Full data,0.0,0.0,1.0,2000,1,,,,,,,,0.6
1200067,baseline_harder,Baseline harder irregularity,0.6,1,mean_impute,Mean imputation,0.8642810927105162,1.1967787222558024,1.0,2000,1,,,,,,,,0.6
1200066,baseline_harder,Baseline harder irregularity,0.6,1,full_data,Full data,0.0,0.0,1.0,2000,1,,,,,,,,0.6
1200066,baseline_harder,Baseline harder irregularity,0.6,1,mean_impute,Mean imputation,0.8852782799006412,1.2204353704325428,1.0,2000,1,,,,,,,,0.6
1200068,baseline_harder,Baseline harder irregularity,0.6,1,full_data,Full data,0.0,0.0,1.0,2000,1,,,,,,,,0.6
1200068,baseline_harder,Baseline harder irregularity,0.6,1,mean_impute,Mean imputation,0.8992774308548047,1.256520233431241,1.0,2000,1,,,,,,,,0.6
1200069,baseline_harder,Baseline harder irregularity,0.6,1,full_data,Full data,0.0,0.0,1.0,2000,1,,,,,,,,0.6
1200069,baseline_harder,Baseline harder irregularity,0.6,1,mean_impute,Mean imputation,0.8872187178271799,1.2457888611741166,1.0,2000,1,,,,,,,,0.6
1200070,baseline_harder,Baseline harder irregularity,0.6,1,full_data,Full data,0.0,0.0,1.0,2000,1,,,,,,,,0.6
1200070,baseline_harder,Baseline harder irregularity,0.6,1,mean_impute,Mean imputation,0.8936894940817954,1.2288156918038409,1.0,2000,1,,,,,,,,0.6
1200071,baseline_harder,Baseline harder irregularity,0.6,1,full_data,Full data,0.0,0.0,1.0,2000,1,,,,,,,,0.6
1200071,baseline_harder,Baseline harder irregularity,0.6,1,mean_impute,Mean imputation,0.9088129936413736,1.2651953799473408,1.0,2000,1,,,,,,,,0.6
1200072,baseline_harder,Baseline harder irregularity,0.6,1,full_data,Full data,0.0,0.0,1.0,2000,1,,,,,,,,0.6
1200072,baseline_harder,Baseline harder irregularity,0.6,1,mean_impute,Mean imputation,0.8985661575707993,1.2735225204376917,1.0,2000,1,,,,,,,,0.6
1200073,baseline_harder,Baseline harder irregularity,0.6,1,full_data,Full data,0.0,0.0,1.0,2000,1,,,,,,,,0.6
1200073,baseline_harder,Baseline harder irregularity,0.6,1,mean_impute,Mean imputation,0.905059439994304,1.2610195354030302,1.0,2000,1,,,,,,,,0.6
1200074,baseline_harder,Baseline harder irregularity,0.6,1,full_data,Full data,0.0,0.0,1.0,2000,1,,,,,,,,0.6
1200074,baseline_harder,Baseline harder irregularity,0.6,1,mean_impute,Mean imputation,0.9075826441484194,1.2707766473453763,1.0,2000,1,,,,,,,,0.6
1200075,baseline_harder,Baseline harder irregularity,0.6,1,full_data,Full data,0.0,0.0,1.0,2000,1,,,,,,,,0.6
1200075,baseline_harder,Baseline harder irregularity,0.6,1,mean_impute,Mean imputation,0.8961312789258941,1.2450726205084062,1.0,2000,1,,,,,,,,0.6
1200076,baseline_harder,Baseline harder irregularity,0.6,1,full_data,Full data,0.0,0.0,1.0,2000,1,,,,,,,,0.6
1200076,baseline_harder,Baseline harder irregularity,0.6,1,mean_impute,Mean imputation,0.8827230398231816,1.2334984979326058,1.0,2000,1,,,,,,,,0.6
1200077,baseline_harder,Baseline harder irregularity,0.6,1,full_data,Full data,0.0,0.0,1.0,2000,1,,,,,,,,0.6
1200077,baseline_harder,Baseline harder irregularity,0.6,1,mean_impute,Mean imputation,0.8887558345659673,1.2493256879685213,1.0,2000,1,,,,,,,,0.6
1200078,baseline_harder,Baseline harder irregularity,0.6,1,full_data,Full data,0.0,0.0,1.0,2000,1,,,,,,,,0.6
1200078,baseline_harder,Baseline harder irregularity,0.6,1,mean_impute,Mean imputation,0.9122352194183504,1.2624799370002615,1.0,2000,1,,,,,,,,0.6
1200079,baseline_harder,Baseline harder irregularity,0.6,1,full_data,Full data,0.0,0.0,1.0,2000,1,,,,,,,,0.6
1200079,baseline_harder,Baseline harder irregularity,0.6,1,mean_impute,Mean imputation,0.8847891187493268,1.242238852164962,1.0,2000,1,,,,,,,,0.6
1200081,baseline_harder,Baseline harder irregularity,0.6,1,full_data,Full data,0.0,0.0,1.0,2000,1,,,,,,,,0.6
1200081,baseline_harder,Baseline harder irregularity,0.6,1,mean_impute,Mean imputation,0.8876533563414233,1.231172843536846,1.0,2000,1,,,,,,,,0.6
1200080,baseline_harder,Baseline harder irregularity,0.6,1,full_data,Full data,0.0,0.0,1.0,2000,1,,,,,,,,0.6
1200080,baseline_harder,Baseline harder irregularity,0.6,1,mean_impute,Mean imputation,0.8920688249080044,1.249420300043597,1.0,2000,1,,,,,,,,0.6
1200082,baseline_harder,Baseline harder irregularity,0.6,1,full_data,Full data,0.0,0.0,1.0,2000,1,,,,,,,,0.6
1200082,baseline_harder,Baseline harder irregularity,0.6,1,mean_impute,Mean imputation,0.915246429451948,1.2808042579899055,1.0,2000,1,,,,,,,,0.6
1200083,baseline_harder,Baseline harder irregularity,0.6,1,full_data,Full data,0.0,0.0,1.0,2000,1,,,,,,,,0.6
1200083,baseline_harder,Baseline harder irregularity,0.6,1,mean_impute,Mean imputation,0.8812481332734444,1.244332374973026,1.0,2000,1,,,,,,,,0.6
1200084,baseline_harder,Baseline harder irregularity,0.6,1,full_data,Full data,0.0,0.0,1.0,2000,1,,,,,,,,0.6
1200084,baseline_harder,Baseline harder irregularity,0.6,1,mean_impute,Mean imputation,0.8982128002211397,1.274293491873666,1.0,2000,1,,,,,,,,0.6
1200085,baseline_harder,Baseline harder irregularity,0.6,1,full_data,Full data,0.0,0.0,1.0,2000,1,,,,,,,,0.6
1200085,baseline_harder,Baseline harder irregularity,0.6,1,mean_impute,Mean imputation,0.8916430167129424,1.2254778512277782,1.0,2000,1,,,,,,,,0.6
1200087,baseline_harder,Baseline harder irregularity,0.6,1,full_data,Full data,0.0,0.0,1.0,2000,1,,,,,,,,0.6
1200087,baseline_harder,Baseline harder irregularity,0.6,1,mean_impute,Mean imputation,0.9097978449900452,1.269483630338361,1.0,2000,1,,,,,,,,0.6
1200086,baseline_harder,Baseline harder irregularity,0.6,1,full_data,Full data,0.0,0.0,1.0,2000,1,,,,,,,,0.6
1200086,baseline_harder,Baseline harder irregularity,0.6,1,mean_impute,Mean imputation,0.8906385248191946,1.221240264995156,1.0,2000,1,,,,,,,,0.6
1200089,baseline_harder,Baseline harder irregularity,0.6,1,full_data,Full data,0.0,0.0,1.0,2000,1,,,,,,,,0.6
1200089,baseline_harder,Baseline harder irregularity,0.6,1,mean_impute,Mean imputation,0.9135913087425758,1.2979857663723269,1.0,2000,1,,,,,,,,0.6
1200088,baseline_harder,Baseline harder irregularity,0.6,1,full_data,Full data,0.0,0.0,1.0,2000,1,,,,,,,,0.6
1200088,baseline_harder,Baseline harder irregularity,0.6,1,mean_impute,Mean imputation,0.8872360185357079,1.248502766100959,1.0,2000,1,,,,,,,,0.6
1200090,baseline_harder,Baseline harder irregularity,0.6,1,full_data,Full data,0.0,0.0,1.0,2000,1,,,,,,,,0.6
1200090,baseline_harder,Baseline harder irregularity,0.6,1,mean_impute,Mean imputation,0.8948666097069334,1.2442871587900377,1.0,2000,1,,,,,,,,0.6
1200091,baseline_harder,Baseline harder irregularity,0.6,1,full_data,Full data,0.0,0.0,1.0,2000,1,,,,,,,,0.6
1200091,baseline_harder,Baseline harder irregularity,0.6,1,mean_impute,Mean imputation,0.882127610279953,1.2183040294488954,1.0,2000,1,,,,,,,,0.6
1200092,baseline_harder,Baseline harder irregularity,0.6,1,full_data,Full data,0.0,0.0,1.0,2000,1,,,,,,,,0.6
1200092,baseline_harder,Baseline harder irregularity,0.6,1,mean_impute,Mean imputation,0.8613220826408376,1.1958076854979618,1.0,2000,1,,,,,,,,0.6
1200093,baseline_harder,Baseline harder irregularity,0.6,1,full_data,Full data,0.0,0.0,1.0,2000,1,,,,,,,,0.6
1200093,baseline_harder,Baseline harder irregularity,0.6,1,mean_impute,Mean imputation,0.8899567004047418,1.2415130203767135,1.0,2000,1,,,,,,,,0.6
1200094,baseline_harder,Baseline harder irregularity,0.6,1,full_data,Full data,0.0,0.0,1.0,2000,1,,,,,,,,0.6
1200094,baseline_harder,Baseline harder irregularity,0.6,1,mean_impute,Mean imputation,0.8925706247474223,1.2484516240921522,1.0,2000,1,,,,,,,,0.6
1200095,baseline_harder,Baseline harder irregularity,0.6,1,full_data,Full data,0.0,0.0,1.0,2000,1,,,,,,,,0.6
1200095,baseline_harder,Baseline harder irregularity,0.6,1,mean_impute,Mean imputation,0.8762270794182253,1.247378096056539,1.0,2000,1,,,,,,,,0.6
1200096,baseline_harder,Baseline harder irregularity,0.6,1,full_data,Full data,0.0,0.0,1.0,2000,1,,,,,,,,0.6
1200096,baseline_harder,Baseline harder irregularity,0.6,1,mean_impute,Mean imputation,0.8922379353614571,1.2517678391617253,1.0,2000,1,,,,,,,,0.6
1200097,baseline_harder,Baseline harder irregularity,0.6,1,full_data,Full data,0.0,0.0,1.0,2000,1,,,,,,,,0.6
1200097,baseline_harder,Baseline harder irregularity,0.6,1,mean_impute,Mean imputation,0.9107848322423144,1.2738575750288663,1.0,2000,1,,,,,,,,0.6
1200098,baseline_harder,Baseline harder irregularity,0.6,1,full_data,Full data,0.0,0.0,1.0,2000,1,,,,,,,,0.6
1200098,baseline_harder,Baseline harder irregularity,0.6,1,mean_impute,Mean imputation,0.9127397838759784,1.2626805239196677,1.0,2000,1,,,,,,,,0.6
1200099,baseline_harder,Baseline harder irregularity,0.6,1,full_data,Full data,0.0,0.0,1.0,2000,1,,,,,,,,0.6
1200099,baseline_harder,Baseline harder irregularity,0.6,1,mean_impute,Mean imputation,0.8958305661688282,1.261007207856683,1.0,2000,1,,,,,,,,0.6
1200003,baseline_harder,Baseline harder irregularity,0.2,5,missforest,Missforest,0.5767362269345898,0.4824090190299521,1.0,2000,5,,,,,,,,0.2
1200001,baseline_harder,Baseline harder irregularity,0.2,5,missforest,Missforest,0.5718230332456083,0.4685379259949043,1.0,2000,5,,,,,,,,0.2
1200004,baseline_harder,Baseline harder irregularity,0.2,5,missforest,Missforest,0.5812052792191095,0.481150205177176,1.0,2000,5,,,,,,,,0.2
1200000,baseline_harder,Baseline harder irregularity,0.2,5,missforest,Missforest,0.5833938168244073,0.4824394478669357,1.0,2000,5,,,,,,,,0.2
1200002,baseline_harder,Baseline harder irregularity,0.2,5,missforest,Missforest,0.5667273856827499,0.4629414095305743,1.0,2000,5,,,,,,,,0.2
1200005,baseline_harder,Baseline harder irregularity,0.2,5,missforest,Missforest,0.5866372190596277,0.4933443686463987,1.0,2000,5,,,,,,,,0.2
1200006,baseline_harder,Baseline harder irregularity,0.2,5,missforest,Missforest,0.6018597596784601,0.510874983833722,1.0,2000,5,,,,,,,,0.2
1200008,baseline_harder,Baseline harder irregularity,0.2,5,missforest,Missforest,0.5950353667643206,0.5072110566307751,1.0,2000,5,,,,,,,,0.2
1200010,baseline_harder,Baseline harder irregularity,0.2,5,missforest,Missforest,0.5830571501025166,0.4741085585093762,1.0,2000,5,,,,,,,,0.2
1200009,baseline_harder,Baseline harder irregularity,0.2,5,missforest,Missforest,0.576764479182565,0.4691016128919539,1.0,2000,5,,,,,,,,0.2
1200007,baseline_harder,Baseline harder irregularity,0.2,5,missforest,Missforest,0.5885993880610008,0.4890426759458611,1.0,2000,5,,,,,,,,0.2
1200011,baseline_harder,Baseline harder irregularity,0.2,5,missforest,Missforest,0.5829425373375818,0.4781599243328121,1.0,2000,5,,,,,,,,0.2
1200013,baseline_harder,Baseline harder irregularity,0.2,5,missforest,Missforest,0.584882597304905,0.4911817301741409,1.0,2000,5,,,,,,,,0.2
1200012,baseline_harder,Baseline harder irregularity,0.2,5,missforest,Missforest,0.5790580856689661,0.4821376735194299,1.0,2000,5,,,,,,,,0.2
1200014,baseline_harder,Baseline harder irregularity,0.2,5,missforest,Missforest,0.58314271351651,0.4794464847396743,1.0,2000,5,,,,,,,,0.2
1200015,baseline_harder,Baseline harder irregularity,0.2,5,missforest,Missforest,0.5846464340134563,0.4855979017636969,1.0,2000,5,,,,,,,,0.2
1200017,baseline_harder,Baseline harder irregularity,0.2,5,missforest,Missforest,0.5763854049096928,0.4839173566612001,1.0,2000,5,,,,,,,,0.2
1200016,baseline_harder,Baseline harder irregularity,0.2,5,missforest,Missforest,0.5642142542305367,0.4742983429556846,1.0,2000,5,,,,,,,,0.2
1200018,baseline_harder,Baseline harder irregularity,0.2,5,missforest,Missforest,0.5864349488644278,0.4949128864724125,1.0,2000,5,,,,,,,,0.2
1200019,baseline_harder,Baseline harder irregularity,0.2,5,missforest,Missforest,0.5790051046495662,0.4928788840422152,1.0,2000,5,,,,,,,,0.2
1200020,baseline_harder,Baseline harder irregularity,0.2,5,missforest,Missforest,0.5710382370124626,0.468864124996243,1.0,2000,5,,,,,,,,0.2
1200021,baseline_harder,Baseline harder irregularity,0.2,5,missforest,Missforest,0.5815699426976362,0.4831782077152872,1.0,2000,5,,,,,,,,0.2
1200022,baseline_harder,Baseline harder irregularity,0.2,5,missforest,Missforest,0.5902442990627398,0.4971692736063702,1.0,2000,5,,,,,,,,0.2
1200023,baseline_harder,Baseline harder irregularity,0.2,5,missforest,Missforest,0.5776710507341051,0.4728735981676649,1.0,2000,5,,,,,,,,0.2
1200025,baseline_harder,Baseline harder irregularity,0.2,5,missforest,Missforest,0.586690570962422,0.4952126589265816,1.0,2000,5,,,,,,,,0.2
1200024,baseline_harder,Baseline harder irregularity,0.2,5,missforest,Missforest,0.5770067740011242,0.4805598905373922,1.0,2000,5,,,,,,,,0.2
1200026,baseline_harder,Baseline harder irregularity,0.2,5,missforest,Missforest,0.5749419889178405,0.4845210628657469,1.0,2000,5,,,,,,,,0.2
1200028,baseline_harder,Baseline harder irregularity,0.2,5,missforest,Missforest,0.575197486146974,0.4779104662252919,1.0,2000,5,,,,,,,,0.2
1200027,baseline_harder,Baseline harder irregularity,0.2,5,missforest,Missforest,0.5839436938699722,0.4813067222764184,1.0,2000,5,,,,,,,,0.2
1200029,baseline_harder,Baseline harder irregularity,0.2,5,missforest,Missforest,0.5874169746278226,0.4792539296356642,1.0,2000,5,,,,,,,,0.2
1200031,baseline_harder,Baseline harder irregularity,0.2,5,missforest,Missforest,0.5864553684831827,0.4870428036468756,1.0,2000,5,,,,,,,,0.2
1200030,baseline_harder,Baseline harder irregularity,0.2,5,missforest,Missforest,0.5754478158080872,0.4824136212829879,1.0,2000,5,,,,,,,,0.2
1200033,baseline_harder,Baseline harder irregularity,0.2,5,missforest,Missforest,0.57530047614727,0.4771218563462205,1.0,2000,5,,,,,,,,0.2
1200032,baseline_harder,Baseline harder irregularity,0.2,5,missforest,Missforest,0.5723312109609425,0.4737294637730954,1.0,2000,5,,,,,,,,0.2
1200034,baseline_harder,Baseline harder irregularity,0.2,5,missforest,Missforest,0.5827047120855842,0.47923532682284,1.0,2000,5,,,,,,,,0.2
1200035,baseline_harder,Baseline harder irregularity,0.2,5,missforest,Missforest,0.567069129879515,0.4753362772981651,1.0,2000,5,,,,,,,,0.2
1200036,baseline_harder,Baseline harder irregularity,0.2,5,missforest,Missforest,0.575108474216001,0.4820132616371148,1.0,2000,5,,,,,,,,0.2
1200037,baseline_harder,Baseline harder irregularity,0.2,5,missforest,Missforest,0.5980493512399767,0.4923935517690307,1.0,2000,5,,,,,,,,0.2
1200038,baseline_harder,Baseline harder irregularity,0.2,5,missforest,Missforest,0.5864279386640325,0.4851312610461344,1.0,2000,5,,,,,,,,0.2
1200039,baseline_harder,Baseline harder irregularity,0.2,5,missforest,Missforest,0.570902281403238,0.4759418185000834,1.0,2000,5,,,,,,,,0.2
1200040,baseline_harder,Baseline harder irregularity,0.2,5,missforest,Missforest,0.5769852531264685,0.478795941654232,1.0,2000,5,,,,,,,,0.2
1200041,baseline_harder,Baseline harder irregularity,0.2,5,missforest,Missforest,0.5796346904147497,0.4862538997438004,1.0,2000,5,,,,,,,,0.2
1200042,baseline_harder,Baseline harder irregularity,0.2,5,missforest,Missforest,0.5727872241522802,0.4634323250153919,1.0,2000,5,,,,,,,,0.2
1200044,baseline_harder,Baseline harder irregularity,0.2,5,missforest,Missforest,0.5581375012085292,0.4705828925232656,1.0,2000,5,,,,,,,,0.2
1200045,baseline_harder,Baseline harder irregularity,0.2,5,missforest,Missforest,0.5926587003224624,0.5008074549413295,1.0,2000,5,,,,,,,,0.2
1200043,baseline_harder,Baseline harder irregularity,0.2,5,missforest,Missforest,0.5929473908649537,0.4823933910254041,1.0,2000,5,,,,,,,,0.2
1200046,baseline_harder,Baseline harder irregularity,0.2,5,missforest,Missforest,0.5981101048539923,0.4994706151991237,1.0,2000,5,,,,,,,,0.2
1200047,baseline_harder,Baseline harder irregularity,0.2,5,missforest,Missforest,0.5826873552134056,0.4900620072974873,1.0,2000,5,,,,,,,,0.2
1200048,baseline_harder,Baseline harder irregularity,0.2,5,missforest,Missforest,0.5778665903548211,0.4676684224519015,1.0,2000,5,,,,,,,,0.2
1200050,baseline_harder,Baseline harder irregularity,0.2,5,missforest,Missforest,0.5885936353594611,0.4869381351719211,1.0,2000,5,,,,,,,,0.2
1200049,baseline_harder,Baseline harder irregularity,0.2,5,missforest,Missforest,0.5854845554279505,0.478177138084397,1.0,2000,5,,,,,,,,0.2
1200051,baseline_harder,Baseline harder irregularity,0.2,5,missforest,Missforest,0.5789204228325608,0.4800106089338978,1.0,2000,5,,,,,,,,0.2
1200052,baseline_harder,Baseline harder irregularity,0.2,5,missforest,Missforest,0.5782254703723778,0.4815405508085812,1.0,2000,5,,,,,,,,0.2
1200053,baseline_harder,Baseline harder irregularity,0.2,5,missforest,Missforest,0.5733875499601259,0.4608661812601178,1.0,2000,5,,,,,,,,0.2
1200054,baseline_harder,Baseline harder irregularity,0.2,5,missforest,Missforest,0.573592641568711,0.4877121132108637,1.0,2000,5,,,,,,,,0.2
1200056,baseline_harder,Baseline harder irregularity,0.2,5,missforest,Missforest,0.5742093069778357,0.4859621292146436,1.0,2000,5,,,,,,,,0.2
1200055,baseline_harder,Baseline harder irregularity,0.2,5,missforest,Missforest,0.5865497782864934,0.4831672592673864,1.0,2000,5,,,,,,,,0.2
1200057,baseline_harder,Baseline harder irregularity,0.2,5,missforest,Missforest,0.5878064134186562,0.4925879570710634,1.0,2000,5,,,,,,,,0.2
1200058,baseline_harder,Baseline harder irregularity,0.2,5,missforest,Missforest,0.5828430575196922,0.4929861968261493,1.0,2000,5,,,,,,,,0.2
1200059,baseline_harder,Baseline harder irregularity,0.2,5,missforest,Missforest,0.5671865313118243,0.4695287796935292,1.0,2000,5,,,,,,,,0.2
1200060,baseline_harder,Baseline harder irregularity,0.2,5,missforest,Missforest,0.5850570896841036,0.4958518120446458,1.0,2000,5,,,,,,,,0.2
1200061,baseline_harder,Baseline harder irregularity,0.2,5,missforest,Missforest,0.5848930418135438,0.4957818475685994,1.0,2000,5,,,,,,,,0.2
1200063,baseline_harder,Baseline harder irregularity,0.2,5,missforest,Missforest,0.5858673942579832,0.4820531416634412,1.0,2000,5,,,,,,,,0.2
1200062,baseline_harder,Baseline harder irregularity,0.2,5,missforest,Missforest,0.5984301049111467,0.498736147460735,1.0,2000,5,,,,,,,,0.2
1200064,baseline_harder,Baseline harder irregularity,0.2,5,missforest,Missforest,0.5843880082647002,0.4895758464879611,1.0,2000,5,,,,,,,,0.2
1200065,baseline_harder,Baseline harder irregularity,0.2,5,missforest,Missforest,0.5898373877431923,0.4888472997385129,1.0,2000,5,,,,,,,,0.2
1200066,baseline_harder,Baseline harder irregularity,0.2,5,missforest,Missforest,0.5854520821177891,0.4961588196377074,1.0,2000,5,,,,,,,,0.2
1200067,baseline_harder,Baseline harder irregularity,0.2,5,missforest,Missforest,0.567816963254371,0.4654169271320893,1.0,2000,5,,,,,,,,0.2
1200069,baseline_harder,Baseline harder irregularity,0.2,5,missforest,Missforest,0.5898259285156109,0.4954083571871475,1.0,2000,5,,,,,,,,0.2
1200068,baseline_harder,Baseline harder irregularity,0.2,5,missforest,Missforest,0.5806107407623027,0.4777558026677448,1.0,2000,5,,,,,,,,0.2
1200070,baseline_harder,Baseline harder irregularity,0.2,5,missforest,Missforest,0.5718331691547334,0.4850331038526898,1.0,2000,5,,,,,,,,0.2
1200072,baseline_harder,Baseline harder irregularity,0.2,5,missforest,Missforest,0.575092431857725,0.4782066928935972,1.0,2000,5,,,,,,,,0.2
1200071,baseline_harder,Baseline harder irregularity,0.2,5,missforest,Missforest,0.5752243301984195,0.4835211201117541,1.0,2000,5,,,,,,,,0.2
1200073,baseline_harder,Baseline harder irregularity,0.2,5,missforest,Missforest,0.5948316021311425,0.507162570314445,1.0,2000,5,,,,,,,,0.2
1200074,baseline_harder,Baseline harder irregularity,0.2,5,missforest,Missforest,0.5929217851816416,0.4847417412254736,1.0,2000,5,,,,,,,,0.2
1200076,baseline_harder,Baseline harder irregularity,0.2,5,missforest,Missforest,0.585367428069984,0.485909069287208,1.0,2000,5,,,,,,,,0.2
1200075,baseline_harder,Baseline harder irregularity,0.2,5,missforest,Missforest,0.5882321584802653,0.4844376834204473,1.0,2000,5,,,,,,,,0.2
1200077,baseline_harder,Baseline harder irregularity,0.2,5,missforest,Missforest,0.5750699267068207,0.4862774117751062,1.0,2000,5,,,,,,,,0.2
1200078,baseline_harder,Baseline harder irregularity,0.2,5,missforest,Missforest,0.5850822904763319,0.4863417573873414,1.0,2000,5,,,,,,,,0.2
1200079,baseline_harder,Baseline harder irregularity,0.2,5,missforest,Missforest,0.5897854784267132,0.4851644781389263,1.0,2000,5,,,,,,,,0.2
1200080,baseline_harder,Baseline harder irregularity,0.2,5,missforest,Missforest,0.5620748958246237,0.4710452427705885,1.0,2000,5,,,,,,,,0.2
1200081,baseline_harder,Baseline harder irregularity,0.2,5,missforest,Missforest,0.5766778091299373,0.4841966478716282,1.0,2000,5,,,,,,,,0.2
1200082,baseline_harder,Baseline harder irregularity,0.2,5,missforest,Missforest,0.5900765830592408,0.5029108658097472,1.0,2000,5,,,,,,,,0.2
1200084,baseline_harder,Baseline harder irregularity,0.2,5,missforest,Missforest,0.5611078623540288,0.4619234455848756,1.0,2000,5,,,,,,,,0.2
1200083,baseline_harder,Baseline harder irregularity,0.2,5,missforest,Missforest,0.5886969944838014,0.4926053279806385,1.0,2000,5,,,,,,,,0.2
1200085,baseline_harder,Baseline harder irregularity,0.2,5,missforest,Missforest,0.5729324848152806,0.4831286913255941,1.0,2000,5,,,,,,,,0.2
1200086,baseline_harder,Baseline harder irregularity,0.2,5,missforest,Missforest,0.5680139936095843,0.4701693817214084,1.0,2000,5,,,,,,,,0.2
1200087,baseline_harder,Baseline harder irregularity,0.2,5,missforest,Missforest,0.5896888620926605,0.5034865545673178,1.0,2000,5,,,,,,,,0.2
1200088,baseline_harder,Baseline harder irregularity,0.2,5,missforest,Missforest,0.5787164124971288,0.4810958689765316,1.0,2000,5,,,,,,,,0.2
1200090,baseline_harder,Baseline harder irregularity,0.2,5,missforest,Missforest,0.5862794294409397,0.4896718462532446,1.0,2000,5,,,,,,,,0.2
1200089,baseline_harder,Baseline harder irregularity,0.2,5,missforest,Missforest,0.5981116584100626,0.5008828042714059,1.0,2000,5,,,,,,,,0.2
1200091,baseline_harder,Baseline harder irregularity,0.2,5,missforest,Missforest,0.5745052639264066,0.4708310556081233,1.0,2000,5,,,,,,,,0.2
1200092,baseline_harder,Baseline harder irregularity,0.2,5,missforest,Missforest,0.5894249322797311,0.500104384425376,1.0,2000,5,,,,,,,,0.2
1200093,baseline_harder,Baseline harder irregularity,0.2,5,missforest,Missforest,0.5726729705055912,0.4848624854533597,1.0,2000,5,,,,,,,,0.2
1200095,baseline_harder,Baseline harder irregularity,0.2,5,missforest,Missforest,0.5941703990632079,0.4975394310956544,1.0,2000,5,,,,,,,,0.2
1200094,baseline_harder,Baseline harder irregularity,0.2,5,missforest,Missforest,0.5805830226634376,0.48841456315967,1.0,2000,5,,,,,,,,0.2
1200096,baseline_harder,Baseline harder irregularity,0.2,5,missforest,Missforest,0.5864030872715384,0.4905389724674338,1.0,2000,5,,,,,,,,0.2
1200097,baseline_harder,Baseline harder irregularity,0.2,5,missforest,Missforest,0.5716626280750978,0.4742135624690637,1.0,2000,5,,,,,,,,0.2
1200098,baseline_harder,Baseline harder irregularity,0.2,5,missforest,Missforest,0.600002459251031,0.4984747567853241,1.0,2000,5,,,,,,,,0.2
1200001,baseline_harder,Baseline harder irregularity,0.4,5,missforest,Missforest,0.6071316079443532,0.7076006353393824,1.0,2000,5,,,,,,,,0.4
1200000,baseline_harder,Baseline harder irregularity,0.4,5,missforest,Missforest,0.6275448702949628,0.714148425625433,1.0,2000,5,,,,,,,,0.4
1200099,baseline_harder,Baseline harder irregularity,0.2,5,missforest,Missforest,0.5875969572240444,0.4919352650363331,1.0,2000,5,,,,,,,,0.2
1200002,baseline_harder,Baseline harder irregularity,0.4,5,missforest,Missforest,0.6139150308455974,0.7016103380675717,1.0,2000,5,,,,,,,,0.4
1200003,baseline_harder,Baseline harder irregularity,0.4,5,missforest,Missforest,0.6152697578558952,0.7224048660944526,1.0,2000,5,,,,,,,,0.4
1200004,baseline_harder,Baseline harder irregularity,0.4,5,missforest,Missforest,0.6088048347660076,0.7023731058155297,1.0,2000,5,,,,,,,,0.4
1200006,baseline_harder,Baseline harder irregularity,0.4,5,missforest,Missforest,0.6238577697470654,0.7098782113978069,1.0,2000,5,,,,,,,,0.4
1200005,baseline_harder,Baseline harder irregularity,0.4,5,missforest,Missforest,0.6117366282493879,0.7123527602973871,1.0,2000,5,,,,,,,,0.4
1200007,baseline_harder,Baseline harder irregularity,0.4,5,missforest,Missforest,0.6202851238918602,0.7156178258774546,1.0,2000,5,,,,,,,,0.4
1200008,baseline_harder,Baseline harder irregularity,0.4,5,missforest,Missforest,0.6050918781952003,0.7001731620737667,1.0,2000,5,,,,,,,,0.4
1200009,baseline_harder,Baseline harder irregularity,0.4,5,missforest,Missforest,0.6102337735653045,0.6973288632584964,1.0,2000,5,,,,,,,,0.4
1200010,baseline_harder,Baseline harder irregularity,0.4,5,missforest,Missforest,0.6104545634847098,0.7084603626382994,1.0,2000,5,,,,,,,,0.4
1200012,baseline_harder,Baseline harder irregularity,0.4,5,missforest,Missforest,0.6136186224900559,0.7129613736787023,1.0,2000,5,,,,,,,,0.4
1200011,baseline_harder,Baseline harder irregularity,0.4,5,missforest,Missforest,0.6054545170234763,0.6852905344306309,1.0,2000,5,,,,,,,,0.4
1200013,baseline_harder,Baseline harder irregularity,0.4,5,missforest,Missforest,0.612963365433852,0.7081474864127214,1.0,2000,5,,,,,,,,0.4
1200014,baseline_harder,Baseline harder irregularity,0.4,5,missforest,Missforest,0.6278035797651454,0.7157854507350179,1.0,2000,5,,,,,,,,0.4
1200015,baseline_harder,Baseline harder irregularity,0.4,5,missforest,Missforest,0.6119583895979374,0.696242501552169,1.0,2000,5,,,,,,,,0.4
1200018,baseline_harder,Baseline harder irregularity,0.4,5,missforest,Missforest,0.6212686163677054,0.7304895120387332,1.0,2000,5,,,,,,,,0.4
1200017,baseline_harder,Baseline harder irregularity,0.4,5,missforest,Missforest,0.6136847783979253,0.7095848630977218,1.0,2000,5,,,,,,,,0.4
1200016,baseline_harder,Baseline harder irregularity,0.4,5,missforest,Missforest,0.6138949814768692,0.6989914408909436,1.0,2000,5,,,,,,,,0.4
1200019,baseline_harder,Baseline harder irregularity,0.4,5,missforest,Missforest,0.617054044769874,0.7164157478127037,1.0,2000,5,,,,,,,,0.4
1200020,baseline_harder,Baseline harder irregularity,0.4,5,missforest,Missforest,0.6130616020964118,0.7102828924112576,1.0,2000,5,,,,,,,,0.4
1200021,baseline_harder,Baseline harder irregularity,0.4,5,missforest,Missforest,0.6138483282213438,0.7049768288806647,1.0,2000,5,,,,,,,,0.4
1200023,baseline_harder,Baseline harder irregularity,0.4,5,missforest,Missforest,0.610642323766511,0.6972628343033381,1.0,2000,5,,,,,,,,0.4
1200022,baseline_harder,Baseline harder irregularity,0.4,5,missforest,Missforest,0.6130675960050592,0.6942254162571931,1.0,2000,5,,,,,,,,0.4
1200024,baseline_harder,Baseline harder irregularity,0.4,5,missforest,Missforest,0.6170182092178604,0.7084537015001996,1.0,2000,5,,,,,,,,0.4
1200025,baseline_harder,Baseline harder irregularity,0.4,5,missforest,Missforest,0.6187002613702313,0.7109050047867386,1.0,2000,5,,,,,,,,0.4
1200026,baseline_harder,Baseline harder irregularity,0.4,5,missforest,Missforest,0.6135771357948773,0.7116173602720326,1.0,2000,5,,,,,,,,0.4
1200027,baseline_harder,Baseline harder irregularity,0.4,5,missforest,Missforest,0.6181915526697586,0.7054526826456773,1.0,2000,5,,,,,,,,0.4
1200028,baseline_harder,Baseline harder irregularity,0.4,5,missforest,Missforest,0.6166276638305116,0.7055486451424143,1.0,2000,5,,,,,,,,0.4
1200030,baseline_harder,Baseline harder irregularity,0.4,5,missforest,Missforest,0.6122448987431047,0.7131481739475092,1.0,2000,5,,,,,,,,0.4
1200029,baseline_harder,Baseline harder irregularity,0.4,5,missforest,Missforest,0.6151800265286421,0.7132435718412913,1.0,2000,5,,,,,,,,0.4
1200031,baseline_harder,Baseline harder irregularity,0.4,5,missforest,Missforest,0.6222540657498663,0.7079063166975493,1.0,2000,5,,,,,,,,0.4
1200032,baseline_harder,Baseline harder irregularity,0.4,5,missforest,Missforest,0.6106008040408716,0.6920714763106667,1.0,2000,5,,,,,,,,0.4
1200035,baseline_harder,Baseline harder irregularity,0.4,5,missforest,Missforest,0.6134104379534315,0.6990555325539994,1.0,2000,5,,,,,,,,0.4
1200033,baseline_harder,Baseline harder irregularity,0.4,5,missforest,Missforest,0.6208515245922755,0.7117040723687362,1.0,2000,5,,,,,,,,0.4
1200034,baseline_harder,Baseline harder irregularity,0.4,5,missforest,Missforest,0.6283407631905327,0.7214774808673433,1.0,2000,5,,,,,,,,0.4
1200036,baseline_harder,Baseline harder irregularity,0.4,5,missforest,Missforest,0.6231131335479198,0.7094647943980545,1.0,2000,5,,,,,,,,0.4
1200037,baseline_harder,Baseline harder irregularity,0.4,5,missforest,Missforest,0.6196801690413284,0.704166290654197,1.0,2000,5,,,,,,,,0.4
1200038,baseline_harder,Baseline harder irregularity,0.4,5,missforest,Missforest,0.6195331671940498,0.7140390782370915,1.0,2000,5,,,,,,,,0.4
1200039,baseline_harder,Baseline harder irregularity,0.4,5,missforest,Missforest,0.6071045053366217,0.702242871427323,1.0,2000,5,,,,,,,,0.4
1200041,baseline_harder,Baseline harder irregularity,0.4,5,missforest,Missforest,0.61745087993023,0.7098984842770586,1.0,2000,5,,,,,,,,0.4
1200040,baseline_harder,Baseline harder irregularity,0.4,5,missforest,Missforest,0.625562942987544,0.7131251674997433,1.0,2000,5,,,,,,,,0.4
1200042,baseline_harder,Baseline harder irregularity,0.4,5,missforest,Missforest,0.6045763911020864,0.6933257847102544,1.0,2000,5,,,,,,,,0.4
1200043,baseline_harder,Baseline harder irregularity,0.4,5,missforest,Missforest,0.6133262950994628,0.7039807958329821,1.0,2000,5,,,,,,,,0.4
1200044,baseline_harder,Baseline harder irregularity,0.4,5,missforest,Missforest,0.6072695293050553,0.7014478867547717,1.0,2000,5,,,,,,,,0.4
1200045,baseline_harder,Baseline harder irregularity,0.4,5,missforest,Missforest,0.6195703618217433,0.7180079651220446,1.0,2000,5,,,,,,,,0.4
1200047,baseline_harder,Baseline harder irregularity,0.4,5,missforest,Missforest,0.6110996986551942,0.710179437618134,1.0,2000,5,,,,,,,,0.4
1200046,baseline_harder,Baseline harder irregularity,0.4,5,missforest,Missforest,0.6175417260291777,0.715291159824922,1.0,2000,5,,,,,,,,0.4
1200048,baseline_harder,Baseline harder irregularity,0.4,5,missforest,Missforest,0.6226428926847465,0.7060561647924396,1.0,2000,5,,,,,,,,0.4
1200049,baseline_harder,Baseline harder irregularity,0.4,5,missforest,Missforest,0.6093911908604148,0.6922033030758323,1.0,2000,5,,,,,,,,0.4
1200051,baseline_harder,Baseline harder irregularity,0.4,5,missforest,Missforest,0.6028168688085888,0.6985838218016657,1.0,2000,5,,,,,,,,0.4
1200050,baseline_harder,Baseline harder irregularity,0.4,5,missforest,Missforest,0.6223374604918755,0.7147720464024706,1.0,2000,5,,,,,,,,0.4
1200053,baseline_harder,Baseline harder irregularity,0.4,5,missforest,Missforest,0.6154400476631301,0.7034149023408963,1.0,2000,5,,,,,,,,0.4
1200052,baseline_harder,Baseline harder irregularity,0.4,5,missforest,Missforest,0.5987280627816233,0.697745581138347,1.0,2000,5,,,,,,,,0.4
1200054,baseline_harder,Baseline harder irregularity,0.4,5,missforest,Missforest,0.6235277856234955,0.7232931445414856,1.0,2000,5,,,,,,,,0.4
1200055,baseline_harder,Baseline harder irregularity,0.4,5,missforest,Missforest,0.6239721676753193,0.7195319726745398,1.0,2000,5,,,,,,,,0.4
1200056,baseline_harder,Baseline harder irregularity,0.4,5,missforest,Missforest,0.61105817064805,0.7073411838832314,1.0,2000,5,,,,,,,,0.4
1200058,baseline_harder,Baseline harder irregularity,0.4,5,missforest,Missforest,0.6077653873877802,0.7083170421838713,1.0,2000,5,,,,,,,,0.4
1200059,baseline_harder,Baseline harder irregularity,0.4,5,missforest,Missforest,0.6118907689858051,0.701038905918816,1.0,2000,5,,,,,,,,0.4
1200057,baseline_harder,Baseline harder irregularity,0.4,5,missforest,Missforest,0.6191377645443354,0.6988260337318639,1.0,2000,5,,,,,,,,0.4
1200060,baseline_harder,Baseline harder irregularity,0.4,5,missforest,Missforest,0.6082662284013859,0.7140000466523441,1.0,2000,5,,,,,,,,0.4
1200061,baseline_harder,Baseline harder irregularity,0.4,5,missforest,Missforest,0.6124010539054838,0.7177936996037602,1.0,2000,5,,,,,,,,0.4
1200062,baseline_harder,Baseline harder irregularity,0.4,5,missforest,Missforest,0.6060991990111441,0.7068536429877614,1.0,2000,5,,,,,,,,0.4
1200063,baseline_harder,Baseline harder irregularity,0.4,5,missforest,Missforest,0.6202240038102407,0.7143957111797488,1.0,2000,5,,,,,,,,0.4
1200065,baseline_harder,Baseline harder irregularity,0.4,5,missforest,Missforest,0.6183364978540613,0.7129388850368903,1.0,2000,5,,,,,,,,0.4
1200064,baseline_harder,Baseline harder irregularity,0.4,5,missforest,Missforest,0.6151637188946395,0.7079373674721805,1.0,2000,5,,,,,,,,0.4
1200066,baseline_harder,Baseline harder irregularity,0.4,5,missforest,Missforest,0.6057318512862918,0.6975478935605414,1.0,2000,5,,,,,,,,0.4
1200067,baseline_harder,Baseline harder irregularity,0.4,5,missforest,Missforest,0.5943955104498133,0.6805671275380534,1.0,2000,5,,,,,,,,0.4
1200069,baseline_harder,Baseline harder irregularity,0.4,5,missforest,Missforest,0.6143263241916981,0.7106972094312266,1.0,2000,5,,,,,,,,0.4
1200068,baseline_harder,Baseline harder irregularity,0.4,5,missforest,Missforest,0.6073989529241889,0.7028525924144344,1.0,2000,5,,,,,,,,0.4
1200070,baseline_harder,Baseline harder irregularity,0.4,5,missforest,Missforest,0.6229480184013544,0.7101981475649858,1.0,2000,5,,,,,,,,0.4
1200071,baseline_harder,Baseline harder irregularity,0.4,5,missforest,Missforest,0.5990221798628735,0.6996558301823296,1.0,2000,5,,,,,,,,0.4
1200072,baseline_harder,Baseline harder irregularity,0.4,5,missforest,Missforest,0.5955131932543519,0.6941375373289694,1.0,2000,5,,,,,,,,0.4
1200073,baseline_harder,Baseline harder irregularity,0.4,5,missforest,Missforest,0.6039950250947693,0.7016139805525331,1.0,2000,5,,,,,,,,0.4
1200075,baseline_harder,Baseline harder irregularity,0.4,5,missforest,Missforest,0.6213934732808085,0.7108238902628706,1.0,2000,5,,,,,,,,0.4
1200074,baseline_harder,Baseline harder irregularity,0.4,5,missforest,Missforest,0.6238899872310136,0.7152566001297453,1.0,2000,5,,,,,,,,0.4
1200076,baseline_harder,Baseline harder irregularity,0.4,5,missforest,Missforest,0.6190009446600472,0.7183321982709764,1.0,2000,5,,,,,,,,0.4
1200077,baseline_harder,Baseline harder irregularity,0.4,5,missforest,Missforest,0.6338001528310819,0.7332731859652746,1.0,2000,5,,,,,,,,0.4
1200078,baseline_harder,Baseline harder irregularity,0.4,5,missforest,Missforest,0.6234551323246191,0.7161715518196422,1.0,2000,5,,,,,,,,0.4
1200079,baseline_harder,Baseline harder irregularity,0.4,5,missforest,Missforest,0.6130344014921356,0.6951395204121518,1.0,2000,5,,,,,,,,0.4
1200080,baseline_harder,Baseline harder irregularity,0.4,5,missforest,Missforest,0.611963169977293,0.7044108130727437,1.0,2000,5,,,,,,,,0.4
1200082,baseline_harder,Baseline harder irregularity,0.4,5,missforest,Missforest,0.6212233451654873,0.7081334115283023,1.0,2000,5,,,,,,,,0.4
1200081,baseline_harder,Baseline harder irregularity,0.4,5,missforest,Missforest,0.6097906370437862,0.705770523693085,1.0,2000,5,,,,,,,,0.4
1200084,baseline_harder,Baseline harder irregularity,0.4,5,missforest,Missforest,0.6141215574677611,0.7103933270984807,1.0,2000,5,,,,,,,,0.4
1200083,baseline_harder,Baseline harder irregularity,0.4,5,missforest,Missforest,0.6143991743978844,0.7217168642512353,1.0,2000,5,,,,,,,,0.4
1200085,baseline_harder,Baseline harder irregularity,0.4,5,missforest,Missforest,0.6109975587603431,0.7093929040025628,1.0,2000,5,,,,,,,,0.4
1200086,baseline_harder,Baseline harder irregularity,0.4,5,missforest,Missforest,0.610427610124943,0.7021012362810952,1.0,2000,5,,,,,,,,0.4
1200087,baseline_harder,Baseline harder irregularity,0.4,5,missforest,Missforest,0.6149287400590182,0.7280997894519636,1.0,2000,5,,,,,,,,0.4
1200088,baseline_harder,Baseline harder irregularity,0.4,5,missforest,Missforest,0.5994585702565227,0.6836853206061715,1.0,2000,5,,,,,,,,0.4
1200089,baseline_harder,Baseline harder irregularity,0.4,5,missforest,Missforest,0.6187260212094713,0.7093286874789135,1.0,2000,5,,,,,,,,0.4
1200090,baseline_harder,Baseline harder irregularity,0.4,5,missforest,Missforest,0.6146141270570602,0.7048948335482766,1.0,2000,5,,,,,,,,0.4
1200091,baseline_harder,Baseline harder irregularity,0.4,5,missforest,Missforest,0.6071051304434618,0.7027154258691691,1.0,2000,5,,,,,,,,0.4
1200092,baseline_harder,Baseline harder irregularity,0.4,5,missforest,Missforest,0.5980292675118372,0.6913576463072048,1.0,2000,5,,,,,,,,0.4
1200093,baseline_harder,Baseline harder irregularity,0.4,5,missforest,Missforest,0.6085192179329104,0.7113007585204048,1.0,2000,5,,,,,,,,0.4
1200094,baseline_harder,Baseline harder irregularity,0.4,5,missforest,Missforest,0.6101271637136833,0.6946354856154353,1.0,2000,5,,,,,,,,0.4
1200095,baseline_harder,Baseline harder irregularity,0.4,5,missforest,Missforest,0.619329543389624,0.7116928610800105,1.0,2000,5,,,,,,,,0.4
1200096,baseline_harder,Baseline harder irregularity,0.4,5,missforest,Missforest,0.613348774071848,0.7028616070085755,1.0,2000,5,,,,,,,,0.4
1200097,baseline_harder,Baseline harder irregularity,0.4,5,missforest,Missforest,0.6114945536332363,0.7116204499186949,1.0,2000,5,,,,,,,,0.4
1200000,baseline_harder,Baseline harder irregularity,0.6,5,missforest,Missforest,0.6569375535229558,0.9042221683671936,1.0,2000,5,,,,,,,,0.6
1200001,baseline_harder,Baseline harder irregularity,0.6,5,missforest,Missforest,0.6650053036276136,0.9089225297358696,1.0,2000,5,,,,,,,,0.6
1200002,baseline_harder,Baseline harder irregularity,0.6,5,missforest,Missforest,0.652947482764968,0.8909329865975346,1.0,2000,5,,,,,,,,0.6
1200098,baseline_harder,Baseline harder irregularity,0.4,5,missforest,Missforest,0.6242231458543037,0.7107545121835354,1.0,2000,5,,,,,,,,0.4
1200099,baseline_harder,Baseline harder irregularity,0.4,5,missforest,Missforest,0.6277982967412791,0.7172488192236962,1.0,2000,5,,,,,,,,0.4
1200003,baseline_harder,Baseline harder irregularity,0.6,5,missforest,Missforest,0.6457758654514268,0.8861446438457964,1.0,2000,5,,,,,,,,0.6
1200004,baseline_harder,Baseline harder irregularity,0.6,5,missforest,Missforest,0.6401519911272844,0.8792892339559811,1.0,2000,5,,,,,,,,0.6
1200005,baseline_harder,Baseline harder irregularity,0.6,5,missforest,Missforest,0.6487459191643011,0.8965525853828145,1.0,2000,5,,,,,,,,0.6
1200006,baseline_harder,Baseline harder irregularity,0.6,5,missforest,Missforest,0.656618984484758,0.8983147701170967,1.0,2000,5,,,,,,,,0.6
1200007,baseline_harder,Baseline harder irregularity,0.6,5,missforest,Missforest,0.6834216364730297,0.92774192971377,1.0,2000,5,,,,,,,,0.6
1200008,baseline_harder,Baseline harder irregularity,0.6,5,missforest,Missforest,0.6608548745092054,0.9145303763060616,1.0,2000,5,,,,,,,,0.6
1200009,baseline_harder,Baseline harder irregularity,0.6,5,missforest,Missforest,0.6616627101206222,0.8949123916953547,1.0,2000,5,,,,,,,,0.6
1200010,baseline_harder,Baseline harder irregularity,0.6,5,missforest,Missforest,0.6559543587843162,0.9152802924618556,1.0,2000,5,,,,,,,,0.6
1200011,baseline_harder,Baseline harder irregularity,0.6,5,missforest,Missforest,0.6456778342366959,0.8778356727391148,1.0,2000,5,,,,,,,,0.6
1200012,baseline_harder,Baseline harder irregularity,0.6,5,missforest,Missforest,0.6508868152997626,0.8827296421136922,1.0,2000,5,,,,,,,,0.6
1200014,baseline_harder,Baseline harder irregularity,0.6,5,missforest,Missforest,0.6534681532243608,0.8969451013107068,1.0,2000,5,,,,,,,,0.6
1200013,baseline_harder,Baseline harder irregularity,0.6,5,missforest,Missforest,0.648083294617685,0.9100230461210546,1.0,2000,5,,,,,,,,0.6
1200015,baseline_harder,Baseline harder irregularity,0.6,5,missforest,Missforest,0.6534174165581238,0.8910892866525896,1.0,2000,5,,,,,,,,0.6
1200016,baseline_harder,Baseline harder irregularity,0.6,5,missforest,Missforest,0.6496094721148451,0.8966049411631122,1.0,2000,5,,,,,,,,0.6
1200017,baseline_harder,Baseline harder irregularity,0.6,5,missforest,Missforest,0.6529383049155936,0.905404983814416,1.0,2000,5,,,,,,,,0.6
1200018,baseline_harder,Baseline harder irregularity,0.6,5,missforest,Missforest,0.6662636698517982,0.9248136451992844,1.0,2000,5,,,,,,,,0.6
1200019,baseline_harder,Baseline harder irregularity,0.6,5,missforest,Missforest,0.6474169258247039,0.8945703721882141,1.0,2000,5,,,,,,,,0.6
1200020,baseline_harder,Baseline harder irregularity,0.6,5,missforest,Missforest,0.6690763222349826,0.9078995757561455,1.0,2000,5,,,,,,,,0.6
1200022,baseline_harder,Baseline harder irregularity,0.6,5,missforest,Missforest,0.6446832178875073,0.881047740941711,1.0,2000,5,,,,,,,,0.6
1200021,baseline_harder,Baseline harder irregularity,0.6,5,missforest,Missforest,0.655702009975747,0.8949775413753004,1.0,2000,5,,,,,,,,0.6
1200023,baseline_harder,Baseline harder irregularity,0.6,5,missforest,Missforest,0.657101016766857,0.8973250338609563,1.0,2000,5,,,,,,,,0.6
1200025,baseline_harder,Baseline harder irregularity,0.6,5,missforest,Missforest,0.6507108114174298,0.9011286709856056,1.0,2000,5,,,,,,,,0.6
1200024,baseline_harder,Baseline harder irregularity,0.6,5,missforest,Missforest,0.6341129202522092,0.8675979856719588,1.0,2000,5,,,,,,,,0.6
1200026,baseline_harder,Baseline harder irregularity,0.6,5,missforest,Missforest,0.6625320897565545,0.8929818696381256,1.0,2000,5,,,,,,,,0.6
1200027,baseline_harder,Baseline harder irregularity,0.6,5,missforest,Missforest,0.6502338817544016,0.8995848383848277,1.0,2000,5,,,,,,,,0.6
1200028,baseline_harder,Baseline harder irregularity,0.6,5,missforest,Missforest,0.6450937824698834,0.9109512717866344,1.0,2000,5,,,,,,,,0.6
1200030,baseline_harder,Baseline harder irregularity,0.6,5,missforest,Missforest,0.6529042419846455,0.9214295446890906,1.0,2000,5,,,,,,,,0.6
1200029,baseline_harder,Baseline harder irregularity,0.6,5,missforest,Missforest,0.6557088224665427,0.9051116165672518,1.0,2000,5,,,,,,,,0.6
1200031,baseline_harder,Baseline harder irregularity,0.6,5,missforest,Missforest,0.6634359621422223,0.9055364047690684,1.0,2000,5,,,,,,,,0.6
1200032,baseline_harder,Baseline harder irregularity,0.6,5,missforest,Missforest,0.6646114378339733,0.9115610464040252,1.0,2000,5,,,,,,,,0.6
1200033,baseline_harder,Baseline harder irregularity,0.6,5,missforest,Missforest,0.6524386423233127,0.9020324457020832,1.0,2000,5,,,,,,,,0.6
1200034,baseline_harder,Baseline harder irregularity,0.6,5,missforest,Missforest,0.6672864611257805,0.9176557111440532,1.0,2000,5,,,,,,,,0.6
1200035,baseline_harder,Baseline harder irregularity,0.6,5,missforest,Missforest,0.6632624847699803,0.9006313417920452,1.0,2000,5,,,,,,,,0.6
1200036,baseline_harder,Baseline harder irregularity,0.6,5,missforest,Missforest,0.676926848313537,0.9204078420561586,1.0,2000,5,,,,,,,,0.6
1200037,baseline_harder,Baseline harder irregularity,0.6,5,missforest,Missforest,0.6516290627852798,0.9061269095481074,1.0,2000,5,,,,,,,,0.6
1200038,baseline_harder,Baseline harder irregularity,0.6,5,missforest,Missforest,0.6514777923420434,0.8810904998797254,1.0,2000,5,,,,,,,,0.6
1200039,baseline_harder,Baseline harder irregularity,0.6,5,missforest,Missforest,0.6442415045329627,0.890952909058883,1.0,2000,5,,,,,,,,0.6
1200041,baseline_harder,Baseline harder irregularity,0.6,5,missforest,Missforest,0.6571400398328948,0.8996295211722946,1.0,2000,5,,,,,,,,0.6
1200040,baseline_harder,Baseline harder irregularity,0.6,5,missforest,Missforest,0.6533946439978788,0.8937180815547894,1.0,2000,5,,,,,,,,0.6
1200042,baseline_harder,Baseline harder irregularity,0.6,5,missforest,Missforest,0.6609020404076167,0.8907684980287962,1.0,2000,5,,,,,,,,0.6
1200043,baseline_harder,Baseline harder irregularity,0.6,5,missforest,Missforest,0.6607360528382611,0.9079552516344458,1.0,2000,5,,,,,,,,0.6
1200044,baseline_harder,Baseline harder irregularity,0.6,5,missforest,Missforest,0.644826260653921,0.8872399421974224,1.0,2000,5,,,,,,,,0.6
1200045,baseline_harder,Baseline harder irregularity,0.6,5,missforest,Missforest,0.6727929488367796,0.9192085393134538,1.0,2000,5,,,,,,,,0.6
1200047,baseline_harder,Baseline harder irregularity,0.6,5,missforest,Missforest,0.6530551413389492,0.8992379651198884,1.0,2000,5,,,,,,,,0.6
1200046,baseline_harder,Baseline harder irregularity,0.6,5,missforest,Missforest,0.659011257658416,0.9147670588343988,1.0,2000,5,,,,,,,,0.6
1200048,baseline_harder,Baseline harder irregularity,0.6,5,missforest,Missforest,0.669831118736753,0.9264416348820308,1.0,2000,5,,,,,,,,0.6
1200049,baseline_harder,Baseline harder irregularity,0.6,5,missforest,Missforest,0.653739958763227,0.903445890299162,1.0,2000,5,,,,,,,,0.6
1200050,baseline_harder,Baseline harder irregularity,0.6,5,missforest,Missforest,0.6851765497258486,0.9321001165800932,1.0,2000,5,,,,,,,,0.6
1200051,baseline_harder,Baseline harder irregularity,0.6,5,missforest,Missforest,0.6545754356850774,0.8933584233420695,1.0,2000,5,,,,,,,,0.6
1200052,baseline_harder,Baseline harder irregularity,0.6,5,missforest,Missforest,0.6485214678037907,0.9019529989907038,1.0,2000,5,,,,,,,,0.6
1200053,baseline_harder,Baseline harder irregularity,0.6,5,missforest,Missforest,0.6416269113707352,0.8874181054893215,1.0,2000,5,,,,,,,,0.6
1200054,baseline_harder,Baseline harder irregularity,0.6,5,missforest,Missforest,0.6394817927281532,0.8764725286312399,1.0,2000,5,,,,,,,,0.6
1200055,baseline_harder,Baseline harder irregularity,0.6,5,missforest,Missforest,0.6682045845236044,0.9280499235194564,1.0,2000,5,,,,,,,,0.6
1200056,baseline_harder,Baseline harder irregularity,0.6,5,missforest,Missforest,0.6491998092137266,0.9011065449633676,1.0,2000,5,,,,,,,,0.6
1200057,baseline_harder,Baseline harder irregularity,0.6,5,missforest,Missforest,0.66019372508358,0.8880046777322651,1.0,2000,5,,,,,,,,0.6
1200058,baseline_harder,Baseline harder irregularity,0.6,5,missforest,Missforest,0.6639101470581923,0.9092073447098452,1.0,2000,5,,,,,,,,0.6
1200059,baseline_harder,Baseline harder irregularity,0.6,5,missforest,Missforest,0.6420941743229932,0.8871332892264527,1.0,2000,5,,,,,,,,0.6
1200060,baseline_harder,Baseline harder irregularity,0.6,5,missforest,Missforest,0.6503265488215654,0.8961551087461083,1.0,2000,5,,,,,,,,0.6
1200061,baseline_harder,Baseline harder irregularity,0.6,5,missforest,Missforest,0.6578380548269753,0.919724834815017,1.0,2000,5,,,,,,,,0.6
1200062,baseline_harder,Baseline harder irregularity,0.6,5,missforest,Missforest,0.6528738141167549,0.9079343511722792,1.0,2000,5,,,,,,,,0.6
1200063,baseline_harder,Baseline harder irregularity,0.6,5,missforest,Missforest,0.6702451564964762,0.9238397589848762,1.0,2000,5,,,,,,,,0.6
1200064,baseline_harder,Baseline harder irregularity,0.6,5,missforest,Missforest,0.647157835975677,0.8973626868179063,1.0,2000,5,,,,,,,,0.6
1200065,baseline_harder,Baseline harder irregularity,0.6,5,missforest,Missforest,0.6568880673837622,0.902182734078676,1.0,2000,5,,,,,,,,0.6
1200066,baseline_harder,Baseline harder irregularity,0.6,5,missforest,Missforest,0.6499885113780269,0.8887308983006635,1.0,2000,5,,,,,,,,0.6
1200067,baseline_harder,Baseline harder irregularity,0.6,5,missforest,Missforest,0.6456470034324722,0.8881660016435038,1.0,2000,5,,,,,,,,0.6
1200068,baseline_harder,Baseline harder irregularity,0.6,5,missforest,Missforest,0.6529603122709421,0.9025809233539996,1.0,2000,5,,,,,,,,0.6
1200069,baseline_harder,Baseline harder irregularity,0.6,5,missforest,Missforest,0.6728845495322862,0.9102193221778956,1.0,2000,5,,,,,,,,0.6
1200070,baseline_harder,Baseline harder irregularity,0.6,5,missforest,Missforest,0.6656713178579482,0.9058332869227091,1.0,2000,5,,,,,,,,0.6
1200071,baseline_harder,Baseline harder irregularity,0.6,5,missforest,Missforest,0.6501153256903338,0.9094201374493204,1.0,2000,5,,,,,,,,0.6
1200072,baseline_harder,Baseline harder irregularity,0.6,5,missforest,Missforest,0.6511077309029475,0.9132974780035116,1.0,2000,5,,,,,,,,0.6
1200073,baseline_harder,Baseline harder irregularity,0.6,5,missforest,Missforest,0.6439081361714727,0.8728534482617851,1.0,2000,5,,,,,,,,0.6
1200074,baseline_harder,Baseline harder irregularity,0.6,5,missforest,Missforest,0.6610342040248689,0.9308560627369852,1.0,2000,5,,,,,,,,0.6
1200075,baseline_harder,Baseline harder irregularity,0.6,5,missforest,Missforest,0.6606465212496994,0.903980674634461,1.0,2000,5,,,,,,,,0.6
1200076,baseline_harder,Baseline harder irregularity,0.6,5,missforest,Missforest,0.6592645364397373,0.8991319776402724,1.0,2000,5,,,,,,,,0.6
1200077,baseline_harder,Baseline harder irregularity,0.6,5,missforest,Missforest,0.6699346654621384,0.9175656894111068,1.0,2000,5,,,,,,,,0.6
1200078,baseline_harder,Baseline harder irregularity,0.6,5,missforest,Missforest,0.6574722216145982,0.9027137209761164,1.0,2000,5,,,,,,,,0.6
1200079,baseline_harder,Baseline harder irregularity,0.6,5,missforest,Missforest,0.6483506649890354,0.8935084698383085,1.0,2000,5,,,,,,,,0.6
1200080,baseline_harder,Baseline harder irregularity,0.6,5,missforest,Missforest,0.6407562576004098,0.8802034213008113,1.0,2000,5,,,,,,,,0.6
1200081,baseline_harder,Baseline harder irregularity,0.6,5,missforest,Missforest,0.6508192230229384,0.8900536619791569,1.0,2000,5,,,,,,,,0.6
1200083,baseline_harder,Baseline harder irregularity,0.6,5,missforest,Missforest,0.653846472637685,0.9140748571137528,1.0,2000,5,,,,,,,,0.6
1200082,baseline_harder,Baseline harder irregularity,0.6,5,missforest,Missforest,0.6621067158845403,0.8928112675017528,1.0,2000,5,,,,,,,,0.6
1200084,baseline_harder,Baseline harder irregularity,0.6,5,missforest,Missforest,0.6548847482365722,0.9112311945287812,1.0,2000,5,,,,,,,,0.6
1200085,baseline_harder,Baseline harder irregularity,0.6,5,missforest,Missforest,0.656696055764094,0.8989451073235254,1.0,2000,5,,,,,,,,0.6
1200086,baseline_harder,Baseline harder irregularity,0.6,5,missforest,Missforest,0.6576440536190685,0.9201309333703404,1.0,2000,5,,,,,,,,0.6
1200087,baseline_harder,Baseline harder irregularity,0.6,5,missforest,Missforest,0.6387244573897456,0.890562042955422,1.0,2000,5,,,,,,,,0.6
1200088,baseline_harder,Baseline harder irregularity,0.6,5,missforest,Missforest,0.6557457034301584,0.9037479551956892,1.0,2000,5,,,,,,,,0.6
1200089,baseline_harder,Baseline harder irregularity,0.6,5,missforest,Missforest,0.6821068095459443,0.9115424923806555,1.0,2000,5,,,,,,,,0.6
1200091,baseline_harder,Baseline harder irregularity,0.6,5,missforest,Missforest,0.6576135838231466,0.9034530581309236,1.0,2000,5,,,,,,,,0.6
1200090,baseline_harder,Baseline harder irregularity,0.6,5,missforest,Missforest,0.6721688959339974,0.9231809685055264,1.0,2000,5,,,,,,,,0.6
1200092,baseline_harder,Baseline harder irregularity,0.6,5,missforest,Missforest,0.6477155431834789,0.8765875278037202,1.0,2000,5,,,,,,,,0.6
1200094,baseline_harder,Baseline harder irregularity,0.6,5,missforest,Missforest,0.6656829464787987,0.901336388708848,1.0,2000,5,,,,,,,,0.6
1200093,baseline_harder,Baseline harder irregularity,0.6,5,missforest,Missforest,0.6508689730999017,0.8951655408451955,1.0,2000,5,,,,,,,,0.6
1200095,baseline_harder,Baseline harder irregularity,0.6,5,missforest,Missforest,0.654822583102251,0.8928946024643293,1.0,2000,5,,,,,,,,0.6
1200096,baseline_harder,Baseline harder irregularity,0.6,5,missforest,Missforest,0.6498437572179158,0.8870215347949252,1.0,2000,5,,,,,,,,0.6
1200097,baseline_harder,Baseline harder irregularity,0.6,5,missforest,Missforest,0.64485050217608,0.8956548553178157,1.0,2000,5,,,,,,,,0.6
1200098,baseline_harder,Baseline harder irregularity,0.6,5,missforest,Missforest,0.6760165234989121,0.9217876630414412,1.0,2000,5,,,,,,,,0.6
1200099,baseline_harder,Baseline harder irregularity,0.6,5,missforest,Missforest,0.6696084825541309,0.9193533319450402,1.0,2000,5,,,,,,,,0.6
