seed,method,auroc,auprc,accuracy,balanced_accuracy,macro_f1,log_loss,n_test,imputation_rmse,summary_mse,method_label,trajectory_rmse
975000,complete_fusion,0.8734755160174402,0.6594301994070679,0.76,0.6447811447811448,0.6150940414098308,0.5900875542568248,125.0,0.0,0.0,Full data,0.0
975000,image_only,0.5600100514045793,0.4369893732917019,0.552,0.3855218855218855,0.3461559719228431,0.8807791933222723,125.0,,,Image only,
975000,mean_impute_fusion,0.7180275267212602,0.4452472092363232,0.704,0.4259259259259259,0.4025573192239859,0.7117472793027282,125.0,0.9450675249099731,7.506476877256683,Mean imputation,2.739795042928701
975000,missforest_fusion,0.7869510274629428,0.4624764966778558,0.68,0.4158249158249158,0.3927784319053226,0.693262194661814,125.0,1.0246567726135254,3.736415445468994,Forest surrogate,1.9329809739024837
975000,brits_joint_loss,0.8016116879753244,0.5261412127657529,0.704,0.5530303030303031,0.5179396874312129,0.682442386984545,125.0,0.9793238043785096,3.023351105852732,BRITS-MI-image,1.7387786247400017
975001,complete_fusion,0.8845993607981488,0.6168189147895414,0.776,0.6298611111111111,0.6037037037037037,0.590248714667588,125.0,0.0,0.0,Full data,0.0
975001,image_only,0.6769839915025986,0.4030179938331399,0.592,0.4666666666666666,0.4010278755376794,0.8662190842410047,125.0,,,Image only,
975001,mean_impute_fusion,0.7849455635218695,0.5108433414094086,0.72,0.5319444444444444,0.5051105472997462,0.7347649589094856,125.0,0.9142887592315674,6.536464789444157,Mean imputation,2.556651088718239
975001,missforest_fusion,0.8181787489093737,0.6082332272703318,0.688,0.5708333333333333,0.5568894068894069,0.6983135955538888,125.0,1.0001976490020752,3.047351348230778,Forest surrogate,1.7456664481597788
975001,brits_joint_loss,0.8333956412882667,0.5774943000808636,0.704,0.5354166666666668,0.5361766735679779,0.6926374863304029,125.0,1.0157439708709717,2.712112158632879,BRITS-MI-image,1.6468491608623053
975002,complete_fusion,0.8379905654653498,0.508570307904598,0.76,0.5805235137533274,0.5334548492443228,0.6605006134970133,125.0,0.0,0.0,Full data,0.0
975002,image_only,0.5909759107326672,0.4154462828338451,0.68,0.4355959775214433,0.4054580896686159,0.8444071253216868,125.0,,,Image only,
975002,mean_impute_fusion,0.7286240603160256,0.4637162567750694,0.688,0.4833629103815438,0.4581490581490581,0.7720342961640253,125.0,0.8535118103027344,4.783251817869706,Mean imputation,2.1870646579078787
975002,missforest_fusion,0.7714897140501374,0.4816469394554099,0.776,0.4852114758947057,0.4640675763482781,0.713794091409968,125.0,1.0659058094024658,2.2707417686576,Forest surrogate,1.506898061800333
975002,brits_joint_loss,0.780341453465644,0.497004550038802,0.736,0.5481366459627329,0.5232383808095952,0.7343380092019908,125.0,1.1169449090957642,2.301254731831965,BRITS-MI-image,1.5169887052420545
975003,complete_fusion,0.9095229667918816,0.6764431441485869,0.784,0.7137947962690231,0.6204521646382112,0.5633642642676209,125.0,0.0,0.0,Full data,0.0
975003,image_only,0.6708199216280643,0.4128258726468564,0.56,0.4284077892325315,0.3847198399085191,0.8835122340084691,125.0,,,Image only,
975003,mean_impute_fusion,0.796115571189833,0.5375103666685189,0.728,0.6262477499590902,0.5466285871757294,0.7653979241030597,125.0,0.9177923202514648,6.540232386638956,Mean imputation,2.5573878052886223
975003,missforest_fusion,0.8608667988582369,0.5901083882162004,0.768,0.5868106692848961,0.54928979322572,0.6844593940032012,125.0,1.0017884969711304,3.159418591624897,Forest surrogate,1.777475342058195
975003,brits_joint_loss,0.8678535799145619,0.6374513831732921,0.744,0.6206840124365897,0.5503785932093055,0.6749927856321465,125.0,1.0318868160247805,2.551027587770375,BRITS-MI-image,1.5971936600708052
975004,complete_fusion,0.87751254347893,0.6806967312749648,0.752,0.6133786848072562,0.5615217391304347,0.6287838189201466,125.0,0.0,0.0,Full data,0.0
975004,image_only,0.6934949193352554,0.468120484372855,0.56,0.4671201814058957,0.3972537540753433,0.8984162060757112,125.0,,,Image only,
975004,mean_impute_fusion,0.719883394953423,0.4929506335998381,0.616,0.5034013605442177,0.4387662409596607,0.826194318313906,125.0,0.8645603060722351,4.589252703306212,Mean imputation,2.1422541173507432
975004,missforest_fusion,0.7503747937921608,0.4801164578278723,0.648,0.4773242630385487,0.4328664799253034,0.771896562584405,125.0,0.962168037891388,2.367265094280708,Forest surrogate,1.5385919193472672
975004,brits_joint_loss,0.75112566394079,0.4461535715709599,0.648,0.4773242630385487,0.4345516569200779,0.7552253901340875,125.0,0.9814695119857788,2.029923562502333,BRITS-MI-image,1.424753860321962
975005,complete_fusion,0.8884800509948593,0.6765882522763459,0.784,0.6018189884649512,0.5652625152625153,0.6177870433728099,125.0,0.0,0.0,Full data,0.0
975005,image_only,0.6216618546115562,0.4264119551277576,0.52,0.4119343389529724,0.3544992279169494,0.9511568196600244,125.0,,,Image only,
975005,mean_impute_fusion,0.8015319075288518,0.5774269261536386,0.672,0.6230405205560485,0.5452326468344775,0.7302053176437272,125.0,0.8655794858932495,4.944058995596942,Mean imputation,2.2235240038274697
975005,missforest_fusion,0.8390886225000109,0.5954867068556746,0.696,0.5644040224785566,0.5359603789836348,0.6981548641024556,125.0,0.9624512195587158,2.612892862201315,Forest surrogate,1.6164445125649425
975005,brits_joint_loss,0.8387819867569871,0.5736370405317676,0.712,0.640047323277137,0.5669801462904912,0.6899912371837418,125.0,0.9283229112625122,2.3674887065979457,BRITS-MI-image,1.5386645854759724
975006,complete_fusion,0.8726378232452401,0.6732997931833573,0.712,0.6195652173913043,0.5771361345783311,0.6764669261935495,125.0,0.0,0.0,Full data,0.0
975006,image_only,0.5267191771761178,0.3572518025405296,0.568,0.323671497584541,0.3332610424347574,0.9533382383677186,125.0,,,Image only,
975006,mean_impute_fusion,0.798077545610948,0.5601454766079202,0.696,0.5905797101449276,0.5266955266955268,0.7569493897950096,125.0,0.8199684023857117,3.1737401873344906,Mean imputation,1.7814994210873296
975006,missforest_fusion,0.817048933516435,0.535650968987984,0.696,0.5495169082125604,0.5108851104401716,0.7428118471188581,125.0,0.8406137228012085,1.7387096041014325,Forest surrogate,1.3186013818062805
975006,brits_joint_loss,0.8170533080798537,0.5414068977085481,0.696,0.5715579710144927,0.5332693258851938,0.747448961999656,125.0,0.8199402689933777,1.395071625029286,BRITS-MI-image,1.1811315020052957
975007,complete_fusion,0.818002378159894,0.5156332115972385,0.68,0.5343234323432343,0.4763468013468013,0.6931310560805624,125.0,0.0,0.0,Full data,0.0
975007,image_only,0.5993383429252016,0.4364306498193158,0.504,0.4483498349834984,0.3555592087237657,0.9285702661291912,125.0,,,Image only,
975007,mean_impute_fusion,0.6480636050618048,0.4028364874720114,0.672,0.450990099009901,0.4098556183301946,0.8159606456412465,125.0,0.820665180683136,4.531683483096872,Mean imputation,2.128775113321478
975007,missforest_fusion,0.7094196757338072,0.4194283510766226,0.608,0.3844884488448845,0.3558201058201058,0.7949150543997148,125.0,0.8407642245292664,1.775210999326245,Forest surrogate,1.3323704437303632
975007,brits_joint_loss,0.737507854681572,0.4291683693632488,0.592,0.3778877887788779,0.3491922335852971,0.7771809440516867,125.0,0.882611870765686,1.6854559151723745,BRITS-MI-image,1.2982510986601838
975008,complete_fusion,0.8879956466011188,0.5680849358587247,0.752,0.4814814814814814,0.4504810413129598,0.596656539366927,125.0,0.0,0.0,Full data,0.0
975008,image_only,0.6511605977625395,0.4390570616321563,0.568,0.484006734006734,0.4017489711934156,0.876954467421468,125.0,,,Image only,
975008,mean_impute_fusion,0.7398971611239925,0.4602367882185652,0.68,0.4393939393939394,0.4027595077318834,0.7427508024292874,125.0,0.8833749890327454,4.986152747375615,Mean imputation,2.2329694909191247
975008,missforest_fusion,0.7330793164862008,0.4386778065542543,0.688,0.4663299663299662,0.4159471813103098,0.7170509068712627,125.0,0.9585855007171632,2.1932536364790964,Forest surrogate,1.4809637525878534
975008,brits_joint_loss,0.7390647256048845,0.4421065220804121,0.672,0.4478114478114478,0.4029569665795318,0.7070546878455862,125.0,1.024255871772766,1.9798941107121968,BRITS-MI-image,1.407087101323936
975009,complete_fusion,0.8869695746625936,0.7088542889224079,0.816,0.776252319109462,0.7120209539564378,0.6183498466942025,125.0,0.0,0.0,Full data,0.0
975009,image_only,0.6728399698279496,0.5000308344311751,0.608,0.6128014842300556,0.5131382673551348,0.8635668467639992,125.0,,,Image only,
975009,mean_impute_fusion,0.7597346080402021,0.52168874306837,0.656,0.4596784168212739,0.4365633738515095,0.7604364280200823,125.0,0.8474149703979492,3.073466431661764,Mean imputation,1.7531304662408225
975009,missforest_fusion,0.8034062772897723,0.4839392331354297,0.664,0.4630797773654917,0.4363295880149813,0.712113764867363,125.0,1.047976016998291,1.2605868991239113,Forest surrogate,1.1227586112446037
975009,brits_joint_loss,0.8294546971153537,0.5623243500807499,0.696,0.4884353741496598,0.4666666666666666,0.6879930125901098,125.0,1.0867658853530884,1.210176295512302,BRITS-MI-image,1.1000801314051183
975010,complete_fusion,0.8373660818713451,0.5734429392562143,0.712,0.5761403508771931,0.5235961307995206,0.6728535009447904,125.0,0.0,0.0,Full data,0.0
975010,image_only,0.7328058479532163,0.4744723411575229,0.608,0.5108771929824562,0.4418926103136629,0.8660002392778928,125.0,,,Image only,
975010,mean_impute_fusion,0.7407637426900585,0.5139956873220615,0.696,0.5494736842105263,0.512375956413714,0.7438686885940835,125.0,0.9267678260803224,6.07861588811726,Mean imputation,2.465484919466607
975010,missforest_fusion,0.7428035087719298,0.5056083343956006,0.608,0.4715789473684211,0.4127110731298169,0.745906727828487,125.0,1.018841028213501,3.210506651106766,Forest surrogate,1.7917886736740931
975010,brits_joint_loss,0.7704397660818714,0.5082847618569032,0.68,0.5522807017543859,0.4984233534298796,0.7241391816491023,125.0,1.0378530025482178,2.729538304056917,BRITS-MI-image,1.6521314427299412
975011,complete_fusion,0.8250324242640584,0.5235820729532564,0.712,0.5264190821256038,0.4941457010422527,0.664417596896333,125.0,0.0,0.0,Full data,0.0
975011,image_only,0.5578494016297174,0.3504957854914785,0.552,0.3577898550724638,0.3428571428571428,0.956401248239967,125.0,,,Image only,
975011,mean_impute_fusion,0.6594389692408696,0.4128494459159632,0.616,0.3775664251207729,0.364231862563342,0.8068328622671346,125.0,0.7927003502845764,3.26347933603425,Mean imputation,1.8065102645803732
975011,missforest_fusion,0.6741742049143494,0.4236444959266971,0.64,0.4210446859903381,0.3951065891472868,0.7846596965216057,125.0,1.133598804473877,1.6852263743644285,Forest surrogate,1.2981626917934548
975011,brits_joint_loss,0.7041699738366111,0.4377096012521446,0.632,0.4175724637681159,0.390136660724896,0.769770946808537,125.0,1.105198860168457,1.6072639104146569,BRITS-MI-image,1.2677791252480288
975012,complete_fusion,0.8856527430933526,0.6963951140497766,0.76,0.6788883908561183,0.6193698277031611,0.5884065419113544,125.0,0.0,0.0,Full data,0.0
975012,image_only,0.7192943942854297,0.4617957114512996,0.592,0.4470939787838039,0.3836456049431931,0.8598051678186668,125.0,,,Image only,
975012,mean_impute_fusion,0.7908078782088063,0.5443232147585323,0.76,0.6156581503062902,0.5578947368421053,0.7067509981880602,125.0,0.9070249795913696,5.626036013306976,Mean imputation,2.3719266458528976
975012,missforest_fusion,0.8260350271888227,0.6649547750649362,0.736,0.657522784999253,0.5845247189785004,0.6651656390534786,125.0,0.937084436416626,3.033470534554534,Forest surrogate,1.741686118264291
975012,brits_joint_loss,0.842917756374924,0.705989127770736,0.776,0.7078738981024952,0.6340341100979399,0.6462035916907526,125.0,0.9260792136192322,2.73148951698852,BRITS-MI-image,1.652721851065242
975013,complete_fusion,0.8996998008689642,0.7600623207238888,0.8,0.7183306494900698,0.6724883369472371,0.6034598976932216,125.0,0.0,0.0,Full data,0.0
975013,image_only,0.6864546726317521,0.4900410302723514,0.576,0.4606816961889425,0.4123599750839894,0.9361043485120708,125.0,,,Image only,
975013,mean_impute_fusion,0.7456169702546513,0.5300587133122742,0.68,0.4994632313472893,0.4771526980482204,0.7821150974422212,125.0,0.8978918194770813,5.10045848636187,Mean imputation,2.2584194664326356
975013,missforest_fusion,0.7804451161228654,0.5897346312452147,0.728,0.5556897477187333,0.5322943048249886,0.738581447400983,125.0,1.1365392208099363,2.29595829357976,Forest surrogate,1.515241991755693
975013,brits_joint_loss,0.7560117591173491,0.5479400585924975,0.704,0.501610305958132,0.4831914144239335,0.7378955156263622,125.0,1.1307122707366943,2.056356249891918,BRITS-MI-image,1.4340000871310705
975014,complete_fusion,0.8856731986424808,0.6722089297331522,0.808,0.7176767676767676,0.6204936424831713,0.576610281510495,125.0,0.0,0.0,Full data,0.0
975014,image_only,0.6727818905271077,0.4334085004029503,0.624,0.4977777777777777,0.4166162532768703,0.8492981061746763,125.0,,,Image only,
975014,mean_impute_fusion,0.7867927236715394,0.4882393249537183,0.696,0.4081818181818182,0.3879921741257031,0.6749953812637408,125.0,0.9209468960762024,5.091321605806612,Mean imputation,2.2563957112631225
975014,missforest_fusion,0.8221278801061708,0.5752195403522007,0.728,0.5292929292929293,0.5152696556205328,0.6311394753139586,125.0,1.027437686920166,2.4343096183887436,Forest surrogate,1.5602274252136268
975014,brits_joint_loss,0.8421527270154997,0.5949516739781949,0.744,0.5714141414141415,0.5447978234355944,0.6183421961352037,125.0,1.018774151802063,1.99148204065465,BRITS-MI-image,1.411198795582908
975015,complete_fusion,0.7922386290353174,0.5411230563484697,0.72,0.5638888888888889,0.5235491407712559,0.6760588242596552,125.0,0.0,0.0,Full data,0.0
975015,image_only,0.5971319373316643,0.3785814300098581,0.544,0.4041666666666666,0.3433119163009928,0.944275690299335,125.0,,,Image only,
975015,mean_impute_fusion,0.7492548177231516,0.4327876681270999,0.624,0.3541666666666667,0.3587187666135034,0.8080539337062957,125.0,0.8432992100715637,3.8769010870166625,Mean imputation,1.968984785877398
975015,missforest_fusion,0.7720383331436592,0.4741785100806197,0.648,0.4805555555555555,0.4333683324583552,0.7678669343118179,125.0,1.010697364807129,1.836912871774915,Forest surrogate,1.3553275883619116
975015,brits_joint_loss,0.8047612002579568,0.500702583129489,0.68,0.5465277777777778,0.4926984126984127,0.7588395096243549,125.0,1.0315104722976685,1.4603565563717356,BRITS-MI-image,1.208452132428809
975016,complete_fusion,0.8945601617427288,0.6848328022825038,0.776,0.7541189307146755,0.6928967090257413,0.6601170034005334,125.0,0.0,0.0,Full data,0.0
975016,image_only,0.685249366409284,0.5457567146711333,0.512,0.5832515002727768,0.4352391794252259,0.9365869306739064,125.0,,,Image only,
975016,mean_impute_fusion,0.752086825703847,0.512473692526875,0.696,0.6016912165848337,0.5569404954020339,0.8110122477409788,125.0,0.8414642810821533,4.043979689881351,Mean imputation,2.0109648654020167
975016,missforest_fusion,0.7600155862338429,0.4966506030214743,0.656,0.4837424986361157,0.4524173682068418,0.7660205068120104,125.0,1.094251275062561,2.5771989144835055,Forest surrogate,1.6053656637923666
975016,brits_joint_loss,0.775122645599653,0.5515980393829674,0.664,0.5058374249863612,0.4655531864487088,0.7796768128299367,125.0,1.0857452154159546,2.3241906965186057,BRITS-MI-image,1.524529664033667
975017,complete_fusion,0.8920274494056238,0.6472392793972531,0.768,0.5965084560829242,0.5779951043108937,0.5732268619451998,125.0,0.0,0.0,Full data,0.0
975017,image_only,0.6069355505319816,0.4030195236305747,0.576,0.348063284233497,0.3604993403024459,0.8802878118341869,125.0,,,Image only,
975017,mean_impute_fusion,0.7392106100513788,0.4744473057699879,0.688,0.4515548281505728,0.439260193358554,0.7535934358564205,125.0,0.8659992218017578,5.580245312828303,Mean imputation,2.3622542862334495
975017,missforest_fusion,0.7751178468954723,0.4899018066945331,0.672,0.4537370430987452,0.4381053993845363,0.7184225247752526,125.0,0.9310994744300842,2.553585148949211,Forest surrogate,1.597994101662835
975017,brits_joint_loss,0.7811110906684001,0.498681251953035,0.696,0.5460447354064376,0.5115655626034602,0.7149793062539329,125.0,0.895999550819397,2.2795909001073547,BRITS-MI-image,1.509831414465653
975018,complete_fusion,0.911900238728994,0.7834229494187238,0.848,0.7445282460810411,0.6616966798313949,0.5565714767317068,125.0,0.0,0.0,Full data,0.0
975018,image_only,0.6660795711265702,0.4011728349192768,0.544,0.5930937592428275,0.4131534455941029,0.889008694718831,125.0,,,Image only,
975018,mean_impute_fusion,0.8525681908754507,0.5986402177216034,0.704,0.672212363206152,0.5534032822168415,0.6810267958915502,125.0,0.9131265878677368,5.469681333572441,Mean imputation,2.338734985750297
975018,missforest_fusion,0.8456823514063802,0.5879017540596037,0.696,0.5888790298728187,0.5102267950628606,0.6740223235394148,125.0,0.9246000051498412,2.504746895634979,Forest surrogate,1.582639218405439
975018,brits_joint_loss,0.8718331478929789,0.6401243580690696,0.736,0.7768411712511091,0.61186929147823,0.65237702704724,125.0,0.9287422299385072,2.0535291043716173,BRITS-MI-image,1.4330139930829766
975019,complete_fusion,0.8760870112315824,0.6385985874317182,0.728,0.5180412371134021,0.4841269841269841,0.6077205144152703,125.0,0.0,0.0,Full data,0.0
975019,image_only,0.5513182343137245,0.3827049787163525,0.584,0.3553837342497136,0.351434140907825,0.8977208187354255,125.0,,,Image only,
975019,mean_impute_fusion,0.7607025714621267,0.4757688404460292,0.672,0.4835337915234822,0.4446907141822396,0.7492499988332537,125.0,0.9015181064605712,5.711391263198986,Mean imputation,2.389851724103189
975019,missforest_fusion,0.7985569610649644,0.4829380309004116,0.696,0.4729381443298968,0.4398237437051324,0.6957700603469239,125.0,0.9708879590034484,2.7409413338201,Forest surrogate,1.655578851586387
975019,brits_joint_loss,0.8182581981588171,0.5096111397751667,0.712,0.511168384879725,0.4713804713804714,0.6729667325223538,125.0,0.9602289795875548,2.3709298117076916,BRITS-MI-image,1.5397823910240342
975020,complete_fusion,0.9053331679701998,0.6741898572647834,0.824,0.6616325062927005,0.624258860439765,0.5383189835387207,125.0,0.0,0.0,Full data,0.0
975020,image_only,0.7722065829913657,0.4568430979994449,0.656,0.5783890686803308,0.4618157784053355,0.8159442655514231,125.0,,,Image only,
975020,mean_impute_fusion,0.7664039936890941,0.459732950713026,0.728,0.4167565623876303,0.4035250463821893,0.7047127758717315,125.0,0.8570542335510254,4.757399873409374,Mean imputation,2.181146458495938
975020,missforest_fusion,0.7918565294566483,0.5097922856282693,0.728,0.527418194893923,0.4819532001282188,0.6741095628259209,125.0,0.9759935736656188,2.511248428966076,Forest surrogate,1.584691903483474
975020,brits_joint_loss,0.8084616376554906,0.5484335542042115,0.728,0.527418194893923,0.4879062736205593,0.6574729524852903,125.0,1.005947470664978,2.218968113026518,BRITS-MI-image,1.4896201237317246
975021,complete_fusion,0.9078349798929736,0.7287825248605211,0.768,0.6804166666666666,0.6126088470916057,0.5670483724040887,125.0,0.0,0.0,Full data,0.0
975021,image_only,0.71374427820525,0.4713706794409344,0.592,0.4551388888888888,0.4043152080462613,0.8652812523300061,125.0,,,Image only,
975021,mean_impute_fusion,0.8149357097621989,0.5843594437286171,0.72,0.56,0.5142459073493556,0.6995918053978617,125.0,0.8753142356872559,5.283947518969692,Mean imputation,2.2986838666875644
975021,missforest_fusion,0.8293888144770589,0.559908166350938,0.744,0.5605555555555556,0.5233538721759091,0.6520591505308089,125.0,1.0679700374603271,2.549947021902913,Forest surrogate,1.5968553540953272
975021,brits_joint_loss,0.8618205170830562,0.5830079009175474,0.696,0.5998611111111112,0.5297354497354497,0.6471920772953551,125.0,1.0212141275405884,2.073276483341753,BRITS-MI-image,1.4398876634452262
975022,complete_fusion,0.8769900741867395,0.6858090702993506,0.784,0.7284087548062703,0.7084670231729056,0.5598283739807262,125.0,0.0,0.0,Full data,0.0
975022,image_only,0.6171533118643979,0.4198327594972292,0.6,0.4570393374741201,0.4106223269616828,0.8891938498587085,125.0,,,Image only,
975022,mean_impute_fusion,0.7552564204505613,0.4869284915674397,0.688,0.4256137237503696,0.4089933055450296,0.7446022163813796,125.0,0.9307136535644532,7.079557121422887,Mean imputation,2.660743715847674
975022,missforest_fusion,0.8007046871928792,0.5093653756718416,0.728,0.6024844720496895,0.5695883566851309,0.6910883200023918,125.0,0.9971722960472108,3.0319252541397623,Forest surrogate,1.741242445537026
975022,brits_joint_loss,0.807832498059577,0.5978467685926977,0.68,0.5820763087843833,0.5049271668420195,0.6911392201975795,125.0,0.990088939666748,2.682818336067803,BRITS-MI-image,1.6379311145673383
975023,complete_fusion,0.8873865603589106,0.5851542641473118,0.776,0.6315412186379928,0.6020454545454546,0.6159665953938871,125.0,0.0,0.0,Full data,0.0
975023,image_only,0.7134203484261087,0.5236670576574486,0.56,0.4909597769812824,0.4144078144078144,0.9285299551419064,125.0,,,Image only,
975023,mean_impute_fusion,0.7430468794447288,0.5270256374376854,0.648,0.4935882118677817,0.4544543010237643,0.7959904356761802,125.0,0.855132520198822,5.806818803230974,Mean imputation,2.4097341768815443
975023,missforest_fusion,0.7543091418168223,0.4820637146543567,0.656,0.5234567901234568,0.4716155855396362,0.7908025930365619,125.0,0.9067845344543456,2.7799447910916677,Forest surrogate,1.667316643919705
975023,brits_joint_loss,0.763121185152675,0.4804036430602842,0.664,0.5182795698924731,0.4722024916849878,0.7934691559007172,125.0,0.9375922679901124,2.2353810116534243,BRITS-MI-image,1.495119062701504
975024,complete_fusion,0.8875197025197025,0.673460170034101,0.704,0.6487734487734488,0.5512719050310909,0.6180647924466094,125.0,0.0,0.0,Full data,0.0
975024,image_only,0.6085101935101935,0.4056274479080783,0.584,0.3966329966329966,0.3661483253588516,0.8919918563355222,125.0,,,Image only,
975024,mean_impute_fusion,0.7788690938690938,0.4821466863104033,0.656,0.4261664261664261,0.3901515151515151,0.7331490849236146,125.0,0.957001268863678,8.33660977607321,Mean imputation,2.8873187867073513
975024,missforest_fusion,0.8456330706330707,0.607578315342272,0.672,0.6227994227994228,0.5162364602722523,0.6902649292227424,125.0,1.1105258464813232,4.830671508105436,Forest surrogate,2.1978788656578496
975024,brits_joint_loss,0.8485037185037184,0.5625962420910756,0.688,0.6295334295334295,0.5303639846743295,0.6888034010853177,125.0,1.1455549001693726,3.5187782742980613,BRITS-MI-image,1.8758406846792883
975025,complete_fusion,0.9205028079697098,0.6901557634550439,0.8,0.6052188552188552,0.571300563236047,0.5555534090361497,125.0,0.0,0.0,Full data,0.0
975025,image_only,0.686283421720315,0.4141181678326259,0.56,0.3745791245791245,0.3367067878490133,0.8377015817220378,125.0,,,Image only,
975025,mean_impute_fusion,0.7240643129875256,0.445031539361584,0.72,0.5008417508417509,0.4688305521638855,0.717316725545689,125.0,0.8769903779029846,5.0986136899311,Mean imputation,2.2580110030580234
975025,missforest_fusion,0.7904973650781241,0.4828925404940813,0.72,0.5008417508417509,0.4738534648309085,0.6672000068386293,125.0,1.0177596807479858,2.600523067353559,Forest surrogate,1.612613737803805
975025,brits_joint_loss,0.8130954234219901,0.5006861550782257,0.72,0.4654882154882154,0.4444245676803817,0.6467804211047186,125.0,1.03761887550354,2.4390470640919797,BRITS-MI-image,1.561744878042499
975026,complete_fusion,0.8065471209903091,0.4985472219742795,0.712,0.4399038461538461,0.4236111111111111,0.6503529988609345,125.0,0.0,0.0,Full data,0.0
975026,image_only,0.6349100724454031,0.4294363111940678,0.656,0.452991452991453,0.4183518156120895,0.8616449983381135,125.0,,,Image only,
975026,mean_impute_fusion,0.6424579205104926,0.4450212178523511,0.688,0.4762286324786324,0.4288019672635057,0.7483748955934625,125.0,0.8158113956451416,3.9985517309974368,Mean imputation,1.9996378999702513
975026,missforest_fusion,0.6881610893764654,0.454359094765252,0.672,0.4599358974358974,0.418249766427904,0.7528475521103576,125.0,0.9653068780899048,1.800062097262412,Forest surrogate,1.341663928583612
975026,brits_joint_loss,0.7156481415596735,0.4489356989444409,0.664,0.4471153846153846,0.4079463364293085,0.737302336352395,125.0,0.9783715009689332,1.4040972708466508,BRITS-MI-image,1.1849461046168517
975027,complete_fusion,0.8804945042970932,0.6619688945602425,0.776,0.6327149041434755,0.59122252974712,0.6251613916864189,125.0,0.0,0.0,Full data,0.0
975027,image_only,0.567867358835921,0.3775573224556738,0.432,0.3572047000618428,0.2882350824384596,0.9761291767721152,125.0,,,Image only,
975027,mean_impute_fusion,0.7279154177443591,0.4463857945068001,0.664,0.3880643166357452,0.3772068511198945,0.7877119425129788,125.0,0.862016499042511,4.923360980514675,Mean imputation,2.218864795456153
975027,missforest_fusion,0.7483163382053813,0.4395844742720305,0.688,0.4732838589981447,0.4449558826917317,0.7721675833453994,125.0,0.9255715012550354,2.5797576759747085,Forest surrogate,1.6061624064753566
975027,brits_joint_loss,0.7627033616885673,0.4558814061222353,0.664,0.3998144712430427,0.3894179894179894,0.7565061458102601,125.0,0.9178767800331116,2.3037220342878646,BRITS-MI-image,1.517801711122986
975028,complete_fusion,0.8182207429894494,0.4913006085513278,0.736,0.5173660223165174,0.4564129422718808,0.5994382401763759,125.0,0.0,0.0,Full data,0.0
975028,image_only,0.6258667503392386,0.3925478345006709,0.68,0.4188275970454189,0.3971479500891265,0.8386860976611874,125.0,,,Image only,
975028,mean_impute_fusion,0.765211631954044,0.4578034818650494,0.72,0.4856199905704856,0.4401775201521601,0.7252689342810301,125.0,0.938331663608551,4.772371897731558,Mean imputation,2.184575907981125
975028,missforest_fusion,0.8129823138141593,0.5084510692201656,0.696,0.4882916863114883,0.4258021390374331,0.6747252630469702,125.0,1.1448659896850586,2.703675708252998,Forest surrogate,1.6442857745091022
975028,brits_joint_loss,0.8460305272105305,0.6163363870616986,0.696,0.6086751532296087,0.5573255625708272,0.6496268739324264,125.0,1.128650426864624,2.225533695267367,BRITS-MI-image,1.4918222733514095
975029,complete_fusion,0.8748781986478087,0.6669918463628418,0.768,0.677743271221532,0.607801156638366,0.6334912092785644,125.0,0.0,0.0,Full data,0.0
975029,image_only,0.654651205659722,0.4366357766850925,0.584,0.4319875776397515,0.3705997018690516,0.8985455778475481,125.0,,,Image only,
975029,mean_impute_fusion,0.7398416514507954,0.5553378024929431,0.576,0.4780538302277433,0.4143652151439303,0.7874738146401971,125.0,0.8152930736541748,4.3706782464494625,Mean imputation,2.090616714381061
975029,missforest_fusion,0.7766281596783614,0.6009049599067321,0.6,0.5519668737060042,0.4626833738879415,0.7507051230643098,125.0,0.875264048576355,1.9296148983272097,Forest surrogate,1.3891057909055053
975029,brits_joint_loss,0.7652445211544271,0.5864716499617172,0.632,0.549896480331263,0.4569038089246695,0.7518569111400819,125.0,0.8987364172935486,1.768252532604779,BRITS-MI-image,1.3297565689271023
975030,complete_fusion,0.8564308542923258,0.5268499646356534,0.728,0.4722222222222221,0.4475426766296094,0.6174854462738968,125.0,0.0,0.0,Full data,0.0
975030,image_only,0.6437394730852396,0.415785118929228,0.6,0.4069444444444444,0.3863242069320478,0.8788648803661663,125.0,,,Image only,
975030,mean_impute_fusion,0.7323647149197678,0.447427672205621,0.616,0.3923611111111111,0.3758132414848833,0.7547316919373082,125.0,0.885944128036499,6.188828929674478,Mean imputation,2.4877357033403844
975030,missforest_fusion,0.7687172812108797,0.4423308501856335,0.64,0.4027777777777778,0.3885658914728682,0.725296479850853,125.0,0.9374518990516664,2.9517890206766246,Forest surrogate,1.718077128849757
975030,brits_joint_loss,0.7558789025454269,0.4393000308906119,0.624,0.40625,0.3857634902411022,0.7237534849194952,125.0,0.9194883704185486,2.580603321827807,BRITS-MI-image,1.606425635324526
975031,complete_fusion,0.8621650793650794,0.5276715122161376,0.8,0.5933333333333334,0.5542492210765496,0.63179390630604,125.0,0.0,0.0,Full data,0.0
975031,image_only,0.6404952380952381,0.3860606704991736,0.512,0.3566666666666666,0.3246314411250016,0.9056807171227748,125.0,,,Image only,
975031,mean_impute_fusion,0.7026571428571429,0.4066641516067322,0.696,0.4366666666666667,0.4078194119177725,0.7797349775883645,125.0,0.9195308685302734,7.527379640867419,Mean imputation,2.743607049281551
975031,missforest_fusion,0.7625714285714286,0.4341566498449267,0.704,0.44,0.4132799466132799,0.7380106626208475,125.0,0.9759727716445924,3.6986494806846824,Forest surrogate,1.9231873233475418
975031,brits_joint_loss,0.7687111111111111,0.434769155003055,0.696,0.4233333333333333,0.4123188405797102,0.7401109918915857,125.0,0.9948407411575316,3.4487137747656056,BRITS-MI-image,1.8570712896293469
975032,complete_fusion,0.807697685975198,0.5372920277868735,0.68,0.5177462887989204,0.4738151348520555,0.6889496006743566,125.0,0.0,0.0,Full data,0.0
975032,image_only,0.5547557404495204,0.4093292934051037,0.464,0.3711201079622132,0.3251048468439773,0.9422074089160426,125.0,,,Image only,
975032,mean_impute_fusion,0.7367110684814033,0.4467428896380359,0.576,0.4814439946018893,0.4128049068176456,0.8150823000203501,125.0,0.9363062977790833,6.094962284818074,Mean imputation,2.468797740767371
975032,missforest_fusion,0.7365697584357872,0.449256191452527,0.592,0.4698380566801619,0.4131517736908024,0.7762190710513266,125.0,0.8535959124565125,2.9230500499119416,Forest surrogate,1.7096929694866099
975032,brits_joint_loss,0.7410733639920242,0.4646279637679409,0.608,0.4954790823211876,0.4329151950635326,0.7772038058476315,125.0,0.8288670778274536,2.4423854183944296,BRITS-MI-image,1.5628133024755162
975033,complete_fusion,0.8722759268079828,0.6014457284399004,0.736,0.5592849179805701,0.5362851006033039,0.6580485944190987,125.0,0.0,0.0,Full data,0.0
975033,image_only,0.6283051060132858,0.4090396159168012,0.504,0.4154323936932633,0.3550650820599887,0.9508698674575288,125.0,,,Image only,
975033,mean_impute_fusion,0.7508997321082803,0.4910311211407918,0.64,0.4810081223124702,0.449570120107146,0.8249292747603425,125.0,0.8864163160324097,7.256633200167573,Mean imputation,2.693813876303924
975033,missforest_fusion,0.7918190873238773,0.5440921015646233,0.664,0.5174788979136805,0.4857804232804232,0.7602937873669088,125.0,0.8933026194572449,3.350462851906027,Forest surrogate,1.830426958910414
975033,brits_joint_loss,0.7786102854267924,0.513956263960126,0.664,0.5266762223283962,0.494927536231884,0.7651983140521874,125.0,0.8862056732177734,3.0279294703918045,BRITS-MI-image,1.7400946728243853
975034,complete_fusion,0.8495241820045334,0.6126417236772411,0.72,0.6134199134199134,0.5411707789066279,0.619502846918635,125.0,0.0,0.0,Full data,0.0
975034,image_only,0.5541389023982645,0.3747917915796236,0.56,0.3085961657390229,0.3074969847013267,0.9284884563761946,125.0,,,Image only,
975034,mean_impute_fusion,0.7306418343219083,0.4436648274065093,0.704,0.5035868893011749,0.4685426947033574,0.742430360439867,125.0,0.8927860260009766,4.4948709941039935,Mean imputation,2.1201110806049748
975034,missforest_fusion,0.7892173134822235,0.5228532092898107,0.728,0.5535559678416822,0.4995606985963784,0.6889417956418661,125.0,1.0063488483428955,2.168273673246446,Forest surrogate,1.47250591620083
975034,brits_joint_loss,0.776485830054947,0.4805690580261426,0.704,0.5433518862090291,0.4899267399267399,0.6988570572381065,125.0,1.0451865196228027,1.9398734039617664,BRITS-MI-image,1.392793381647747
975035,complete_fusion,0.8608084639498431,0.5424184678340778,0.76,0.4975,0.4671869975737379,0.5954080359602913,125.0,0.0,0.0,Full data,0.0
975035,image_only,0.4966384503340617,0.3968808200200144,0.576,0.3683333333333333,0.3736884584342211,0.901373120831851,125.0,,,Image only,
975035,mean_impute_fusion,0.7480749073810203,0.4852970751794345,0.72,0.4505555555555555,0.4381184255704342,0.7122214801871134,125.0,0.8532973527908325,3.344230721242057,Mean imputation,1.8287237957772784
975035,missforest_fusion,0.7777533691143409,0.4871621180776501,0.72,0.4801388888888889,0.4482323232323232,0.691681240387058,125.0,0.977522611618042,1.7414705026463722,Forest surrogate,1.319647870701261
975035,brits_joint_loss,0.7621685839587093,0.4670598711556679,0.712,0.4668055555555555,0.4447619047619047,0.679432466686929,125.0,0.9928712248802184,1.4458664602047009,BRITS-MI-image,1.2024418739401506
975036,complete_fusion,0.8850298601288701,0.5898081231900024,0.752,0.5271929824561403,0.5076173339331235,0.6305848964166112,125.0,0.0,0.0,Full data,0.0
975036,image_only,0.6051736675215509,0.4140966167007017,0.552,0.397953216374269,0.3717286418765826,0.9123640664591331,125.0,,,Image only,
975036,mean_impute_fusion,0.7532620378358047,0.4675011800074016,0.712,0.4679824561403509,0.4422718808193668,0.7857516961647719,125.0,0.8726978898048401,4.985416926010598,Mean imputation,2.232804721871261
975036,missforest_fusion,0.7155340447799755,0.4492766915141506,0.72,0.4611111111111111,0.437037037037037,0.7676799911625131,125.0,1.0574822425842283,2.239666209141477,Forest surrogate,1.4965514388558374
975036,brits_joint_loss,0.7420753397763482,0.4684879923035512,0.688,0.4366959064327485,0.417029421752956,0.766423242450642,125.0,1.1146105527877808,2.0963237518837223,BRITS-MI-image,1.4478686929013012
975037,complete_fusion,0.8667569496773341,0.6794207071094222,0.816,0.6809056192034916,0.652703505644682,0.6415441949883166,125.0,0.0,0.0,Full data,0.0
975037,image_only,0.5576891932897423,0.4040119899482176,0.512,0.2918712493180578,0.3151515151515151,0.9453330296611164,125.0,,,Image only,
975037,mean_impute_fusion,0.755799917944736,0.4759042107598148,0.688,0.4608292416803055,0.4428216724306109,0.7611937759173785,125.0,0.9214786291122437,6.373478970002397,Mean imputation,2.524575007798817
975037,missforest_fusion,0.7972993383494412,0.5278527351870839,0.736,0.6268957992362248,0.5650910579087375,0.699198357437365,125.0,0.9458855390548706,3.5416730665722365,Forest surrogate,1.8819333321274259
975037,brits_joint_loss,0.7955066752561605,0.5280510480922934,0.728,0.5602291325695581,0.5300699300699301,0.7031260790823463,125.0,0.93119078874588,3.069954999104648,BRITS-MI-image,1.7521287050626868
975038,complete_fusion,0.8117978832865566,0.5545610725494717,0.736,0.5289424860853432,0.4995209708324462,0.6758449498694727,125.0,0.0,0.0,Full data,0.0
975038,image_only,0.6079965951926192,0.391566882735259,0.544,0.3252937538651824,0.3255752794214333,0.9091650891858808,125.0,,,Image only,
975038,mean_impute_fusion,0.6872181738571012,0.4200773946035852,0.616,0.391156462585034,0.3689185934489402,0.8174325329904656,125.0,0.8289939761161804,4.872944074284469,Mean imputation,2.207474591990691
975038,missforest_fusion,0.7170231874254066,0.4292001330914735,0.648,0.3695114409400123,0.3719744307979602,0.7845365583272217,125.0,0.965648889541626,2.4664316144803595,Forest surrogate,1.5704876995635335
975038,brits_joint_loss,0.7136639205386316,0.4289733905099593,0.64,0.3778602350030922,0.3706010380043529,0.785756290483063,125.0,0.9922358989715576,2.120028646311527,BRITS-MI-image,1.456031815006639
975039,complete_fusion,0.8556415678172713,0.6327250118417871,0.72,0.5659574468085107,0.5458825543571306,0.6371462708882742,125.0,0.0,0.0,Full data,0.0
975039,image_only,0.6137458699057876,0.3830110605357752,0.552,0.3559738134206219,0.3328117665467063,0.9121531599967726,125.0,,,Image only,
975039,mean_impute_fusion,0.7293467540619223,0.4436065527508598,0.608,0.4531914893617021,0.4223437629173248,0.791533859910534,125.0,0.8620944023132324,5.358961252762753,Mean imputation,2.3149430344530626
975039,missforest_fusion,0.7388030703885199,0.4544793562417968,0.6,0.4960174577195853,0.4387464387464387,0.7712043827684145,125.0,1.03155517578125,3.3215754977097234,Forest surrogate,1.8225189979009062
975039,brits_joint_loss,0.7328041897602638,0.449698249618899,0.608,0.5534097108565194,0.486530347289841,0.7630766957563856,125.0,1.0336462259292605,2.8627550570155287,BRITS-MI-image,1.6919678061403913
975040,complete_fusion,0.8918050489218201,0.6219499001420817,0.808,0.6484722222222222,0.6056370968761456,0.5357822551924535,125.0,0.0,0.0,Full data,0.0
975040,image_only,0.6416912684842152,0.3963760883368584,0.584,0.4516666666666666,0.4026325977545489,0.898417204583444,125.0,,,Image only,
975040,mean_impute_fusion,0.7597650866027043,0.483752595839195,0.736,0.5373611111111112,0.5220354419437498,0.717787785587352,125.0,0.8992398977279663,6.392081715754883,Mean imputation,2.5282566554356944
975040,missforest_fusion,0.851013197808809,0.600446793772353,0.792,0.6711111111111112,0.6217759252242011,0.6632987428903931,125.0,0.959118902683258,3.3288120125757312,Forest surrogate,1.8245032235037928
975040,brits_joint_loss,0.8422825068870523,0.5978188577519449,0.8,0.6745833333333334,0.6386324142118376,0.6620868492052778,125.0,0.9760825634002686,2.8349738889751195,BRITS-MI-image,1.6837380701804896
975041,complete_fusion,0.8040853906279848,0.520635646701216,0.728,0.429865666979069,0.409996689837802,0.6080142619503515,125.0,0.0,0.0,Full data,0.0
975041,image_only,0.5326253372539148,0.3878392651191935,0.536,0.3122461730709153,0.3147335423197492,0.94391015321692,125.0,,,Image only,
975041,mean_impute_fusion,0.6616057456549194,0.4101372717082867,0.616,0.3231802561699469,0.3262290423415743,0.7741323811739751,125.0,0.9081276059150696,6.34948010383591,Mean imputation,2.51981747430958
975041,missforest_fusion,0.7006340784373367,0.4158059684031572,0.632,0.3417681974383005,0.3357212524804089,0.7192516503486767,125.0,1.1186641454696655,2.9242547566544346,Forest surrogate,1.7100452498850534
975041,brits_joint_loss,0.6981576581643112,0.419244753650313,0.656,0.4159116942622097,0.4100912506709608,0.7246961234187537,125.0,1.123310089111328,2.4652703863304626,BRITS-MI-image,1.5701179529992206
975042,complete_fusion,0.8440617890946926,0.565875311243042,0.76,0.5768243491015768,0.5165031102531102,0.6585586821821937,125.0,0.0,0.0,Full data,0.0
975042,image_only,0.730724290065594,0.4893462766617037,0.64,0.5577557755775578,0.4622170707363405,0.8604454036261271,125.0,,,Image only,
975042,mean_impute_fusion,0.7494933169591208,0.4742554909657286,0.6,0.3758709204253758,0.363081820006254,0.7768080936644721,125.0,0.9166533946990968,5.605320704859017,Mean imputation,2.367555850420221
975042,missforest_fusion,0.7792615395993381,0.4998879241898087,0.688,0.51008434176751,0.4619650701810778,0.7354839455763135,125.0,1.0085322856903076,2.941284678236159,Forest surrogate,1.715017398814414
975042,brits_joint_loss,0.7767399969662665,0.4792423838764635,0.672,0.4512284561789512,0.4186565314384863,0.7406144632663194,125.0,1.0017396211624146,2.282477673679448,BRITS-MI-image,1.5107871040220882
975043,complete_fusion,0.8858168897886461,0.629493965113666,0.8,0.7887205387205388,0.677800604919249,0.6081733146444045,125.0,0.0,0.0,Full data,0.0
975043,image_only,0.7158482555658195,0.4556538922841859,0.648,0.5269360269360269,0.4383522341766017,0.8337334891998105,125.0,,,Image only,
975043,mean_impute_fusion,0.7640589935382524,0.4820369664654138,0.64,0.4789562289562289,0.4260635532311833,0.7595995453858303,125.0,0.8540952205657959,4.207264248415457,Mean imputation,2.051161682660696
975043,missforest_fusion,0.7874041636177559,0.5514255170134055,0.64,0.5942760942760943,0.5172542156290802,0.7244150195224746,125.0,1.1069120168685913,2.037584664785644,Forest surrogate,1.4274398988348491
975043,brits_joint_loss,0.7900043387686813,0.5252102124379182,0.664,0.5361952861952862,0.4728027798966014,0.7225813414882241,125.0,1.1206161975860596,1.7150285334707305,BRITS-MI-image,1.3095909794553147
975044,complete_fusion,0.8604486741777627,0.5552332959665708,0.776,0.55625,0.5492253873063468,0.6017812655556012,125.0,0.0,0.0,Full data,0.0
975044,image_only,0.7165920773111795,0.4597123299100251,0.632,0.3895833333333333,0.3703128594432942,0.8408152894428462,125.0,,,Image only,
975044,mean_impute_fusion,0.7834588027768294,0.5059650843076615,0.728,0.6722222222222222,0.6001748788845563,0.7176219523032933,125.0,0.8156768083572388,4.574617387798319,Mean imputation,2.138835521445798
975044,missforest_fusion,0.8118271784074959,0.5695254349551199,0.728,0.55625,0.51122474186058,0.6759144820100463,125.0,0.9284202456474304,2.2041108216755516,Forest surrogate,1.4846248083861295
975044,brits_joint_loss,0.811785307841129,0.5699424591324348,0.736,0.5805555555555556,0.5367187207429877,0.6766871179279311,125.0,0.945297122001648,1.8731710036454767,BRITS-MI-image,1.3686383757755285
975045,complete_fusion,0.8881458307774096,0.6749495923537814,0.776,0.5970985155195682,0.5771761195490009,0.6066825906799515,125.0,0.0,0.0,Full data,0.0
975045,image_only,0.5341019568770765,0.3743600647720779,0.432,0.2732793522267207,0.2895522388059701,0.9396599804799248,125.0,,,Image only,
975045,mean_impute_fusion,0.678553279079595,0.4632507465305033,0.632,0.3703103913630229,0.3719257689590958,0.7671334974841951,125.0,0.8356289863586426,4.771275339686625,Mean imputation,2.184324916235363
975045,missforest_fusion,0.7359808736363761,0.4992104681420866,0.664,0.4921052631578947,0.4595358345358344,0.7267295377825095,125.0,0.8813425302505493,2.343355870807491,Forest surrogate,1.5308023617722475
975045,brits_joint_loss,0.7356507040717567,0.502740047919929,0.656,0.4180836707152496,0.3958020989505247,0.7131851958346149,125.0,0.9314091205596924,2.0660397955968692,BRITS-MI-image,1.4373725319473964
975046,complete_fusion,0.8435939445987293,0.6532366839013216,0.752,0.6477732793522267,0.5957133889337279,0.6426458130141797,125.0,0.0,0.0,Full data,0.0
975046,image_only,0.5596121068369873,0.3854426213238999,0.504,0.3234817813765182,0.3212611345522738,0.9107759648689604,125.0,,,Image only,
975046,mean_impute_fusion,0.7193983758577059,0.5537119485596947,0.688,0.5731443994601889,0.5453368307936698,0.7615260406577923,125.0,0.8769081234931946,4.715229615681402,Mean imputation,2.171457947021172
975046,missforest_fusion,0.774213735936224,0.5563707596093453,0.712,0.5131578947368421,0.4790735830537773,0.7152651087409476,125.0,1.0239403247833252,2.698188098394516,Forest surrogate,1.6426162358854597
975046,brits_joint_loss,0.8022072522550991,0.5868193116955592,0.696,0.59527665317139,0.5220005187490737,0.6970701237401623,125.0,0.9666732549667358,2.286897427982214,BRITS-MI-image,1.5122491289408018
975047,complete_fusion,0.8546381515569191,0.6018096402799343,0.76,0.5668934240362812,0.565792089047903,0.6021855881081698,125.0,0.0,0.0,Full data,0.0
975047,image_only,0.6845256621166985,0.4152516011625471,0.608,0.3979591836734693,0.3783382105169814,0.8490249530955521,125.0,,,Image only,
975047,mean_impute_fusion,0.7631906038768784,0.5390910861628826,0.688,0.4965986394557822,0.4553555191853064,0.7532057848092668,125.0,0.9287710785865784,6.037841358085969,Mean imputation,2.4572019367740148
975047,missforest_fusion,0.7911466580934369,0.5445778329367396,0.648,0.4671201814058957,0.4365770179644879,0.7080155158184579,125.0,1.014806866645813,2.387144560874021,Forest surrogate,1.5450386923549912
975047,brits_joint_loss,0.7859317516180262,0.5331110407077372,0.64,0.4909297052154195,0.4467427996839762,0.7083508122025781,125.0,1.0459364652633667,2.1976827022554266,BRITS-MI-image,1.48245833069784
975048,complete_fusion,0.8704405183994739,0.5915797535614719,0.76,0.6140350877192983,0.5773170226000415,0.6221186644604877,125.0,0.0,0.0,Full data,0.0
975048,image_only,0.7037365545488649,0.4394194636610083,0.576,0.4397660818713451,0.3931847382827775,0.8723919110790685,125.0,,,Image only,
975048,mean_impute_fusion,0.7816640733069327,0.4792129034077931,0.688,0.5929824561403508,0.5034912803645458,0.7379302733364642,125.0,0.8796049356460571,5.002160560178163,Mean imputation,2.2365510412637946
975048,missforest_fusion,0.7867971228790284,0.4708105169364479,0.664,0.4783625730994152,0.4465838242585371,0.7293640968171992,125.0,0.8949134945869446,2.6591855436668124,Forest surrogate,1.630700936305248
975048,brits_joint_loss,0.7944821527707835,0.4761860755202335,0.672,0.5339181286549707,0.4737855812716147,0.7196615181121883,125.0,0.9368857741355896,2.492786867878595,BRITS-MI-image,1.5788561897394566
975049,complete_fusion,0.8666776311030491,0.6731888886541718,0.808,0.7123998114097123,0.6910882016036655,0.5829700753757012,125.0,0.0,0.0,Full data,0.0
975049,image_only,0.5759901584645944,0.3691545881250396,0.576,0.3130598774163131,0.3158730158730158,0.8975051352754646,125.0,,,Image only,
975049,mean_impute_fusion,0.7649291478418244,0.4496105804020658,0.672,0.3778092094923778,0.3682689781980562,0.7370154976234972,125.0,0.849302351474762,4.941032769862928,Mean imputation,2.222843397512053
975049,missforest_fusion,0.7864732744216595,0.4739399062958485,0.712,0.5398396982555399,0.4998787290807664,0.6908907289130884,125.0,0.8847062587738037,2.472997326360327,Forest surrogate,1.5725766519824484
975049,brits_joint_loss,0.787527852046599,0.4834174786024503,0.712,0.4446016030174446,0.4139166975651959,0.700495979442698,125.0,0.934760332107544,2.186159043240018,BRITS-MI-image,1.4785665501559333
975050,complete_fusion,0.8608758116913601,0.5419943158119486,0.816,0.6363344788087056,0.6154987022617724,0.5746544835500035,125.0,0.0,0.0,Full data,0.0
975050,image_only,0.5594781503926002,0.3867304697289067,0.56,0.3098281786941581,0.3156912331406551,0.8214796586149606,125.0,,,Image only,
975050,mean_impute_fusion,0.6873364827199541,0.4232775254675167,0.688,0.414295532646048,0.4051742768052854,0.7127499545997716,125.0,0.9038019180297852,4.808570381293906,Mean imputation,2.1928452707142623
975050,missforest_fusion,0.7536055905636436,0.4540867036068403,0.72,0.4577319587628866,0.4386597009547828,0.6597169840392939,125.0,0.9371452927589417,2.44223450522948,Forest surrogate,1.5627650191981775
975050,brits_joint_loss,0.7587366442132032,0.4603716313504685,0.712,0.4542955326460481,0.4312900114005086,0.6520307298770205,125.0,1.02936589717865,1.9627186545465385,BRITS-MI-image,1.400970611592741
975051,complete_fusion,0.7974314791961851,0.5429246187184615,0.672,0.597979797979798,0.4969737252887801,0.7539745404508301,125.0,0.0,0.0,Full data,0.0
975051,image_only,0.6555507237860179,0.4401507112402372,0.536,0.4496632996632996,0.3797582304526748,0.947650674452752,125.0,,,Image only,
975051,mean_impute_fusion,0.7130948354477766,0.492681056561443,0.616,0.4700336700336701,0.4149252712543321,0.8414708789764311,125.0,0.8291239738464355,4.234686362084622,Mean imputation,2.057835358352223
975051,missforest_fusion,0.7455171408112585,0.5242242565669512,0.624,0.4734006734006734,0.4209981589291934,0.7968789280398398,125.0,1.0145183801651,2.3576535171692505,Forest surrogate,1.5354652445331514
975051,brits_joint_loss,0.7522653381476911,0.5038260474064532,0.632,0.5422558922558922,0.4536328194222931,0.7932852972243547,125.0,1.0605552196502686,2.25027730104826,BRITS-MI-image,1.5000924308349337
975052,complete_fusion,0.9120706671684708,0.809362432922701,0.792,0.8583906071019473,0.7804653170119272,0.5991893475866269,125.0,0.0,0.0,Full data,0.0
975052,image_only,0.6859673047235102,0.4443704599387472,0.584,0.5047250859106529,0.4125447163853424,0.893773344430349,125.0,,,Image only,
975052,mean_impute_fusion,0.7399223320377292,0.483356473180166,0.6,0.5952176403207331,0.4897435897435897,0.7721429042657004,125.0,0.8801970481872559,6.63869881369615,Mean imputation,2.5765672538663047
975052,missforest_fusion,0.7418055351525245,0.5030725945447171,0.584,0.4666380297823596,0.4046569493827931,0.7700708274511545,125.0,1.0421208143234253,3.8723725176843304,Forest surrogate,1.9678344741579081
975052,brits_joint_loss,0.7471235759939631,0.481149834123902,0.608,0.4873997709049256,0.4228051660887481,0.7504395048368135,125.0,1.0424500703811646,3.4144947299442134,BRITS-MI-image,1.84783514685272
975053,complete_fusion,0.9032472780554148,0.7394233019565415,0.8,0.6826839826839827,0.6496251627665895,0.5857321743534544,125.0,0.0,0.0,Full data,0.0
975053,image_only,0.5972334555737238,0.3813059724580907,0.52,0.3385899814471242,0.3188455888706472,0.9266965482126142,125.0,,,Image only,
975053,mean_impute_fusion,0.784021489802812,0.4868370334929299,0.648,0.5430426716141001,0.4750974658869396,0.7939824488838585,125.0,0.8504676222801208,4.380926764141306,Mean imputation,2.0930663544525543
975053,missforest_fusion,0.8085156064975759,0.5582508235705815,0.68,0.5918985776128634,0.5021187962364433,0.776450151253855,125.0,1.0413273572921753,1.8069387144992597,Forest surrogate,1.344224205443147
975053,brits_joint_loss,0.8039577700257312,0.4939429103142642,0.672,0.6282622139764996,0.5218798630563336,0.76989802238575,125.0,1.0715469121932983,1.4684294015995023,BRITS-MI-image,1.2117876883346779
975054,complete_fusion,0.8730465398542143,0.6131087167392405,0.768,0.4955473098330241,0.4909867909867909,0.6010727842047396,125.0,0.0,0.0,Full data,0.0
975054,image_only,0.6267270897113707,0.4577836053775665,0.536,0.4249226963512678,0.359419079098713,0.9349775357347202,125.0,,,Image only,
975054,mean_impute_fusion,0.6942596762152934,0.4206483413484951,0.632,0.4259740259740259,0.4046620046620046,0.7875647054301407,125.0,0.8673994541168213,5.165970371086709,Mean imputation,2.2728771130632444
975054,missforest_fusion,0.7515407982028416,0.4711595869315492,0.648,0.4445269016697588,0.4223288423637362,0.7547811736876623,125.0,0.9601373076438904,2.7538803054820247,Forest surrogate,1.6594819388839472
975054,brits_joint_loss,0.7465306211399602,0.4607278509495717,0.672,0.5062461348175634,0.4784067085953878,0.74823486671049,125.0,0.9593793153762816,2.2586923249764106,BRITS-MI-image,1.502894648661845
975055,complete_fusion,0.926871523240213,0.7850797373528376,0.816,0.8380701754385965,0.7410284543925098,0.5734846991576033,125.0,0.0,0.0,Full data,0.0
975055,image_only,0.7156398602870476,0.485568723472307,0.608,0.5663157894736842,0.4768063290404919,0.8625210918510632,125.0,,,Image only,
975055,mean_impute_fusion,0.8225887430377646,0.6048058761556598,0.72,0.5987719298245614,0.5699303076661567,0.7039206503255674,125.0,0.8669492602348328,4.299771971098283,Mean imputation,2.0735891519532705
975055,missforest_fusion,0.833159632340192,0.5338754351032674,0.712,0.5858479532163743,0.5228900930165264,0.7150264578669623,125.0,0.9296655654907228,1.8036268574681968,Forest surrogate,1.3429917562919724
975055,brits_joint_loss,0.8340862029287054,0.6009140821703624,0.72,0.6367836257309941,0.5582972319362528,0.6949486062177472,125.0,0.9606868028640748,1.6322678278765257,BRITS-MI-image,1.277602374714655
975056,complete_fusion,0.8785533032623941,0.6348705575243202,0.768,0.563015873015873,0.5579284912618245,0.603556760031563,125.0,0.0,0.0,Full data,0.0
975056,image_only,0.6449488592215865,0.4327826345649268,0.584,0.4487301587301587,0.3968757340850364,0.8811718103845086,125.0,,,Image only,
975056,mean_impute_fusion,0.7971560621196985,0.5120130869705206,0.648,0.3828571428571428,0.3625644804716286,0.7303854829367505,125.0,0.8868778347969055,5.796257256720422,Mean imputation,2.4075417455820824
975056,missforest_fusion,0.8013632145632146,0.5927317430279055,0.712,0.6196825396825397,0.584207896051974,0.7115433675887016,125.0,0.9405310153961182,2.5829338100596075,Forest surrogate,1.607150836125722
975056,brits_joint_loss,0.8101993521629886,0.4995001169772699,0.688,0.4246031746031746,0.3967070518794657,0.7042968716422694,125.0,0.9357630014419556,2.333320397267855,BRITS-MI-image,1.527520997324703
975057,complete_fusion,0.91188095870163,0.7681447895456793,0.8,0.6910543685947541,0.6471698366645174,0.5544422706231096,125.0,0.0,0.0,Full data,0.0
975057,image_only,0.6717639122402805,0.4502237164175777,0.6,0.4597186034392913,0.3901767540847702,0.8841023917331424,125.0,,,Image only,
975057,mean_impute_fusion,0.7788933843731941,0.4672204563342188,0.72,0.4252214695153726,0.3959300602588165,0.711834536311425,125.0,0.8758339881896973,4.869150501464181,Mean imputation,2.206615168411606
975057,missforest_fusion,0.8857047968947839,0.6665893561049652,0.816,0.648532221643217,0.6207082025997311,0.6162469503427401,125.0,0.9399193525314332,2.749951383483225,Forest surrogate,1.658297736681572
975057,brits_joint_loss,0.870412442932476,0.6853257930259242,0.752,0.6712523883967343,0.5729499908071337,0.6284671792817651,125.0,0.940795600414276,2.400889174744005,BRITS-MI-image,1.5494802918217465
975058,complete_fusion,0.8778001244515193,0.658027912105311,0.776,0.6370212765957447,0.6058201058201058,0.6612940794232873,125.0,0.0,0.0,Full data,0.0
975058,image_only,0.7682008960253056,0.6211314812019891,0.68,0.5846808510638298,0.5463192341805058,0.8571705347617153,125.0,,,Image only,
975058,mean_impute_fusion,0.8071027114666501,0.6018264093271771,0.76,0.6170685579196217,0.5803966148793734,0.7524393730364952,125.0,0.8748376369476318,5.117184268301649,Mean imputation,2.262119419549209
975058,missforest_fusion,0.8362782856450748,0.5440793053730372,0.688,0.5655791962174942,0.5132884479092842,0.7275244346321484,125.0,0.9408045411109924,2.1407871373003053,Forest surrogate,1.4631428970884237
975058,brits_joint_loss,0.8308605900745106,0.5539213220978702,0.768,0.597966903073286,0.5549874388883677,0.7117869960562891,125.0,0.9360877871513368,2.2495684232725948,BRITS-MI-image,1.4998561341917414
975059,complete_fusion,0.7807907362966238,0.4782796004242022,0.656,0.4315734173890202,0.4029676735559088,0.6943929361017687,125.0,0.0,0.0,Full data,0.0
975059,image_only,0.6708348476651667,0.5027065254577621,0.624,0.4619779353821907,0.4211538461538461,0.85488531230788,125.0,,,Image only,
975059,mean_impute_fusion,0.6976131389220016,0.4152235042118532,0.616,0.3522458628841607,0.3469893402477672,0.7589239068108891,125.0,0.8746970295906067,7.626546728027401,Mean imputation,2.7616203084470903
975059,missforest_fusion,0.7879418757193465,0.5016889220803812,0.688,0.4369582348305753,0.4175350140056022,0.7181435317854132,125.0,0.931451976299286,3.748133171279684,Forest surrogate,1.936009599996778
975059,brits_joint_loss,0.7852757956392598,0.4800361132190287,0.744,0.4793800893091673,0.4574129780833691,0.7141810651665546,125.0,0.9512414932250975,3.6526886391882143,BRITS-MI-image,1.911200836957805
975060,complete_fusion,0.8878884731446246,0.5395130308538862,0.792,0.5914141414141415,0.5276456876456876,0.5758291472307303,125.0,0.0,0.0,Full data,0.0
975060,image_only,0.6181609364374285,0.4005010881965853,0.616,0.363030303030303,0.3539086810186067,0.8511122713800986,125.0,,,Image only,
975060,mean_impute_fusion,0.7947416003099593,0.4760082840300504,0.76,0.4821212121212121,0.4584670231729055,0.6907913818764141,125.0,0.9348808526992798,9.110982516517108,Mean imputation,3.0184404112914187
975060,missforest_fusion,0.7729111969608548,0.5068482850843126,0.744,0.5109090909090909,0.4542853095339283,0.7058696621563696,125.0,0.9539623856544496,4.480593105215486,Forest surrogate,2.1167411521524038
975060,brits_joint_loss,0.7938529352091663,0.5065751541088415,0.736,0.6035353535353535,0.5566663743459324,0.6882056675896439,125.0,0.9990556240081788,3.7838059595365663,BRITS-MI-image,1.9452007504462274
975061,complete_fusion,0.8606070175438596,0.6221332681190965,0.704,0.6259649122807018,0.5785185185185185,0.6483434788003253,125.0,0.0,0.0,Full data,0.0
975061,image_only,0.6314619883040935,0.4165192862597685,0.608,0.3887719298245614,0.3690746474028208,0.8801233430061501,125.0,,,Image only,
975061,mean_impute_fusion,0.7486877192982456,0.4846055157962032,0.632,0.5747368421052631,0.51836857100015,0.7888544327155944,125.0,0.8927731513977051,5.790364259418664,Mean imputation,2.40631757243691
975061,missforest_fusion,0.7665099415204679,0.5388060276860019,0.648,0.6112280701754386,0.5680642744581363,0.7595527761872249,125.0,1.0073583126068115,2.989646181125688,Forest surrogate,1.729059334183095
975061,brits_joint_loss,0.7669578947368421,0.562127860942438,0.624,0.5080701754385966,0.4673225998807394,0.7578283519992901,125.0,1.0145680904388428,2.710060891559276,BRITS-MI-image,1.646226257705567
975062,complete_fusion,0.8858419862700835,0.5996094238074167,0.84,0.6233022418589429,0.6203383956530887,0.5683282959878222,125.0,0.0,0.0,Full data,0.0
975062,image_only,0.750287808954592,0.4767711325795944,0.672,0.4765177548682702,0.4497229004379335,0.829656192243744,125.0,,,Image only,
975062,mean_impute_fusion,0.7830712010338079,0.4988938064641012,0.688,0.5331369661266568,0.4887106655527708,0.7375283674270222,125.0,0.9147757291793824,4.977503426944586,Mean imputation,2.2310319197502726
975062,missforest_fusion,0.8020381631686891,0.4971635918389414,0.696,0.4923907707412862,0.4601972101972102,0.6940689137304122,125.0,1.102811336517334,2.063949065442493,Forest surrogate,1.4366450728842155
975062,brits_joint_loss,0.8185475216534103,0.5626086924118462,0.72,0.4902634593356243,0.4677674578603372,0.6686200366779504,125.0,1.1197776794433594,1.8878738972844729,BRITS-MI-image,1.373999234819464
975063,complete_fusion,0.8407331977653388,0.552761385514184,0.704,0.6255545696539485,0.5576556776556777,0.6674951349773425,125.0,0.0,0.0,Full data,0.0
975063,image_only,0.6443359593208466,0.5083001220739664,0.664,0.4842502218278615,0.4398338467064091,0.8463908840690652,125.0,,,Image only,
975063,mean_impute_fusion,0.6998077308138092,0.4485355410974845,0.672,0.3633540372670807,0.3585044972479527,0.7373923039521055,125.0,0.8569570779800415,4.196029379704735,Mean imputation,2.0484211919682767
975063,missforest_fusion,0.7578361563813453,0.4797636947599459,0.696,0.4511978704525288,0.4233758348512447,0.7146895728777833,125.0,0.9467613697052002,2.142431107803342,Forest surrogate,1.4637045835151785
975063,brits_joint_loss,0.7585626949839037,0.488222468734569,0.68,0.4554865424430641,0.4229166666666666,0.7208675906479673,125.0,0.9459738731384276,1.670776149322626,BRITS-MI-image,1.2925850646369956
975064,complete_fusion,0.8556903362728606,0.6345665954165516,0.744,0.6026936026936026,0.5691556083712946,0.5792425763567972,125.0,0.0,0.0,Full data,0.0
975064,image_only,0.7166321142490603,0.4503551511830057,0.592,0.5151515151515151,0.41072790672333,0.8612873936776488,125.0,,,Image only,
975064,mean_impute_fusion,0.7907888260933275,0.5481891412801824,0.68,0.5993265993265994,0.5160475724991854,0.6819581770771502,125.0,0.9205711483955384,4.715890715047194,Mean imputation,2.17161016645419
975064,missforest_fusion,0.8374779661187429,0.6556228093919878,0.688,0.6944444444444443,0.5507066139061617,0.6465512440633078,125.0,1.0235111713409424,2.22893422192771,Forest surrogate,1.4929615607669577
975064,brits_joint_loss,0.8366318147871546,0.5893507742025577,0.688,0.6944444444444443,0.5655754409367126,0.6522266134794996,125.0,1.0187926292419434,2.070988693232716,BRITS-MI-image,1.4390930106260387
975065,complete_fusion,0.8964542073498835,0.7008184266531106,0.816,0.7625750136388435,0.6883733550400217,0.5920291871012218,125.0,0.0,0.0,Full data,0.0
975065,image_only,0.6767553462577486,0.4418678078398506,0.624,0.441734860883797,0.4163473818646232,0.9067237324267136,125.0,,,Image only,
975065,mean_impute_fusion,0.7622115137969634,0.5245845268203002,0.704,0.5050190943807965,0.4915529505143938,0.747268164936146,125.0,0.8985339403152466,5.347703247718569,Mean imputation,2.3125101616465535
975065,missforest_fusion,0.8418180280534432,0.5400203547053407,0.72,0.5845062738679759,0.5372677595628416,0.7213077830527456,125.0,0.8634263873100281,2.910831000211048,Forest surrogate,1.7061157640122337
975065,brits_joint_loss,0.8635251499561726,0.5502436175582603,0.752,0.6357883251500273,0.5790836843468422,0.6908424783077666,125.0,0.927411675453186,2.501977130066245,BRITS-MI-image,1.5817639299422164
975066,complete_fusion,0.9063555144696558,0.6239300772506513,0.848,0.7416968599033816,0.6962715389185977,0.586475723345605,125.0,0.0,0.0,Full data,0.0
975066,image_only,0.5793992447053783,0.3744599435073897,0.536,0.3097826086956521,0.3199807281987749,0.9344214909069544,125.0,,,Image only,
975066,mean_impute_fusion,0.7728759919760008,0.4755102545114664,0.624,0.4000603864734299,0.3871914956883735,0.7744583192683115,125.0,0.8716704249382019,5.302056695789309,Mean imputation,2.3026195290992626
975066,missforest_fusion,0.8127329455020389,0.5013516308701637,0.688,0.5160024154589372,0.4728004022121668,0.7390864540877616,125.0,0.9205551147460938,2.150151548201503,Forest surrogate,1.4663395064586862
975066,brits_joint_loss,0.8149086783638992,0.5044924336558995,0.68,0.5315519323671497,0.4880839571685776,0.7156314523508922,125.0,1.0004788637161257,1.756502708524279,BRITS-MI-image,1.325331169377782
975067,complete_fusion,0.8837213635006558,0.5431066289294267,0.784,0.4935567010309278,0.4745376955903271,0.606071534214123,125.0,0.0,0.0,Full data,0.0
975067,image_only,0.5699217180387205,0.369312354211079,0.52,0.3764318442153493,0.3342712842712843,0.941306486581191,125.0,,,Image only,
975067,mean_impute_fusion,0.7671344403820487,0.4556467070364833,0.712,0.5216208476517755,0.4880727783374546,0.7536573310348454,125.0,0.8954671025276184,6.8364442395449725,Mean imputation,2.6146594882594125
975067,missforest_fusion,0.808960235627258,0.4750484441389781,0.712,0.511168384879725,0.4776807624265252,0.7059223073323181,125.0,1.0318199396133425,2.9225742090380993,Forest surrogate,1.7095538040781575
975067,brits_joint_loss,0.7804336900419188,0.4636528095166697,0.672,0.4349942726231386,0.4085727314181486,0.7217525411675263,125.0,1.0536283254623413,2.491144576008966,BRITS-MI-image,1.5783360149248848
975068,complete_fusion,0.914107492865193,0.6181336631263312,0.8,0.560374149659864,0.5030972710530722,0.6074500800354053,125.0,0.0,0.0,Full data,0.0
975068,image_only,0.7041440994030633,0.4474009689195833,0.56,0.4401927437641723,0.3688822751322751,0.8703356736798348,125.0,,,Image only,
975068,mean_impute_fusion,0.8615122427264473,0.5396341060795415,0.744,0.4946145124716554,0.4641806281150543,0.7066891950186888,125.0,0.8627671599388123,5.805769841643757,Mean imputation,2.4095165161591563
975068,missforest_fusion,0.8513069495864496,0.6247486012253601,0.736,0.5779478458049886,0.6033193080878916,0.6669006059718742,125.0,1.0115545988082886,3.577385581162157,Forest surrogate,1.8913977850156634
975068,brits_joint_loss,0.8440152753798111,0.6200912442031,0.736,0.5989229024943311,0.5817663817663817,0.6667028622962314,125.0,1.0033167600631714,3.0730262835064837,BRITS-MI-image,1.7530049296868744
975069,complete_fusion,0.8973396973396973,0.6007883550765384,0.824,0.6234728234728234,0.6048318233885244,0.5510729681026714,125.0,0.0,0.0,Full data,0.0
975069,image_only,0.6319955969955969,0.3814228412563456,0.608,0.3692159692159691,0.348347304869044,0.8836949989780966,125.0,,,Image only,
975069,mean_impute_fusion,0.7611214711214712,0.4752256810410093,0.72,0.4788840788840788,0.4571869488536155,0.7398628159844353,125.0,0.9094603657722472,6.314446961426387,Mean imputation,2.512856335214249
975069,missforest_fusion,0.8038147038147038,0.4937572138825397,0.736,0.573929773929774,0.5176778819635963,0.6971017874543558,125.0,1.0032694339752195,3.393620665942063,Forest surrogate,1.8421782394605748
975069,brits_joint_loss,0.7932173382173383,0.4728744658550489,0.712,0.5638287638287638,0.5039912139719276,0.7096880165871134,125.0,1.0247361660003662,3.1258087991069345,BRITS-MI-image,1.7679957010996759
975070,complete_fusion,0.8874456140350878,0.6994125472573111,0.752,0.6764912280701755,0.6155359907026257,0.6181162334500315,125.0,0.0,0.0,Full data,0.0
975070,image_only,0.6786760233918129,0.4154020889254948,0.512,0.4056140350877193,0.3593757120072909,0.9207091025739328,125.0,,,Image only,
975070,mean_impute_fusion,0.7188058479532163,0.4539378959865486,0.608,0.4912280701754386,0.4267499349466562,0.8161864566304707,125.0,0.8348811864852905,5.01860711557739,Mean imputation,2.2402247913049687
975070,missforest_fusion,0.7948315789473684,0.5096264303843998,0.632,0.5649122807017544,0.4627391154783805,0.7488803069683757,125.0,0.8930494785308838,2.369892268883138,Forest surrogate,1.5394454419962853
975070,brits_joint_loss,0.7862116959064327,0.495062584090264,0.632,0.5649122807017544,0.4674905654941952,0.749633397964781,125.0,0.8679144978523254,1.984005671731077,BRITS-MI-image,1.408547362260523
975071,complete_fusion,0.8265719521235849,0.6055978146203796,0.776,0.547979797979798,0.5566239316239316,0.6171253983931417,125.0,0.0,0.0,Full data,0.0
975071,image_only,0.5730070410123366,0.4079941746364395,0.552,0.3619528619528619,0.3416173570019724,0.9098326921764002,125.0,,,Image only,
975071,mean_impute_fusion,0.7167915605691423,0.5641388343799982,0.656,0.4856902356902357,0.4481481481481482,0.7579160296863557,125.0,0.9126734733581544,6.021993260126943,Mean imputation,2.453974991748478
975071,missforest_fusion,0.7655760766969947,0.5051199096172024,0.704,0.5858585858585859,0.5176684881602914,0.7056939828197614,125.0,1.0105292797088623,3.68870902026158,Forest surrogate,1.9206012132302688
975071,brits_joint_loss,0.7459593216433463,0.4952139099804949,0.704,0.5294612794612795,0.4861191747042482,0.7025034207410603,125.0,1.036037802696228,3.2746946553954164,BRITS-MI-image,1.8096117416162552
975072,complete_fusion,0.8863114813115828,0.6901539021239246,0.736,0.5623825887743413,0.5084683334894029,0.5802208210689832,125.0,0.0,0.0,Full data,0.0
975072,image_only,0.6348899651528687,0.4075887287219353,0.608,0.4096219931271478,0.3768463073852295,0.8404879481906676,125.0,,,Image only,
975072,mean_impute_fusion,0.6547845545924978,0.4038829583008413,0.664,0.3940893470790378,0.378319597069597,0.7481937036799844,125.0,0.889198899269104,5.736108496587376,Mean imputation,2.3950174313744306
975072,missforest_fusion,0.7382971271906881,0.4299863533386158,0.672,0.417319587628866,0.3998486964618249,0.6933009455965438,125.0,1.0144753456115725,2.861076623476821,Forest surrogate,1.6914717329819087
975072,brits_joint_loss,0.7644187718465223,0.4918983071758117,0.656,0.3807560137457044,0.3730258812226025,0.6726317690896667,125.0,1.0145158767700195,2.4448427461817057,BRITS-MI-image,1.5635992920763637
975073,complete_fusion,0.8766719169365041,0.603118311912488,0.8,0.635948005378754,0.6160095579450419,0.5759266843922544,125.0,0.0,0.0,Full data,0.0
975073,image_only,0.6519889085172393,0.4086657214482505,0.56,0.3290004482294935,0.3223613595706618,0.9181294178425056,125.0,,,Image only,
975073,mean_impute_fusion,0.8024592188586177,0.5424277968522518,0.704,0.5173165994322426,0.4838455476753349,0.717214291216242,125.0,0.9245823621749878,6.275109807564474,Mean imputation,2.5050169276003853
975073,missforest_fusion,0.8354337237659145,0.5307056943779883,0.72,0.4941281936351412,0.4750014165108505,0.655322859472084,125.0,1.0434648990631104,3.553396392239798,Forest surrogate,1.8850454615843615
975073,brits_joint_loss,0.8267097255755731,0.5637440608819754,0.704,0.5394292544449425,0.4970831637498303,0.6486815354171682,125.0,1.053319215774536,2.746768334647501,BRITS-MI-image,1.6573377249816952
975074,complete_fusion,0.8845921929855324,0.5602936620627608,0.792,0.633993399339934,0.5792089513400989,0.5987215534831885,125.0,0.0,0.0,Full data,0.0
975074,image_only,0.6017309588101668,0.3947902515928549,0.6,0.3811881188118812,0.3485446331560588,0.8872536938663499,125.0,,,Image only,
975074,mean_impute_fusion,0.7745237250997827,0.4588147456190994,0.728,0.4874587458745874,0.4427281973048564,0.7575798331771612,125.0,0.929933786392212,5.971153418830217,Mean imputation,2.4435943646256466
975074,missforest_fusion,0.7899460725293309,0.491346147450826,0.704,0.4240924092409241,0.4009184386542877,0.697681722095294,125.0,1.0293842554092407,2.8727915750433786,Forest surrogate,1.6949311416819794
975074,brits_joint_loss,0.8069835619925628,0.5149328777569219,0.752,0.5907590759075908,0.5337265837265838,0.7149290423349559,125.0,1.0340126752853394,2.4655832648103044,BRITS-MI-image,1.5702175851805713
975075,complete_fusion,0.8719352594259867,0.6224617079465569,0.744,0.7526315789473684,0.6488231965112021,0.6607034169829231,125.0,0.0,0.0,Full data,0.0
975075,image_only,0.6295778613686225,0.4876748622182836,0.544,0.5089181286549708,0.4132088796503571,0.9228096870881516,125.0,,,Image only,
975075,mean_impute_fusion,0.7447176449179637,0.4704952313223128,0.584,0.4847953216374268,0.4273784451973263,0.8227503729018949,125.0,0.8838810920715332,4.099368545528416,Mean imputation,2.0246897405598756
975075,missforest_fusion,0.7467989791018024,0.4996216032373999,0.584,0.5472222222222222,0.4580413297394429,0.8074106392291606,125.0,0.9442589282989502,2.248239426571374,Forest surrogate,1.4994130273448254
975075,brits_joint_loss,0.7434737980653439,0.4859009689753971,0.616,0.5716374269005848,0.4814551580720734,0.8065251615379605,125.0,0.9604852795600892,2.0198742080426064,BRITS-MI-image,1.421222786210032
975076,complete_fusion,0.842376616972042,0.6270718276248078,0.744,0.5847222222222223,0.570703933747412,0.6564396064356417,125.0,0.0,0.0,Full data,0.0
975076,image_only,0.5565453700542469,0.4066110609062385,0.52,0.4243055555555555,0.3686769116705422,0.9199140054701076,125.0,,,Image only,
975076,mean_impute_fusion,0.7985865957285384,0.5649057311355058,0.68,0.4520833333333333,0.446594982078853,0.7435704403140831,125.0,0.8182243704795837,5.028402426274825,Mean imputation,2.242409959457642
975076,missforest_fusion,0.8040889476878722,0.542122426731905,0.704,0.5041666666666668,0.4748476383951244,0.7354948359265022,125.0,0.8229236006736755,2.440521466027269,Forest surrogate,1.562216843471888
975076,brits_joint_loss,0.7965920773111793,0.4925672479785569,0.696,0.5006944444444444,0.4734082397003745,0.7351461536688787,125.0,0.8536916375160217,2.0036665330832277,BRITS-MI-image,1.4155092839975398
975077,complete_fusion,0.8797829653655019,0.7098285502268348,0.728,0.69375,0.569896331738437,0.6661180333630181,125.0,0.0,0.0,Full data,0.0
975077,image_only,0.7464543738856645,0.4556994565259689,0.568,0.5194444444444445,0.4068233353947639,0.8938189678396004,125.0,,,Image only,
975077,mean_impute_fusion,0.7704122093243807,0.5098446277217742,0.64,0.5819444444444445,0.488214210415349,0.8066231305722313,125.0,0.8459272980690002,4.7760528739577195,Mean imputation,2.1854182377654214
975077,missforest_fusion,0.7755186165168241,0.5698397682086206,0.648,0.5750000000000001,0.4905025677827364,0.7845296709864085,125.0,0.9823082089424132,2.50349121630128,Forest surrogate,1.5822424644476205
975077,brits_joint_loss,0.7950112381927849,0.6239458146968636,0.632,0.6520833333333333,0.5113453815261044,0.7793906599564138,125.0,1.0398271083831787,2.301656516727991,BRITS-MI-image,1.5171211279024464
975078,complete_fusion,0.831506690632275,0.5786353286621745,0.76,0.6403985507246377,0.591919191919192,0.6437872086219228,125.0,0.0,0.0,Full data,0.0
975078,image_only,0.633634732003746,0.434157692992717,0.6,0.4227053140096617,0.398259643962374,0.9150150058861636,125.0,,,Image only,
975078,mean_impute_fusion,0.709876635561771,0.4433822349436799,0.632,0.4586352657004831,0.4361534419337887,0.8074943499441638,125.0,0.8925846219062805,7.944184929664259,Mean imputation,2.818543050880057
975078,missforest_fusion,0.7101280854670703,0.547725009381394,0.584,0.5089070048309178,0.4354561101549053,0.7851622784782099,125.0,1.0807533264160156,3.515756322650735,Forest surrogate,1.875035019046507
975078,brits_joint_loss,0.7206945809308231,0.4909168900037894,0.64,0.5552536231884058,0.4886396318665515,0.7737447486450518,125.0,1.0621522665023804,3.1495859046060706,BRITS-MI-image,1.774707272934348
975079,complete_fusion,0.8441610144106676,0.6040414220709683,0.704,0.5786023500309215,0.5289637952559301,0.6598685447931568,125.0,0.0,0.0,Full data,0.0
975079,image_only,0.6733272880267794,0.4432215404110433,0.536,0.4321583178726035,0.3837643678160919,0.914047489957323,125.0,,,Image only,
975079,mean_impute_fusion,0.7564761422204788,0.4899360927973853,0.704,0.5551020408163265,0.5044188689968742,0.7454792735578628,125.0,0.9788563847541808,7.408410992551807,Mean imputation,2.7218396338784925
975079,missforest_fusion,0.8053224304333875,0.5045876634195604,0.672,0.5252319109461966,0.4705486084796429,0.7287402171609334,125.0,1.1462361812591553,4.004595058010534,Forest surrogate,2.0011484347770243
975079,brits_joint_loss,0.805965667951336,0.5011090469381116,0.672,0.5884972170686457,0.5161001788908766,0.7365103062342019,125.0,1.1041663885116575,3.326457298102692,BRITS-MI-image,1.823857806437413
975080,complete_fusion,0.8212556058909805,0.5955744553059806,0.656,0.6065335381464414,0.5696969696969697,0.7316693293984228,125.0,0.0,0.0,Full data,0.0
975080,image_only,0.6989668693101443,0.4867693076144871,0.552,0.520942140296979,0.4259029500964984,0.9369453491077612,125.0,,,Image only,
975080,mean_impute_fusion,0.7297200651756967,0.5180363782892242,0.592,0.4995391705069124,0.4559684684684685,0.8790596624818956,125.0,0.890286922454834,6.1214246218072494,Mean imputation,2.474151293233146
975080,missforest_fusion,0.7385953023162974,0.4365073643805136,0.592,0.4702918586789554,0.429586327284537,0.8437720180390521,125.0,1.036383032798767,2.7212011965396536,Forest surrogate,1.6496063762424216
975080,brits_joint_loss,0.7393309710397737,0.4422018825949561,0.576,0.4974091141833077,0.4379862418032567,0.8373725110615503,125.0,1.0176080465316772,2.367385140067954,BRITS-MI-image,1.538630930427422
975081,complete_fusion,0.8640497509545129,0.654536143395723,0.72,0.6247165532879818,0.5684691955878396,0.6969597179082093,125.0,0.0,0.0,Full data,0.0
975081,image_only,0.6265493376837915,0.3808520504897165,0.456,0.3458049886621315,0.3102545365972476,0.94617699041193,125.0,,,Image only,
975081,mean_impute_fusion,0.7485658080896176,0.4590621686281452,0.656,0.4285714285714285,0.3916666666666666,0.8244466883842557,125.0,0.8644769787788391,5.273390937859055,Mean imputation,2.296386495749149
975081,missforest_fusion,0.7935581640063433,0.4965504142650042,0.68,0.5158730158730158,0.4672911787665886,0.7851560877119039,125.0,0.927627682685852,2.433652401530213,Forest surrogate,1.5600167952718371
975081,brits_joint_loss,0.7868613257268718,0.5275811285074036,0.68,0.5680272108843537,0.5101435457386514,0.8046401358357472,125.0,0.9654904007911682,2.200969091345635,BRITS-MI-image,1.483566342077642
975082,complete_fusion,0.8734141464743675,0.5294100257815465,0.776,0.4881219184222322,0.4738134206219312,0.6104864581330514,125.0,0.0,0.0,Full data,0.0
975082,image_only,0.6193104987400608,0.4059071351569365,0.616,0.438398326609891,0.4085387305726289,0.8820616840475577,125.0,,,Image only,
975082,mean_impute_fusion,0.7127942233220795,0.4339144118760574,0.68,0.4468848050201703,0.4102653631284916,0.7538922983041861,125.0,0.8145685791969299,3.783611493714555,Mean imputation,1.945150763749318
975082,missforest_fusion,0.7976007229426957,0.4843650801073529,0.728,0.4564470342148514,0.4358429858429858,0.6790885004956192,125.0,0.9587661623954772,1.7706947745984454,Forest surrogate,1.330674556230202
975082,brits_joint_loss,0.8006683306820412,0.4840062288099542,0.728,0.4564470342148514,0.4373706004140786,0.6636606639730321,125.0,0.989039182662964,1.461794032147963,BRITS-MI-image,1.209046745228638
975083,complete_fusion,0.8044674371583337,0.5507552709644469,0.688,0.5293650793650794,0.5224060692015038,0.677983762722388,125.0,0.0,0.0,Full data,0.0
975083,image_only,0.6240525975664889,0.396157200237028,0.544,0.3888888888888888,0.3615029038757852,0.8889737704357779,125.0,,,Image only,
975083,mean_impute_fusion,0.6837369308101442,0.4597509527124075,0.632,0.4349206349206349,0.4245707158603086,0.8011655605778332,125.0,0.8853000402450562,5.764595124403574,Mean imputation,2.400957126731665
975083,missforest_fusion,0.7339014576844387,0.4726103120893641,0.608,0.4595238095238095,0.4318976786913048,0.7795545031753446,125.0,1.1117721796035769,3.001236245776773,Forest surrogate,1.7324076442271816
975083,brits_joint_loss,0.7633133360514105,0.5049869930807013,0.608,0.3798941798941799,0.3804890219560878,0.7567164044714131,125.0,1.1374454498291016,2.538345044002785,BRITS-MI-image,1.5932184545763914
975084,complete_fusion,0.8386395523396869,0.502653099429422,0.688,0.5356641266995368,0.4890907575631302,0.6532266957121603,125.0,0.0,0.0,Full data,0.0
975084,image_only,0.6500074391029383,0.4027913841562848,0.52,0.3560436276707007,0.3233578016186711,0.8775708388760797,125.0,,,Image only,
975084,mean_impute_fusion,0.7308435419588424,0.4407819669854733,0.672,0.421335723890632,0.4008620689655172,0.7347707392317132,125.0,0.9281091094017028,5.843354684857846,Mean imputation,2.417303184306397
975084,missforest_fusion,0.7750183016580307,0.4665476881342495,0.672,0.51773494695951,0.4658008658008658,0.708038079678558,125.0,1.0794636011123655,2.904271526379261,Forest surrogate,1.7041923384346207
975084,brits_joint_loss,0.7562808168239655,0.4484550231350875,0.656,0.4365755266696549,0.3984405458089668,0.7126949024627457,125.0,1.1055264472961426,2.3313709905429896,BRITS-MI-image,1.5268827690896867
975085,complete_fusion,0.9091900914229352,0.7136849963234221,0.776,0.5875,0.5566850960109387,0.6411459532044868,125.0,0.0,0.0,Full data,0.0
975085,image_only,0.6913109802359546,0.4295528559701171,0.512,0.3576388888888888,0.3333899264289757,0.9160021871790904,125.0,,,Image only,
975085,mean_impute_fusion,0.7865458916581313,0.4808094366286892,0.608,0.4305555555555555,0.381934677293327,0.8071424318506755,125.0,0.8519501686096191,4.907994572437287,Mean imputation,2.2153994160054498
975085,missforest_fusion,0.8355491066348014,0.6245254202408659,0.704,0.5458333333333334,0.5088833194096352,0.7518368976519397,125.0,0.9460824131965636,2.419391527613268,Forest surrogate,1.55543933588336
975085,brits_joint_loss,0.8476723189560335,0.6382946230500078,0.696,0.6159722222222221,0.5784047256649997,0.7554771149434225,125.0,0.9593749046325684,2.203387618794568,BRITS-MI-image,1.4843812242124892
975086,complete_fusion,0.8505196655196654,0.6558890512119678,0.784,0.5816257816257816,0.6248371689101172,0.6340351598555964,125.0,0.0,0.0,Full data,0.0
975086,image_only,0.6202103452103452,0.3918361571140039,0.544,0.4055796055796056,0.3490652557319224,0.9317909033855828,125.0,,,Image only,
975086,mean_impute_fusion,0.7139721389721391,0.4344426053769505,0.68,0.4495430495430494,0.4361162646876932,0.7770934191290448,125.0,0.8681759238243103,5.998788354174803,Mean imputation,2.449242404127203
975086,missforest_fusion,0.7483657083657084,0.4909118859844089,0.696,0.4687830687830687,0.4532304787943886,0.7556852252580363,125.0,0.905697464942932,3.0418249747960298,Forest surrogate,1.7440828463109286
975086,brits_joint_loss,0.742967402967403,0.482141574477983,0.704,0.4721500721500721,0.4645909645909645,0.7454649641848355,125.0,0.89956134557724,2.4859477809572126,BRITS-MI-image,1.5766888662501592
975087,complete_fusion,0.9019158895784342,0.649095448301695,0.808,0.627062706270627,0.5934721105452813,0.6012003233705749,125.0,0.0,0.0,Full data,0.0
975087,image_only,0.7386852739306758,0.4793102970611127,0.688,0.4882654932159882,0.4586208691126723,0.8731858243162736,125.0,,,Image only,
975087,mean_impute_fusion,0.7824637427223441,0.4915641179675047,0.648,0.5306197286395306,0.4594387774334849,0.7721690380529244,125.0,0.8116850852966309,4.145202901710535,Mean imputation,2.035977136833942
975087,missforest_fusion,0.8037881623969616,0.4920137101782161,0.664,0.5894756142280895,0.485696271519711,0.765935499795514,125.0,0.9384655952453612,1.7617567625916486,Forest surrogate,1.3273118558167287
975087,brits_joint_loss,0.8328269778861443,0.5423505278291508,0.672,0.5927759442610928,0.4893795127720131,0.7408415726099715,125.0,0.9676712155342102,1.6014031299469116,BRITS-MI-image,1.265465578333489
975088,complete_fusion,0.896903876493126,0.6693492925049198,0.792,0.6653079710144928,0.6247456247456248,0.6570615017843732,125.0,0.0,0.0,Full data,0.0
975088,image_only,0.7111667380595416,0.578466267284598,0.56,0.5425724637681159,0.4341965386741506,0.899232325915293,125.0,,,Image only,
975088,mean_impute_fusion,0.7644641439784309,0.5630733838520242,0.712,0.5865036231884058,0.5281729184840555,0.7702501036484378,125.0,0.8611207008361816,5.337241705338323,Mean imputation,2.3102471091505175
975088,missforest_fusion,0.8159592297688691,0.5404249303167528,0.704,0.5419685990338164,0.5008313155770784,0.741833262237352,125.0,0.955672562122345,2.590161615488289,Forest surrogate,1.609397904648906
975088,brits_joint_loss,0.8407450686421495,0.577292657234353,0.72,0.6009963768115942,0.542088845107421,0.7205414308968673,125.0,0.9585112929344176,2.25768361478184,BRITS-MI-image,1.502559022062641
975089,complete_fusion,0.8937251016517574,0.6434645108005904,0.816,0.7175381820246409,0.6621895723639267,0.5430799168211564,125.0,0.0,0.0,Full data,0.0
975089,image_only,0.547335164570383,0.3917773602532268,0.624,0.4318401180945892,0.372330750482011,0.8763297336681776,125.0,,,Image only,
975089,mean_impute_fusion,0.7934239214180626,0.515410063541273,0.736,0.534378016238006,0.5128980526918672,0.6737017152696805,125.0,0.8975998759269714,7.040725941263943,Mean imputation,2.6534366284620297
975089,missforest_fusion,0.8622415188335016,0.5501914442787216,0.752,0.4615908703798331,0.4348832316431727,0.6228994534157402,125.0,1.122651219367981,3.878504846995714,Forest surrogate,1.969391999322561
975089,brits_joint_loss,0.8595691183200929,0.5655716307146447,0.76,0.5727019814909441,0.5213344788087055,0.6066941006194146,125.0,1.1414272785186768,3.3419150454765223,BRITS-MI-image,1.8280905463013921
975090,complete_fusion,0.859764980846664,0.5269465768509035,0.768,0.5067981473180935,0.4774032459425717,0.6166295140280031,125.0,0.0,0.0,Full data,0.0
975090,image_only,0.7125614578716591,0.441485431160234,0.704,0.4651426863887644,0.4464451532157132,0.8634378850062439,125.0,,,Image only,
975090,mean_impute_fusion,0.6914324092105093,0.428350813368535,0.672,0.4323920513969819,0.4194667459609476,0.7970903204532279,125.0,0.8538116812705994,4.688797057055142,Mean imputation,2.165363031238675
975090,missforest_fusion,0.7471646345674084,0.5063355691624268,0.688,0.5135514716868369,0.4734195402298851,0.7559750153221313,125.0,0.964152455329895,2.3877266907806343,Forest surrogate,1.5452270677090258
975090,brits_joint_loss,0.7468919448849314,0.4678352662361284,0.672,0.50667861945316,0.4644115574348132,0.746179584395497,125.0,0.982128083705902,2.280014556779895,BRITS-MI-image,1.5099717072779526
975091,complete_fusion,0.9058152787288491,0.6652034873289169,0.776,0.637615778576877,0.6036240583189797,0.589576692339525,125.0,0.0,0.0,Full data,0.0
975091,image_only,0.7018750490021345,0.4548950594254393,0.568,0.4693254876321238,0.4061089152715548,0.8742727258026431,125.0,,,Image only,
975091,mean_impute_fusion,0.8153110419205497,0.522123719723957,0.72,0.5246594747738912,0.4955776349113578,0.7514038420418258,125.0,0.833442747592926,4.6658329524609625,Mean imputation,2.1600539235076894
975091,missforest_fusion,0.8342591498324756,0.6310617720325808,0.752,0.6269151138716357,0.5999151307171454,0.6908829938472025,125.0,0.8746877908706665,2.341633280112922,Forest surrogate,1.5302396152606041
975091,brits_joint_loss,0.8247987576263617,0.586176520434378,0.728,0.5612945406995751,0.5359160613397901,0.6969659347890789,125.0,0.8909121751785278,1.9465858255675603,BRITS-MI-image,1.395200998267834
975092,complete_fusion,0.8997404633856844,0.7047812203740551,0.8,0.6552795031055901,0.6258915262011238,0.5542977228767889,125.0,0.0,0.0,Full data,0.0
975092,image_only,0.6050060260459835,0.4295625279393277,0.528,0.4952676722863058,0.3822345570811827,0.8973093914984862,125.0,,,Image only,
975092,mean_impute_fusion,0.8402471767110112,0.6196809421939973,0.72,0.5746081041112098,0.5505050505050505,0.6869347262484939,125.0,0.8646050095558167,4.5253921012656315,Mean imputation,2.127296900121286
975092,missforest_fusion,0.8552470987729676,0.6271108304224152,0.736,0.6724341910677314,0.6054908054908056,0.6456788068024448,125.0,0.9945766925811768,2.174222880525163,Forest surrogate,1.4745246286600855
975092,brits_joint_loss,0.8597350213557963,0.6629707734835808,0.696,0.6332446021887016,0.5341085271317829,0.6469211733392626,125.0,0.9876120686531068,1.8474163543669049,BRITS-MI-image,1.3591969520150142
975093,complete_fusion,0.8918511118511119,0.701492906405571,0.848,0.7218855218855218,0.6846298031865041,0.5472888852428978,125.0,0.0,0.0,Full data,0.0
975093,image_only,0.6053720353720354,0.3765069715090979,0.632,0.3285233285233285,0.3361111111111111,0.8726218840312826,125.0,,,Image only,
975093,mean_impute_fusion,0.7771053021053019,0.5102273563858617,0.696,0.4437710437710437,0.4262467608017346,0.6892307934374756,125.0,0.8649221658706665,4.353300892415508,Mean imputation,2.0864565397859374
975093,missforest_fusion,0.8043980093980094,0.5770205866815967,0.728,0.558056758056758,0.5084027135368486,0.6766236797596453,125.0,0.9638728499412536,2.101405776396998,Forest surrogate,1.4496226324105863
975093,brits_joint_loss,0.8075306175306176,0.5854468704283162,0.736,0.5614237614237614,0.5160033739743884,0.661170139880388,125.0,1.0148158073425293,1.8273511250741157,BRITS-MI-image,1.3517955189576993
975094,complete_fusion,0.8510834201477495,0.5626219227326877,0.752,0.4871861025111799,0.4591836734693877,0.59563396645278,125.0,0.0,0.0,Full data,0.0
975094,image_only,0.6360433873307025,0.3898480327643467,0.552,0.2825937392500859,0.2981544256120527,0.8479947831478593,125.0,,,Image only,
975094,mean_impute_fusion,0.764909212925159,0.4523800078391511,0.68,0.4720502235982112,0.4266871479774705,0.7066986123440646,125.0,0.8697875142097473,4.247926177315117,Mean imputation,2.061049775554952
975094,missforest_fusion,0.7593562597555804,0.4468713729936202,0.696,0.4214826281389749,0.3886523829529011,0.6942075695127449,125.0,1.1218760013580322,1.9759592935699983,Forest surrogate,1.4056881921571365
975094,brits_joint_loss,0.7656256258678803,0.4444598114581373,0.64,0.4128826969384245,0.374125647142834,0.6873246921750698,125.0,1.1045714616775513,1.7244974925704055,BRITS-MI-image,1.3132012384133689
975095,complete_fusion,0.9182043864213192,0.7925980418627862,0.848,0.754251700680272,0.7095758263583486,0.5733529250560768,125.0,0.0,0.0,Full data,0.0
975095,image_only,0.6437354601227194,0.3962777209619183,0.64,0.4399092970521541,0.407843137254902,0.8682957839609594,125.0,,,Image only,
975095,mean_impute_fusion,0.8128621256795023,0.4707726874018402,0.728,0.4878117913832199,0.4447594430084216,0.7231498450983167,125.0,0.8318657279014587,4.919096938715252,Mean imputation,2.217903726205277
975095,missforest_fusion,0.8156269081240678,0.463812297423057,0.76,0.522392290249433,0.4721087300925539,0.6854534660841928,125.0,1.0441656112670898,2.573078868443948,Forest surrogate,1.6040819394419812
975095,brits_joint_loss,0.8293630346269452,0.4822177994037608,0.712,0.4914965986394558,0.4394902749832327,0.6887614627895852,125.0,1.0131194591522217,2.4729536074871152,BRITS-MI-image,1.572562751526029
975096,complete_fusion,0.8722631169999592,0.676381865946006,0.792,0.6746288798920378,0.635923723326859,0.622069521706798,125.0,0.0,0.0,Full data,0.0
975096,image_only,0.6976172719713389,0.4554881522755146,0.656,0.479284750337382,0.4379324016255327,0.8101508115500106,125.0,,,Image only,
975096,mean_impute_fusion,0.7575430417535681,0.475487161520308,0.664,0.5014170040485829,0.4802325581395348,0.7300389805222156,125.0,0.8707674741744995,5.023250198462889,Mean imputation,2.241260850160661
975096,missforest_fusion,0.7562528858701106,0.4539372765021593,0.696,0.4875168690958165,0.4639863060915692,0.6957484879858157,125.0,0.966611623764038,2.3819972588174254,Forest surrogate,1.543372041608058
975096,brits_joint_loss,0.7627723932987092,0.450868173707443,0.696,0.4076923076923077,0.4057752667922159,0.6911040047753829,125.0,1.0134479999542236,2.1031879210019473,BRITS-MI-image,1.4502371947381392
975097,complete_fusion,0.9273010597981348,0.7329488621986906,0.8,0.7622720166753517,0.6902693893202952,0.581940094727068,125.0,0.0,0.0,Full data,0.0
975097,image_only,0.6442195227467136,0.4632043499885248,0.568,0.4116380059058537,0.369576598942764,0.8635925347961138,125.0,,,Image only,
975097,mean_impute_fusion,0.7641949969574912,0.441521373596461,0.608,0.5057495223206532,0.4178557504873294,0.7890210025976981,125.0,0.8648717999458313,5.246434095231787,Mean imputation,2.2905095710849555
975097,missforest_fusion,0.8232232349352114,0.4868013287727211,0.648,0.6141045683515721,0.4807726386673754,0.7295034176055016,125.0,1.0188146829605105,2.2912897278819417,Forest surrogate,1.513700673145765
975097,brits_joint_loss,0.8270783503375164,0.4747818580226448,0.656,0.6458919576168144,0.5000375692683385,0.739636708900303,125.0,1.0375311374664309,1.9354455062282268,BRITS-MI-image,1.3912028990151748
975098,complete_fusion,0.8639744564227477,0.6192670753563494,0.8,0.5803264604810997,0.5767195767195767,0.6009197806216872,125.0,0.0,0.0,Full data,0.0
975098,image_only,0.6087292220988064,0.3846818020310631,0.592,0.3170103092783505,0.3261102193686463,0.8550894157089196,125.0,,,Image only,
975098,mean_impute_fusion,0.7432055077913735,0.5224203675342656,0.712,0.4835337915234823,0.440952380952381,0.7475606938438705,125.0,0.8370167016983032,4.284788759606308,Mean imputation,2.0699731301652946
975098,missforest_fusion,0.7573406105505449,0.5225720707581897,0.728,0.4799541809851088,0.451106481900794,0.7207801124921717,125.0,0.9142201542854308,2.2955266488828188,Forest surrogate,1.5150995508159915
975098,brits_joint_loss,0.7591938836406067,0.5856503252777392,0.768,0.4971363115693012,0.4754227912122649,0.6990210381621637,125.0,0.9608374834060668,2.0109964709152583,BRITS-MI-image,1.4180960725265614
975099,complete_fusion,0.8246335167717507,0.5922347616809313,0.696,0.6384662956091528,0.5554098360655737,0.687754910859312,125.0,0.0,0.0,Full data,0.0
975099,image_only,0.58854116201088,0.4122597791502911,0.592,0.420717377860235,0.3842115149807457,0.9243537457564648,125.0,,,Image only,
975099,mean_impute_fusion,0.682394870929314,0.409771844731138,0.592,0.3809523809523809,0.3532826148210763,0.8141146282190326,125.0,0.8911380767822266,4.877267714755799,Mean imputation,2.2084536931427383
975099,missforest_fusion,0.7576333486550778,0.4566664348520586,0.624,0.4695732838589981,0.4358543417366947,0.7524345179081522,125.0,1.1050755977630615,2.6333024569667836,Forest surrogate,1.6227453456925345
975099,brits_joint_loss,0.7718403383058954,0.4661745175998704,0.648,0.4797773654916512,0.4410919540229885,0.7567399780912816,125.0,1.116262435913086,2.214006893839352,BRITS-MI-image,1.4879539286682744
975100,complete_fusion,0.8957574387890522,0.647290057753671,0.776,0.5845211414911101,0.5510969610807419,0.5813724152498878,125.0,0.0,0.0,Full data,0.0
975100,image_only,0.6302372644859529,0.4297349174240648,0.544,0.3552965785148663,0.3469527363184079,0.8829244804609686,125.0,,,Image only,
975100,mean_impute_fusion,0.7407882247475412,0.4764283095543313,0.704,0.4571940833706858,0.4296296296296296,0.7756943549666732,125.0,0.8871463537216187,7.440635813639534,Mean imputation,2.7277528872021257
975100,missforest_fusion,0.7727565527929384,0.48806881877409,0.696,0.4427013297474973,0.425030501509022,0.734113368759176,125.0,1.0051829814910889,4.141625401110002,Forest surrogate,2.035098376273246
975100,brits_joint_loss,0.7989808408048712,0.5496891194189009,0.704,0.5314806514268638,0.4858742789777272,0.7181558845878724,125.0,1.0285353660583496,3.4640969767270984,BRITS-MI-image,1.8612084721296265
975101,complete_fusion,0.8717872331456104,0.6286792085017209,0.768,0.6416740609287194,0.5695131013537527,0.6119678532107621,125.0,0.0,0.0,Full data,0.0
975101,image_only,0.5253174904861667,0.3814636389828856,0.472,0.2783200236616386,0.2918418839360807,0.9597348678029298,125.0,,,Image only,
975101,mean_impute_fusion,0.7239159367983229,0.442551277072118,0.624,0.3762200532386868,0.3572457505041774,0.7734228736065841,125.0,0.9123162627220154,6.902113316014555,Mean imputation,2.62718733934498
975101,missforest_fusion,0.798948970999214,0.4751630093610523,0.64,0.4740461401952085,0.434237012987013,0.718833593056619,125.0,1.099337100982666,3.4747139325923233,Forest surrogate,1.8640584573967425
975101,brits_joint_loss,0.8140062495500323,0.5114102281102694,0.68,0.491052942916297,0.4651729077143442,0.6960357960735896,125.0,1.1284176111221311,3.178123064784379,BRITS-MI-image,1.7827291058330705
975102,complete_fusion,0.8639787470126322,0.6431205381627425,0.736,0.5708333333333333,0.55879917184265,0.5997789763059274,125.0,0.0,0.0,Full data,0.0
975102,image_only,0.6406986646940557,0.4125908389457852,0.56,0.3999999999999999,0.3705638763110028,0.8879281007927518,125.0,,,Image only,
975102,mean_impute_fusion,0.7658901881567467,0.4834812362084024,0.672,0.4694444444444444,0.460139111824505,0.7276883711950302,125.0,0.9295828342437744,6.604068826010587,Mean imputation,2.569838287910464
975102,missforest_fusion,0.7924270702932362,0.5412161639218266,0.656,0.4944444444444444,0.4632700632700632,0.691958288427213,125.0,1.000515699386597,3.652651834246168,Forest surrogate,1.9111912081856612
975102,brits_joint_loss,0.8114172451727931,0.5480372051362149,0.672,0.5854166666666667,0.5337681811366022,0.6901756598559123,125.0,1.0076072216033936,3.4812322723080182,BRITS-MI-image,1.8658060650314165
975103,complete_fusion,0.8414630539036714,0.5361611336125965,0.736,0.5917171717171718,0.551912568306011,0.6208730396530941,125.0,0.0,0.0,Full data,0.0
975103,image_only,0.5375167816956771,0.3755360606200835,0.48,0.33,0.3059073547571867,0.9367923468940166,125.0,,,Image only,
975103,mean_impute_fusion,0.6336204605340369,0.454818574138124,0.736,0.4957575757575758,0.4561532792925571,0.7626578819035885,125.0,0.9280344247817992,6.913784521171518,Mean imputation,2.6294076369348893
975103,missforest_fusion,0.6686752233459856,0.4443203062210685,0.688,0.4521212121212121,0.415731004574348,0.7529138309263647,125.0,0.9661509394645692,3.212332710290473,Forest surrogate,1.7922981644498979
975103,brits_joint_loss,0.6565370483443379,0.4391034084421794,0.656,0.4506060606060606,0.4001656314699793,0.7392927320061953,125.0,0.9911779165267944,2.580713695347022,BRITS-MI-image,1.6064599887165014
975104,complete_fusion,0.8977834218346133,0.6103835378988721,0.784,0.6784511784511785,0.6102816723506379,0.5948420851660818,125.0,0.0,0.0,Full data,0.0
975104,image_only,0.6606659415573802,0.4268467694601117,0.616,0.4452861952861953,0.3994755244755244,0.8666063605112052,125.0,,,Image only,
975104,mean_impute_fusion,0.7852300358919954,0.4857254872629835,0.704,0.4377104377104377,0.4157131960335622,0.7138508793018702,125.0,0.835720419883728,4.373402151388956,Mean imputation,2.0912680725791604
975104,missforest_fusion,0.8276935626891495,0.5440094219844887,0.736,0.5429292929292929,0.5040372670807454,0.671834419892861,125.0,0.85466468334198,2.089914647292786,Forest surrogate,1.4456537093276474
975104,brits_joint_loss,0.8267185970186853,0.5576989647899091,0.752,0.5850168350168351,0.5253678181854977,0.6589294763741553,125.0,0.8433923721313477,1.911353745211488,BRITS-MI-image,1.3825171771849665
975105,complete_fusion,0.8987390387390387,0.6906462263582039,0.776,0.6157768157768158,0.6179406356711321,0.5555499681086808,125.0,0.0,0.0,Full data,0.0
975105,image_only,0.7517332667332667,0.5305928476510734,0.608,0.6974506974506974,0.5316364547133778,0.8611595176455986,125.0,,,Image only,
975105,mean_impute_fusion,0.76502627002627,0.4885270411302515,0.688,0.567003367003367,0.4707466446596881,0.7373005555597554,125.0,0.873595118522644,4.709509294817166,Mean imputation,2.170140385969803
975105,missforest_fusion,0.8349670699670698,0.4951364479826901,0.696,0.5703703703703704,0.4829953983318953,0.6809683287944464,125.0,0.985072135925293,2.6100517081582084,Forest surrogate,1.615565445334298
975105,brits_joint_loss,0.8213460613460614,0.5385937265269444,0.72,0.592977392977393,0.5058898715649288,0.6736872851860037,125.0,0.9793297052383424,1.9143994296022788,BRITS-MI-image,1.3836182383888551
975106,complete_fusion,0.8657196653434234,0.7043713634019113,0.736,0.6128246753246753,0.6004153594626839,0.6351496507644732,125.0,0.0,0.0,Full data,0.0
975106,image_only,0.6662236086730222,0.4499531134794255,0.568,0.4308261183261182,0.3951226962631096,0.9292854592947504,125.0,,,Image only,
975106,mean_impute_fusion,0.831556716411745,0.5917071151445352,0.648,0.4305104617604618,0.4188945695325432,0.7461653443570505,125.0,0.8774120807647705,3.6868985376649066,Mean imputation,1.9201298231278288
975106,missforest_fusion,0.7935111871934857,0.5082568229037295,0.664,0.4907106782106782,0.4453046953046953,0.7292634952643793,125.0,0.9129699468612672,1.952088882753911,Forest surrogate,1.3971717441867735
975106,brits_joint_loss,0.8263259810066806,0.6018546308886861,0.656,0.4781295093795094,0.4467171717171717,0.7147672087499091,125.0,0.9179465770721436,1.8635688933386816,BRITS-MI-image,1.3651259624440089
975107,complete_fusion,0.8378636308262378,0.5988394795362083,0.712,0.5434462444771723,0.5110756406845792,0.6357715079502475,125.0,0.0,0.0,Full data,0.0
975107,image_only,0.5934683848583902,0.3852592878458127,0.568,0.4760268368515791,0.408659667611406,0.94466792868893,125.0,,,Image only,
975107,mean_impute_fusion,0.7656054484859308,0.4845971884830404,0.664,0.5421371297659957,0.4846494501666916,0.7763350720869311,125.0,0.9462403059005736,6.6867080524979,Mean imputation,2.5858669827541205
975107,missforest_fusion,0.7581130016041775,0.5116369208298339,0.616,0.49664539355261,0.4395045584976935,0.766536444559288,125.0,1.0444673299789429,2.7742471762404826,Forest surrogate,1.6656071494324471
975107,brits_joint_loss,0.7718685468336002,0.5085876825607105,0.672,0.5580101456390115,0.4952108954556934,0.7549685295272142,125.0,1.0449419021606443,2.5319846528662824,BRITS-MI-image,1.5912211200415491
975108,complete_fusion,0.8583010890651206,0.5652392241858072,0.696,0.4299707602339181,0.421231884057971,0.6352706906273007,125.0,0.0,0.0,Full data,0.0
975108,image_only,0.6997360392828315,0.474476853991802,0.6,0.481578947368421,0.4062826541274817,0.8648774039600434,125.0,,,Image only,
975108,mean_impute_fusion,0.7678639790117888,0.4845022071851013,0.6,0.3878654970760234,0.376000807102502,0.7642634848660323,125.0,0.8947908878326416,6.499932971849018,Mean imputation,2.5494966114605875
975108,missforest_fusion,0.7575314329309978,0.4661509202006803,0.592,0.4676900584795322,0.4100193011263791,0.7557262760571412,125.0,0.9838955998420716,3.006254475007015,Forest surrogate,1.733855378919192
975108,brits_joint_loss,0.7989349392701323,0.4981242063915058,0.688,0.5616959064327486,0.511647596891864,0.7220081142298157,125.0,1.0159302949905396,2.503425347191944,BRITS-MI-image,1.5822216491983492
975109,complete_fusion,0.8460707644881315,0.6176968243082958,0.76,0.5895691609977324,0.5836879432624114,0.6672644983490009,125.0,0.0,0.0,Full data,0.0
975109,image_only,0.67600872257735,0.4455986271675955,0.576,0.3945578231292517,0.3648017580807618,0.8732893080155613,125.0,,,Image only,
975109,mean_impute_fusion,0.7316353891984145,0.4938790207815498,0.672,0.6564625850340136,0.5298786017259032,0.8165592845717212,125.0,0.8620571494102478,6.107724220143258,Mean imputation,2.471381034997084
975109,missforest_fusion,0.7128401218037071,0.4603293344879306,0.672,0.554421768707483,0.4876423497575826,0.7998343830998104,125.0,1.0513683557510376,3.3645042276183963,Forest surrogate,1.8342584953104064
975109,brits_joint_loss,0.7356183214026352,0.4711726695537621,0.624,0.4965986394557823,0.4254229565355203,0.7717078395627586,125.0,1.0839306116104126,2.8598926641506615,BRITS-MI-image,1.6911217177218976
975110,complete_fusion,0.9002711404037713,0.6379959166707551,0.824,0.7807144122933596,0.6916347595504505,0.6159752433303717,125.0,0.0,0.0,Full data,0.0
975110,image_only,0.7190729821298888,0.4464840673379291,0.624,0.4928989139515455,0.4362650813079209,0.8602225703695002,125.0,,,Image only,
975110,mean_impute_fusion,0.7736236198441439,0.4630487256293956,0.648,0.4445710235183919,0.4156252053354359,0.7784626460634394,125.0,0.9381276369094848,5.968985732599366,Mean imputation,2.443150779751296
975110,missforest_fusion,0.8355072970897791,0.5270291763879635,0.696,0.5073036125667705,0.4607369412231142,0.7338448729529002,125.0,1.026673436164856,3.198160923345572,Forest surrogate,1.7883402705708922
975110,brits_joint_loss,0.8397984989555858,0.5176455236372246,0.696,0.5356573251310094,0.4749102263856362,0.7176397762552434,125.0,1.0205833911895752,2.6256692179200423,BRITS-MI-image,1.6203916865745893
975111,complete_fusion,0.8491605615669925,0.5511390004468989,0.768,0.6383040935672515,0.6021164021164022,0.6289270156747582,125.0,0.0,0.0,Full data,0.0
975111,image_only,0.6404380515450926,0.4185447139374355,0.616,0.5299707602339181,0.4590347923681257,0.9130725630622306,125.0,,,Image only,
975111,mean_impute_fusion,0.7437183815683648,0.5113595910116718,0.656,0.5059941520467836,0.463984962406015,0.7821395637570339,125.0,0.9512796998023988,9.859593700416934,Mean imputation,3.139998996881517
975111,missforest_fusion,0.7771152132904579,0.4660031580367813,0.648,0.4711988304093567,0.439172468296146,0.7370350823134895,125.0,1.0478860139846802,5.207138752222094,Forest surrogate,2.2819155883209383
975111,brits_joint_loss,0.7936608216328045,0.4791377976822765,0.68,0.5269005847953215,0.4817095559308876,0.7228768948105793,125.0,1.1102875471115112,4.855416267910055,BRITS-MI-image,2.2035009117107385
975112,complete_fusion,0.8685115503492757,0.7570075309878268,0.752,0.737291280148423,0.6112039095515632,0.6675701983801327,125.0,0.0,0.0,Full data,0.0
975112,image_only,0.6490941858093962,0.4349345720643167,0.544,0.5385899814471243,0.415412647915299,0.9314624870707072,125.0,,,Image only,
975112,mean_impute_fusion,0.7661034824835102,0.5370319134823266,0.648,0.6225726654298083,0.5057603191892218,0.7971727816086276,125.0,0.9425978064537048,6.284625223683177,Mean imputation,2.5069154799640088
975112,missforest_fusion,0.7819609064246142,0.5445176305951535,0.64,0.654421768707483,0.5217780334260058,0.7921776226208332,125.0,0.946211874485016,3.4260408201019317,Forest surrogate,1.8509567310182946
975112,brits_joint_loss,0.8141412273451109,0.6117767783612669,0.632,0.6745207173778603,0.5107936139643217,0.7716322209236013,125.0,0.9462798833847046,3.2289818926558547,BRITS-MI-image,1.7969368081977326
975113,complete_fusion,0.8675931204565783,0.6103557428719961,0.736,0.6710446859903382,0.5808270676691729,0.6552066888525876,125.0,0.0,0.0,Full data,0.0
975113,image_only,0.6168664617271197,0.403666698998369,0.552,0.4128925120772946,0.378075070914968,0.9335875564688094,125.0,,,Image only,
975113,mean_impute_fusion,0.7192924458639028,0.4227215126923771,0.656,0.4169685990338164,0.3916666666666666,0.7584057916697216,125.0,0.8766827583312988,5.698373405995616,Mean imputation,2.38712660032844
975113,missforest_fusion,0.7397524977007294,0.4373513706707437,0.68,0.4684480676328502,0.4451209862476064,0.7220521714826822,125.0,1.0442345142364502,3.53350345256623,Forest surrogate,1.8797615414105668
975113,brits_joint_loss,0.7341890591818937,0.4416500541799859,0.696,0.4563707729468598,0.4254905534293178,0.7286086344040635,125.0,1.0353760719299316,3.144721603873397,BRITS-MI-image,1.7733362918164726
975114,complete_fusion,0.8373752604658676,0.5050385543372471,0.688,0.48607664736697,0.4554485641706556,0.6528516345595483,125.0,0.0,0.0,Full data,0.0
975114,image_only,0.5446689638459089,0.3936157344394554,0.52,0.3622828784119106,0.3475783475783476,0.9571535075065588,125.0,,,Image only,
975114,mean_impute_fusion,0.7405953339302487,0.4374485215800194,0.608,0.3924731182795698,0.3750777758923016,0.7881088169470483,125.0,0.852374792098999,4.813951506365798,Mean imputation,2.194071900910678
975114,missforest_fusion,0.7776201085617593,0.480362524272363,0.648,0.514336917562724,0.484593837535014,0.7540177117590265,125.0,1.1137982606887815,2.520005833622445,Forest surrogate,1.587452624056052
975114,brits_joint_loss,0.7631036363839968,0.4725763998599956,0.616,0.4295561069754618,0.4134820403477119,0.7603256359792108,125.0,1.1169415712356567,2.060656592716074,BRITS-MI-image,1.4354987261283354
975115,complete_fusion,0.8899115428675571,0.6665231284518468,0.784,0.6736303123399897,0.6161038961038962,0.6186371571363307,125.0,0.0,0.0,Full data,0.0
975115,image_only,0.5171064173327432,0.3728725408366856,0.544,0.3560061443932412,0.3460925039872408,0.966971933352335,125.0,,,Image only,
975115,mean_impute_fusion,0.7374359503414998,0.4849377076162793,0.624,0.4456323604710701,0.4187788358015383,0.8315994716573387,125.0,0.8553963303565979,5.850223565945642,Mean imputation,2.418723540619234
975115,missforest_fusion,0.7947308434655073,0.5385982757811453,0.672,0.520921658986175,0.4875607096838141,0.783660539249354,125.0,0.8515458106994629,2.9585143599119887,Forest surrogate,1.7200332438391965
975115,brits_joint_loss,0.8017971760090951,0.5661426898451296,0.72,0.6352073732718894,0.5980842911877394,0.7802408000444275,125.0,0.8956688642501831,2.405484632057165,BRITS-MI-image,1.5509624857027215
975116,complete_fusion,0.9041110730847208,0.699851310727775,0.8,0.6826839826839827,0.6496251627665895,0.5891455528102829,125.0,0.0,0.0,Full data,0.0
975116,image_only,0.6812156058526839,0.4243716859016931,0.56,0.4188620902906617,0.3766536735175998,0.9168624356354568,125.0,,,Image only,
975116,mean_impute_fusion,0.7973859347275898,0.5472870079999339,0.664,0.5615955473098331,0.4936786410470621,0.7515731955445061,125.0,0.8551585674285889,3.7606293677270246,Mean imputation,1.9392342219873866
975116,missforest_fusion,0.8400396430678446,0.5910918765733283,0.696,0.5987012987012986,0.5332693258851938,0.7308414441335782,125.0,0.8937307000160217,1.968579524116972,Forest surrogate,1.4030607699301452
975116,brits_joint_loss,0.8503622013677492,0.6029444439110625,0.704,0.590352504638219,0.520141196013289,0.7069743085035943,125.0,0.9099556803703308,1.684646770531924,BRITS-MI-image,1.2979394325360194
975117,complete_fusion,0.9088249314367912,0.5821326999182193,0.8,0.624891677872404,0.5866459073290193,0.5627111584506996,125.0,0.0,0.0,Full data,0.0
975117,image_only,0.6759617096502429,0.405492728746206,0.656,0.4856417152248617,0.4273752012882448,0.8013762416410047,125.0,,,Image only,
975117,mean_impute_fusion,0.7804143925611481,0.4563108099569719,0.68,0.3916031674884208,0.3931338823447652,0.7460257336019533,125.0,0.906879186630249,6.839182896186529,Mean imputation,2.615183147732971
975117,missforest_fusion,0.8185361331145337,0.4920460317182099,0.68,0.4137158225011205,0.4081059390048154,0.6981532685873466,125.0,0.913722574710846,2.889347463100257,Forest surrogate,1.6998080665475903
975117,brits_joint_loss,0.8159987817030293,0.4905756227427146,0.696,0.4727625877782758,0.4464833312780039,0.68695114408458,125.0,0.9282943606376648,2.514694168945633,BRITS-MI-image,1.585778726350443
975118,complete_fusion,0.8739344442354469,0.5201858683851851,0.744,0.4872727272727273,0.445443328045126,0.6283668439815902,125.0,0.0,0.0,Full data,0.0
975118,image_only,0.6289447632460207,0.4164271543682329,0.568,0.4271717171717171,0.3631003039513678,0.8862090970238775,125.0,,,Image only,
975118,mean_impute_fusion,0.7939217616238784,0.4855125872919433,0.672,0.4572727272727272,0.4136215474352376,0.7666038367275072,125.0,0.8315285444259644,3.5320725372454778,Mean imputation,1.879380892008184
975118,missforest_fusion,0.7507261852971864,0.4495642938126057,0.672,0.469090909090909,0.4219699575736728,0.7649486043107359,125.0,1.0089129209518433,1.9637485517915687,Forest surrogate,1.4013381290008378
975118,brits_joint_loss,0.766031476310133,0.4662973349764991,0.656,0.4506060606060606,0.4051448731838764,0.7453962811202997,125.0,1.0493106842041016,1.701169937067771,BRITS-MI-image,1.3042890542620418
975119,complete_fusion,0.9022262561328672,0.788244432397002,0.792,0.8410636982065554,0.7742311666868725,0.6417514514525003,125.0,0.0,0.0,Full data,0.0
975119,image_only,0.6672928890427734,0.4369300211654683,0.56,0.4586270871985158,0.395389697097477,0.8703139263780227,125.0,,,Image only,
975119,mean_impute_fusion,0.803043682315527,0.5977897847127194,0.696,0.6267161410018552,0.5327645256263894,0.7671358274086548,125.0,0.9081846475601196,6.576950070946151,Mean imputation,2.564556505703501
975119,missforest_fusion,0.8591986160617692,0.6617932688312551,0.72,0.7001855287569573,0.5888888888888889,0.7044215088231025,125.0,0.977325439453125,3.1934542305685336,Forest surrogate,1.7870238472299504
975119,brits_joint_loss,0.8668799924925675,0.6601028856372316,0.728,0.6638218923933209,0.6004639712148471,0.7170650790664153,125.0,0.9677488207817078,2.955308586867332,BRITS-MI-image,1.7191010985009962
975120,complete_fusion,0.8608485095205497,0.5717606874059769,0.72,0.5306674997396646,0.4923909559685657,0.6400604820751139,125.0,0.0,0.0,Full data,0.0
975120,image_only,0.6207481500348022,0.4017157053336509,0.568,0.354680828907633,0.3422111249826605,0.8567940714593939,125.0,,,Image only,
975120,mean_impute_fusion,0.7911546310531868,0.5453580257657765,0.712,0.5506612516921795,0.5206927575348628,0.7381835735185716,125.0,0.8774170875549316,5.981727675442171,Mean imputation,2.445757076130451
975120,missforest_fusion,0.8484058898063855,0.5989470334933891,0.752,0.5444132042070186,0.5141821542160675,0.6786987889101607,125.0,1.0225144624710083,2.94916402293417,Forest surrogate,1.7173130241555177
975120,brits_joint_loss,0.8424944686020831,0.551779672304629,0.736,0.5088514006039779,0.4861138861138861,0.6863667103473785,125.0,1.0385127067565918,2.5621610498562077,BRITS-MI-image,1.6006751856189336
975121,complete_fusion,0.8503473684210526,0.5377374092770058,0.704,0.5529824561403509,0.4990852800450323,0.6588693794627631,125.0,0.0,0.0,Full data,0.0
975121,image_only,0.6589333333333333,0.4238709734243791,0.528,0.3929824561403509,0.3581010491686672,0.8706587176538783,125.0,,,Image only,
975121,mean_impute_fusion,0.6985602339181288,0.491232138916146,0.64,0.5150877192982456,0.4760817676946709,0.7946675646901611,125.0,0.8708069920539856,6.469444893772684,Mean imputation,2.5435103486663238
975121,missforest_fusion,0.7793590643274855,0.5612865550782185,0.632,0.4680701754385965,0.4456818374438511,0.7539169753280689,125.0,0.9333422780036926,2.8522256494672344,Forest surrogate,1.688853353452346
975121,brits_joint_loss,0.7797216374269006,0.5668381524539856,0.624,0.4842105263157895,0.4434404283801874,0.7580107202683029,125.0,0.9739886522293092,2.3412811644132994,BRITS-MI-image,1.5301245584635583
975122,complete_fusion,0.8542430749501283,0.6410965525658527,0.76,0.6473611111111112,0.6251396310720648,0.6156425192372976,125.0,0.0,0.0,Full data,0.0
975122,image_only,0.5038861657325607,0.3901522655668785,0.592,0.3654166666666666,0.3624656164041011,0.9139982686261074,125.0,,,Image only,
975122,mean_impute_fusion,0.7843219467401285,0.4653721271365403,0.672,0.5894444444444445,0.5006029285099052,0.7378167709613632,125.0,0.9205871820449828,7.28795202057068,Mean imputation,2.699620717910329
975122,missforest_fusion,0.8018347487413319,0.490697870390046,0.632,0.4922222222222221,0.4460297136353474,0.6964434113822514,125.0,0.98643159866333,3.5033169703881213,Forest surrogate,1.8717149810770124
975122,brits_joint_loss,0.7993605949779932,0.5061605208923374,0.648,0.6490277777777779,0.5215686274509804,0.6863192983894616,125.0,0.9734485745429992,3.1508374047194376,BRITS-MI-image,1.7750598313069443
975123,complete_fusion,0.8546025213489328,0.6958985170740003,0.728,0.5667341430499325,0.579047619047619,0.6516604992354857,125.0,0.0,0.0,Full data,0.0
975123,image_only,0.6000095173300916,0.4516243493908072,0.544,0.4394736842105263,0.3851640460336112,0.912111792026602,125.0,,,Image only,
975123,mean_impute_fusion,0.755952495139098,0.500153191361479,0.624,0.4133603238866397,0.3845909955611921,0.7537804437652103,125.0,0.8679365515708923,5.295676538209002,Mean imputation,2.301233699172903
975123,missforest_fusion,0.7955508340675804,0.516173822239991,0.688,0.5398785425101215,0.5314694651392561,0.7350808643968834,125.0,1.014569878578186,2.31318458673549,Forest surrogate,1.52091570665027
975123,brits_joint_loss,0.7976591953146978,0.4958652032076672,0.68,0.4565452091767881,0.421917808219178,0.7306673514220887,125.0,1.067051649093628,2.0895327405387976,BRITS-MI-image,1.4455216153827648
975124,complete_fusion,0.908211515117029,0.6879880815083154,0.8,0.725,0.6439096850861556,0.5762555853669905,125.0,0.0,0.0,Full data,0.0
975124,image_only,0.621463667918516,0.3907415177000432,0.528,0.4493055555555555,0.3739001808193019,0.930030141257814,125.0,,,Image only,
975124,mean_impute_fusion,0.8137407059671485,0.5040434359479565,0.72,0.5215277777777778,0.4906913466160746,0.725038270120928,125.0,0.9019054174423218,5.004229051349702,Mean imputation,2.237013422255151
975124,missforest_fusion,0.8673122226015705,0.5659665404512978,0.704,0.6729166666666666,0.5308715095496627,0.6755036626606803,125.0,0.9604635834693908,2.3747797254903213,Forest surrogate,1.541032032597091
975124,brits_joint_loss,0.8737000682826904,0.5814475142994641,0.736,0.7388888888888889,0.6085278555866791,0.6748875803622457,125.0,0.9824231863021852,2.0916974139244693,BRITS-MI-image,1.4462701732126226
975125,complete_fusion,0.8886423303276733,0.6965588184312556,0.72,0.5980331262939959,0.5397306397306397,0.6061746470974859,125.0,0.0,0.0,Full data,0.0
975125,image_only,0.7418343452453717,0.4836294561192036,0.616,0.6006211180124224,0.4831472461596103,0.8635197796351576,125.0,,,Image only,
975125,mean_impute_fusion,0.8130833564562834,0.5602467325666205,0.688,0.6166666666666667,0.53809438376952,0.7699265594721093,125.0,0.8477413058280945,5.460955761317718,Mean imputation,2.3368687942025583
975125,missforest_fusion,0.8292658059108081,0.6404858388228785,0.68,0.59648033126294,0.5272598870056497,0.7313143443744926,125.0,0.8374332189559937,2.7136512936325725,Forest surrogate,1.6473163914781437
975125,brits_joint_loss,0.8371965476627063,0.6283302688603286,0.688,0.5536231884057972,0.5181469542018675,0.7101596913133872,125.0,0.8460055589675903,2.346891664915633,BRITS-MI-image,1.5319568090894837
975126,complete_fusion,0.8682849748544168,0.6831264943957528,0.776,0.6589607414349682,0.6382002469348494,0.5982724051905662,125.0,0.0,0.0,Full data,0.0
975126,image_only,0.6281626556167761,0.4246121974422379,0.544,0.5007289388732687,0.3831153490969224,0.9288499006935892,125.0,,,Image only,
975126,mean_impute_fusion,0.6806932622519594,0.4761816864029378,0.6,0.5078100593564511,0.4482758620689655,0.8386929311426089,125.0,0.8391340970993042,3.485070084045112,Mean imputation,1.866834241180805
975126,missforest_fusion,0.7347624129860496,0.5118485331170417,0.664,0.5353014682911591,0.4849426563078061,0.7787535808838879,125.0,0.9257986545562744,1.7884900316864472,Forest surrogate,1.3373443953172448
975126,brits_joint_loss,0.7463761651677835,0.5190561955647031,0.64,0.5132771009059668,0.464667828316209,0.7650770785909689,125.0,0.9185540676116944,1.6154469375891205,BRITS-MI-image,1.2710023357921576
975127,complete_fusion,0.9049137468069508,0.7038759121642452,0.752,0.6460111317254175,0.5840097402597403,0.6184474958093382,125.0,0.0,0.0,Full data,0.0
975127,image_only,0.5268386615866968,0.3919864784522336,0.536,0.3336425479282622,0.3386797832905617,0.9424937298414638,125.0,,,Image only,
975127,mean_impute_fusion,0.7782611009818593,0.5378839622234888,0.632,0.5642547928262214,0.472041847041847,0.7682241250935894,125.0,0.8711360692977905,5.4659459300031115,Mean imputation,2.3379362544781053
975127,missforest_fusion,0.7935927088955291,0.5332545470853124,0.68,0.6434137291280148,0.5442738791423002,0.7506115091087077,125.0,1.0162992477416992,3.0435263090796036,Forest surrogate,1.7445705228163186
975127,brits_joint_loss,0.8002608399117878,0.5442575350757543,0.688,0.6233147804576377,0.5269373299559058,0.7282627658438521,125.0,1.004159450531006,2.872204467011957,BRITS-MI-image,1.6947579375863555
975128,complete_fusion,0.8373863920439684,0.5403530244281683,0.752,0.5623219373219374,0.5309262166405023,0.5806677848732024,125.0,0.0,0.0,Full data,0.0
975128,image_only,0.5166064599763084,0.3751599915291015,0.568,0.3041310541310541,0.3010432190760059,0.8632614109030609,125.0,,,Image only,
975128,mean_impute_fusion,0.6874601425505363,0.4344320930653411,0.728,0.3835470085470085,0.3763565891472868,0.678702786994888,125.0,0.8684859871864319,4.481419049904553,Mean imputation,2.116936241341376
975128,missforest_fusion,0.7405168499852121,0.4327212944655069,0.736,0.448005698005698,0.4110608345902464,0.6502449253107533,125.0,1.1556510925292969,2.136275306540094,Forest surrogate,1.46160025538452
975128,brits_joint_loss,0.7390644518536353,0.4139807405744313,0.672,0.4070512820512821,0.3731003039513678,0.6510030938136091,125.0,1.1732069253921509,1.815012371345295,BRITS-MI-image,1.3472239499598035
975129,complete_fusion,0.854128260991006,0.5470007628950592,0.736,0.5793650793650794,0.5316498316498316,0.630175065624215,125.0,0.0,0.0,Full data,0.0
975129,image_only,0.5747022455705929,0.3945810523223929,0.592,0.4160997732426303,0.3867247493786825,0.9283409116507354,125.0,,,Image only,
975129,mean_impute_fusion,0.709682590985112,0.4258509557896751,0.616,0.4387755102040816,0.4035087719298245,0.79120860283519,125.0,0.9194707274436952,5.245660921793736,Mean imputation,2.2903407872615236
975129,missforest_fusion,0.7391014810482597,0.4834448496525307,0.576,0.3843537414965985,0.3616793922791474,0.7615271933894213,125.0,1.0543028116226196,2.498498448720098,Forest surrogate,1.580663926557476
975129,brits_joint_loss,0.7434101845866551,0.5162179408552358,0.6,0.419501133786848,0.3895143265083387,0.742809364145776,125.0,1.0961246490478516,2.116266778907128,BRITS-MI-image,1.4547394195893395
975130,complete_fusion,0.8849674238023751,0.7908110324972201,0.728,0.755892255892256,0.6315628815628815,0.5862210595641123,125.0,0.0,0.0,Full data,0.0
975130,image_only,0.6923152360045565,0.4297606233985527,0.544,0.5185185185185185,0.4008472524812394,0.8919613728522473,125.0,,,Image only,
975130,mean_impute_fusion,0.7403899588365608,0.4532637706795694,0.624,0.5614478114478114,0.4341787439613527,0.7518372328076033,125.0,0.9200480580329896,6.535466839553151,Mean imputation,2.556455913868485
975130,missforest_fusion,0.7800105977511097,0.5723253607116082,0.656,0.5185185185185185,0.4811427475793308,0.718610500296583,125.0,0.9422283172607422,3.3132527131767944,Forest surrogate,1.820234246787153
975130,brits_joint_loss,0.8186725013732957,0.635987269740238,0.688,0.4638047138047138,0.4548128342245989,0.6841621057664942,125.0,0.9463117122650146,2.4484720938326565,BRITS-MI-image,1.5647594364095256
975131,complete_fusion,0.8746122008674019,0.5692685493629657,0.744,0.6588744588744588,0.5737696300676786,0.6165814554775553,125.0,0.0,0.0,Full data,0.0
975131,image_only,0.7012129362221827,0.4260686347785225,0.64,0.4528756957328386,0.4189207934526286,0.8673437528189858,125.0,,,Image only,
975131,mean_impute_fusion,0.8093000686921168,0.5077416839779297,0.672,0.6047619047619048,0.4925085091793645,0.7755491493889413,125.0,0.8208164572715759,3.5531833273373916,Mean imputation,1.8849889462109297
975131,missforest_fusion,0.803468928547523,0.4939346814935404,0.672,0.5414965986394558,0.4725415070242656,0.7411351395477901,125.0,0.9743502140045166,1.7938333577389336,Forest surrogate,1.3393406429056551
975131,brits_joint_loss,0.8130463274846077,0.488364560528541,0.656,0.5581941867656154,0.4776377217553688,0.7370981153562138,125.0,0.9429469704627992,1.4128840887328218,BRITS-MI-image,1.18864800876156
975132,complete_fusion,0.8861677780944239,0.6239089982270424,0.736,0.5373611111111112,0.502907822041291,0.6283744490159708,125.0,0.0,0.0,Full data,0.0
975132,image_only,0.6203934042620562,0.4315200862305419,0.672,0.5795833333333333,0.4846094040496231,0.869894698048256,125.0,,,Image only,
975132,mean_impute_fusion,0.6987900826446282,0.445117130289335,0.696,0.4302777777777778,0.4246066362960809,0.7582994168583163,125.0,0.8521279096603394,5.9436249309103415,Mean imputation,2.4379550715528664
975132,missforest_fusion,0.7299624932712706,0.4488333590816429,0.68,0.4331944444444445,0.4179575967438187,0.7525035157600326,125.0,0.8319104313850403,3.3214934056115504,Forest surrogate,1.8224964761588842
975132,brits_joint_loss,0.7478081029733067,0.4590760129260563,0.672,0.4395833333333334,0.4191071428571429,0.7463565252379613,125.0,0.8704536557197571,2.9156906034532093,BRITS-MI-image,1.7075393416999824
975133,complete_fusion,0.8581968253968254,0.5066379746578706,0.744,0.5566666666666666,0.5157932239999109,0.5976254772790369,125.0,0.0,0.0,Full data,0.0
975133,image_only,0.675784126984127,0.4393100191744576,0.64,0.5633333333333334,0.4789529371931606,0.8830871985472127,125.0,,,Image only,
975133,mean_impute_fusion,0.7313555555555555,0.4676153171539516,0.72,0.4466666666666667,0.4159443131074337,0.71855296962973,125.0,0.8668429851531982,4.390874000625458,Mean imputation,2.0954412424655238
975133,missforest_fusion,0.7740158730158729,0.4489537514813264,0.72,0.4466666666666667,0.4149732620320856,0.6879169555930512,125.0,0.953640639781952,1.726578981663481,Forest surrogate,1.3139935242091114
975133,brits_joint_loss,0.761336507936508,0.4319965075460302,0.688,0.3933333333333333,0.3811709080795438,0.6864076370880683,125.0,0.9484620690345764,1.455016105231636,BRITS-MI-image,1.2062404839963032
975134,complete_fusion,0.8611582489518302,0.6230499950935279,0.704,0.5583333333333333,0.5079772079772079,0.6311850664917288,125.0,0.0,0.0,Full data,0.0
975134,image_only,0.671121915154806,0.4266668115045665,0.512,0.4637426900584795,0.3742081447963801,0.9207046270813471,125.0,,,Image only,
975134,mean_impute_fusion,0.7512217935636997,0.4581667368826042,0.656,0.5059941520467836,0.4612175911841261,0.8036241685698541,125.0,0.8417191505432129,3.531328552149906,Mean imputation,1.8791829480255258
975134,missforest_fusion,0.7736251714512451,0.5071878470581864,0.632,0.537280701754386,0.4547401750791581,0.7637245281821223,125.0,0.9570846557617188,1.890029316019388,Forest surrogate,1.3747833705785752
975134,brits_joint_loss,0.777877889735015,0.4988294280303377,0.648,0.55453216374269,0.4882268351689252,0.758326116582369,125.0,1.0055040121078491,1.6744323428051526,BRITS-MI-image,1.2939985868636614
975135,complete_fusion,0.8365838067604581,0.6184374610074376,0.784,0.5632815611310235,0.5652625152625153,0.6152416794669021,125.0,0.0,0.0,Full data,0.0
975135,image_only,0.4496733657620755,0.3591210348495537,0.52,0.3030665073675826,0.3085176527003536,0.9516754156225082,125.0,,,Image only,
975135,mean_impute_fusion,0.8000212331049505,0.4974164847033602,0.672,0.4237355635205097,0.4087412587412587,0.7719852431765638,125.0,0.9152226448059082,8.58607712552355,Mean imputation,2.9302008677774207
975135,missforest_fusion,0.8078774514584807,0.561688722014279,0.704,0.5186778176025487,0.5053087055145727,0.7130174191440247,125.0,1.053356409072876,4.569592146509292,Forest surrogate,2.137660437606799
975135,brits_joint_loss,0.8158681901673454,0.5422547910833765,0.664,0.465710872162485,0.4564102564102564,0.7027050889083695,125.0,1.0931299924850464,4.121472349344336,BRITS-MI-image,2.030140967850345
975136,complete_fusion,0.9053989797956776,0.8667644846971324,0.768,0.8147510403214234,0.5924598730869728,0.5590125068994288,125.0,0.0,0.0,Full data,0.0
975136,image_only,0.6857997748046399,0.4508828912078481,0.584,0.6604964844310518,0.4063670411985018,0.7841785506486606,125.0,,,Image only,
975136,mean_impute_fusion,0.7955003744331202,0.623854536146605,0.712,0.4168460324293299,0.3986880905097189,0.6525057452722864,125.0,0.8466076850891113,4.8417169002156815,Mean imputation,2.200390169996149
975136,missforest_fusion,0.8300442576226933,0.7656345206305769,0.72,0.7613717893528484,0.7405314919439213,0.6271691123321703,125.0,0.9344999194145204,2.8242693740585305,Forest surrogate,1.680556269233057
975136,brits_joint_loss,0.8269713284338911,0.6149511737893619,0.696,0.4102453723633233,0.3923713867216691,0.6215610138115907,125.0,0.9696789383888244,2.596212435620601,BRITS-MI-image,1.6112766477612095
975137,complete_fusion,0.8320503154474447,0.5241057308801594,0.728,0.4775978407557355,0.4546620046620047,0.61897058326904,125.0,0.0,0.0,Full data,0.0
975137,image_only,0.5946677051461741,0.4550926571892184,0.576,0.4255735492577597,0.3829713171818434,0.855583783459112,125.0,,,Image only,
975137,mean_impute_fusion,0.736740413582519,0.489689614747437,0.704,0.4205128205128205,0.4157131960335622,0.7353815457671402,125.0,0.9191558361053468,7.118753879322384,Mean imputation,2.6680993008736356
975137,missforest_fusion,0.774667271413683,0.4742785435865109,0.672,0.4769905533063427,0.4452380952380952,0.7113337462092375,125.0,0.9283888339996338,3.5238622173373724,Forest surrogate,1.877195306124904
975137,brits_joint_loss,0.7859286646367986,0.496480451681041,0.712,0.4519568151147098,0.4384438806330796,0.699496121857806,125.0,0.9394983649253844,3.1257248562648225,BRITS-MI-image,1.7679719613910234
975138,complete_fusion,0.8534651171899101,0.647975143246216,0.696,0.7605498281786942,0.5806992337164751,0.6694928217664573,125.0,0.0,0.0,Full data,0.0
975138,image_only,0.5951975663342911,0.3968121767743125,0.56,0.2900343642611684,0.3038140561418028,0.8601124282176373,125.0,,,Image only,
975138,mean_impute_fusion,0.7544075016565129,0.483433511060157,0.656,0.5280183276059565,0.4763565891472868,0.7678790328809075,125.0,0.8617346882820129,3.923477787509459,Mean imputation,1.9807770665850963
975138,missforest_fusion,0.7583427434001035,0.4411597639613716,0.688,0.4538831615120275,0.4313656799205932,0.7516169647140336,125.0,1.001584768295288,1.8886208531415511,Forest surrogate,1.374271026086758
975138,brits_joint_loss,0.770272938613787,0.4784173714810094,0.672,0.5348911798396334,0.4650412529025245,0.7527890640500885,125.0,0.9992927312850952,1.5981236467848827,BRITS-MI-image,1.2641691527580012
975139,complete_fusion,0.8505145385228178,0.6967422460435354,0.752,0.6201388888888889,0.5392340139967405,0.6368661952098471,125.0,0.0,0.0,Full data,0.0
975139,image_only,0.6040037365805546,0.4822311192033983,0.52,0.45625,0.3764645128786448,0.9159775887767562,125.0,,,Image only,
975139,mean_impute_fusion,0.7693549656689807,0.5759869841013598,0.712,0.6027777777777777,0.536716458631744,0.71068359067817,125.0,0.8177601099014282,5.644647699992543,Mean imputation,2.375846733270592
975139,missforest_fusion,0.7989098478813399,0.5954184685816188,0.736,0.6027777777777777,0.5180402930402931,0.6702141616694202,125.0,0.9243265390396118,3.108529312339537,Forest surrogate,1.7631021843159111
975139,brits_joint_loss,0.8155999393042753,0.5986224198522788,0.704,0.5784722222222222,0.4992958509370599,0.6523190585425092,125.0,0.9984102845191956,2.992483210358275,BRITS-MI-image,1.7298795363719044
975140,complete_fusion,0.8750703691058761,0.7555333862152033,0.768,0.7423611111111111,0.6971009530331563,0.5883301807499663,125.0,0.0,0.0,Full data,0.0
975140,image_only,0.6955405712985092,0.437193428333712,0.648,0.5541666666666667,0.4647363872082974,0.8454003776949792,125.0,,,Image only,
975140,mean_impute_fusion,0.8007310041348962,0.5301330610399337,0.704,0.5256944444444445,0.4961968244700692,0.6878320886026026,125.0,0.9150054454803468,7.441201665452143,Mean imputation,2.7278566064681886
975140,missforest_fusion,0.8322090398695042,0.5879238798766743,0.728,0.6409722222222222,0.5742335354214213,0.6527332047238442,125.0,0.8755066394805908,4.332688632188161,Forest surrogate,2.0815111414998864
975140,brits_joint_loss,0.8428896381017412,0.6048502234524907,0.752,0.6618055555555555,0.6027740290898186,0.6463313762109525,125.0,0.8610451221466064,3.4993128942012497,BRITS-MI-image,1.8706450476242813
975141,complete_fusion,0.8797272971551378,0.6765878993673363,0.744,0.6842458400429413,0.6228402665908589,0.6822529372938536,125.0,0.0,0.0,Full data,0.0
975141,image_only,0.5664579548698413,0.4536561489073473,0.456,0.3884863123993559,0.3015376750039327,0.9502779014900766,125.0,,,Image only,
975141,mean_impute_fusion,0.7614058798750066,0.4721744996210795,0.648,0.5107353730542136,0.4713955026455026,0.841416251982914,125.0,0.8621562123298645,4.638483124021869,Mean imputation,2.1537137980757493
975141,missforest_fusion,0.7691791985422481,0.5315963588169691,0.624,0.525630703166935,0.4653011437442576,0.8105264533107499,125.0,0.9938571453094482,2.715210794187267,Forest surrogate,1.6477896692804173
975141,brits_joint_loss,0.7788794920691157,0.505928333506657,0.64,0.5071121846484165,0.4645529486366519,0.8169347022509141,125.0,0.9805386066436768,2.4286881523117883,BRITS-MI-image,1.5584248946650552
975142,complete_fusion,0.8689411446634533,0.6117961193776058,0.808,0.7879575676079487,0.7021684576933196,0.6354392420273239,125.0,0.0,0.0,Full data,0.0
975142,image_only,0.5965002274628662,0.4058416763427074,0.584,0.3693709846107874,0.3494012226281729,0.8985192007285607,125.0,,,Image only,
975142,mean_impute_fusion,0.7459061350522579,0.4690957907444384,0.632,0.4974450918870461,0.465592294155784,0.7779840497200089,125.0,0.9087323546409608,5.301230812052401,Mean imputation,2.30244018642231
975142,missforest_fusion,0.8036261682321216,0.6344656931191849,0.664,0.5965336919169282,0.5463098729227761,0.7155946809465807,125.0,0.8880012035369873,2.290687821492204,Forest surrogate,1.5135018405975607
975142,brits_joint_loss,0.7949501988155191,0.580186894771114,0.664,0.5664724338861497,0.5441566115781247,0.7295338371548707,125.0,0.8514235615730286,2.1021057523836224,BRITS-MI-image,1.4498640461724757
975143,complete_fusion,0.8706916632777181,0.5798469605638591,0.728,0.6877104377104377,0.5662620237745201,0.6734934639614691,125.0,0.0,0.0,Full data,0.0
975143,image_only,0.5948507296697941,0.378738739230204,0.56,0.3299663299663299,0.3291989664082687,0.9137056231438448,125.0,,,Image only,
975143,mean_impute_fusion,0.798757084502892,0.5012640671837394,0.656,0.5420875420875421,0.4701766208145945,0.7777943686615424,125.0,0.8141375184059143,5.084451354456808,Mean imputation,2.2548728022788356
975143,missforest_fusion,0.7926288594867588,0.4755471219558695,0.656,0.5185185185185185,0.4401234567901235,0.7279536151259054,125.0,0.9256395697593688,2.5591443877130873,Forest surrogate,1.5997325988155293
975143,brits_joint_loss,0.8011624379673806,0.5159170869416406,0.672,0.6170033670033671,0.4938505163365498,0.7305698506679636,125.0,0.91644549369812,2.099672118202179,BRITS-MI-image,1.4490245402346293
975144,complete_fusion,0.8826952851666002,0.5438629700112315,0.76,0.5765993265993266,0.5393772893772893,0.6064186920377019,125.0,0.0,0.0,Full data,0.0
975144,image_only,0.6158410090448926,0.413852838717778,0.608,0.4301346801346801,0.3877492877492878,0.8765314811979352,125.0,,,Image only,
975144,mean_impute_fusion,0.7565547296350473,0.4531755856141852,0.672,0.5252525252525252,0.4449887495981999,0.7309320327779173,125.0,0.8520553112030029,5.766306677525361,Mean imputation,2.4013135316999654
975144,missforest_fusion,0.7784255070221531,0.430559693740684,0.672,0.3653198653198653,0.370488775220233,0.7023514398420158,125.0,0.9009118676185608,2.494213276200097,Forest surrogate,1.5793078471913247
975144,brits_joint_loss,0.7647148379716783,0.4236165009779656,0.704,0.4023569023569024,0.3985387372484146,0.6863590457124877,125.0,0.951429009437561,2.197139698765094,BRITS-MI-image,1.482275176465252
975145,complete_fusion,0.920590679460736,0.7814145492312276,0.808,0.7238095238095238,0.6780113399324913,0.5635112621158463,125.0,0.0,0.0,Full data,0.0
975145,image_only,0.6555025173911372,0.4204871650321222,0.568,0.4360544217687074,0.3878787878787879,0.930118857828902,125.0,,,Image only,
975145,mean_impute_fusion,0.8493924952278463,0.6310205606554877,0.76,0.6857142857142856,0.6164806497811207,0.7430797291757067,125.0,0.9431503415107728,8.32208016318209,Mean imputation,2.884801581249929
975145,missforest_fusion,0.8334479077255509,0.599578488995511,0.728,0.5438775510204081,0.5079365079365079,0.6973891181566769,125.0,1.1023805141448977,5.161731337267959,Forest surrogate,2.271944395725379
975145,brits_joint_loss,0.8393583321589778,0.5871467494497097,0.712,0.5989795918367347,0.5287980308551603,0.6869325463382565,125.0,1.0713714361190796,4.550744403746001,BRITS-MI-image,2.133247384563263
975146,complete_fusion,0.8631553817709534,0.5170071955929875,0.752,0.4945103205972771,0.456196016217169,0.6031463725083946,125.0,0.0,0.0,Full data,0.0
975146,image_only,0.6037079887023286,0.3876582063494341,0.656,0.4096032791684965,0.4061621804638564,0.8702811501305493,125.0,,,Image only,
975146,mean_impute_fusion,0.7442356533799241,0.4696666364635151,0.728,0.484409310496267,0.4470899470899471,0.7297466027606125,125.0,0.8590922951698303,3.8584167603864854,Mean imputation,1.9642853052411926
975146,missforest_fusion,0.8079348021279178,0.5097095376865463,0.736,0.4989020641194554,0.4479602656398236,0.6628640071641045,125.0,0.9756421446800232,2.006561531837451,Forest surrogate,1.4165315145938162
975146,brits_joint_loss,0.7538161870894252,0.4801306516917383,0.696,0.4931927975406237,0.4357963875205254,0.6797438198509306,125.0,0.9367907643318176,1.7136411515616612,BRITS-MI-image,1.3090611718180558
975147,complete_fusion,0.8479929824561404,0.6217788031425321,0.76,0.6168421052631579,0.5772784019975031,0.6318683055819653,125.0,0.0,0.0,Full data,0.0
975147,image_only,0.6315730994152046,0.4437784616100457,0.616,0.407719298245614,0.3950867495777675,0.8856771761136477,125.0,,,Image only,
975147,mean_impute_fusion,0.7644970760233919,0.4992820528613305,0.688,0.5122807017543859,0.4754842853295212,0.7768526266003566,125.0,0.8880701661109924,6.372192361106797,Mean imputation,2.524320178009675
975147,missforest_fusion,0.74986783625731,0.4768214325811408,0.648,0.3922807017543859,0.3886090662533901,0.7376106038467378,125.0,1.0760983228683472,3.4607574856878736,Forest surrogate,1.8603111260452843
975147,brits_joint_loss,0.7577742690058479,0.4532199960323897,0.656,0.4252631578947368,0.4093992248062015,0.7351752616296703,125.0,1.0952293872833252,2.938375639129856,BRITS-MI-image,1.7141690812547798
975148,complete_fusion,0.8677815147293281,0.545041918271615,0.744,0.5353665521191294,0.5065094430064231,0.6282718085181023,125.0,0.0,0.0,Full data,0.0
975148,image_only,0.6447294950408148,0.4764241390305455,0.592,0.4491695303550973,0.3979963570127505,0.8718458105094138,125.0,,,Image only,
975148,mean_impute_fusion,0.7904840474005895,0.5132761370841913,0.664,0.4211053837342497,0.3984848484848484,0.7333649048462177,125.0,0.8301398754119873,4.446152925145975,Mean imputation,2.108590269622331
975148,missforest_fusion,0.8140163494191164,0.5061226263274242,0.688,0.4904066437571592,0.4596026948856059,0.694975990281245,125.0,1.0018717050552368,1.7897615489908183,Forest surrogate,1.3378196997319252
975148,brits_joint_loss,0.8103888545234227,0.5242656229970601,0.688,0.5598510882016037,0.4890100691205664,0.6958806014481085,125.0,1.009881854057312,1.5202636161728305,BRITS-MI-image,1.232989706434255
975149,complete_fusion,0.8878563089450746,0.6908059892382763,0.744,0.6823747680890538,0.6266514844521844,0.6468351997707011,125.0,0.0,0.0,Full data,0.0
975149,image_only,0.6443765906872704,0.4423151333745344,0.592,0.4324675324675325,0.3930033951032739,0.8828550959390198,125.0,,,Image only,
975149,mean_impute_fusion,0.8156731315977733,0.5004318549363739,0.712,0.4319727891156462,0.4159420289855073,0.7216497670319099,125.0,0.8652035593986511,5.920402237219445,Mean imputation,2.433187669954672
975149,missforest_fusion,0.815532935412732,0.4809676856244493,0.744,0.4808286951144094,0.4487155329439105,0.7023239193615259,125.0,0.992058515548706,2.5629777106882923,Forest surrogate,1.6009302641552792
975149,brits_joint_loss,0.8108544852349753,0.4838536873851096,0.768,0.5027829313543599,0.4689168573607933,0.6801585259590116,125.0,1.0116111040115356,2.2013673538296272,BRITS-MI-image,1.4837005607027407
975150,complete_fusion,0.8519601960196019,0.6556743788100007,0.784,0.683993399339934,0.6372549019607843,0.6063077212586416,125.0,0.0,0.0,Full data,0.0
975150,image_only,0.5836313111830663,0.4477038949386264,0.592,0.3777227722772278,0.3418253079507279,0.8669225009445546,125.0,,,Image only,
975150,mean_impute_fusion,0.7728285555828309,0.553838766732798,0.72,0.5372937293729373,0.477374299958812,0.7174955955766099,125.0,0.90102618932724,7.813703477112136,Mean imputation,2.7953002481150637
975150,missforest_fusion,0.783047512543462,0.5140337822280361,0.68,0.5876237623762376,0.5049594520370909,0.7020734738270119,125.0,0.9551090598106384,4.246935185812893,Forest surrogate,2.060809352126706
975150,brits_joint_loss,0.788271632358041,0.5025602611845179,0.728,0.594059405940594,0.5320729194321184,0.6801833520582219,125.0,1.0366686582565308,3.5773186185138517,BRITS-MI-image,1.8913800830382697
975151,complete_fusion,0.8524487890202357,0.5155711545227273,0.712,0.403030303030303,0.3939093015557762,0.540114682795701,125.0,0.0,0.0,Full data,0.0
975151,image_only,0.6217468988789696,0.3932565226948941,0.528,0.3027272727272727,0.3003744675985478,0.7944800209727764,125.0,,,Image only,
975151,mean_impute_fusion,0.6879127014213439,0.4136787691415587,0.656,0.3796969696969697,0.366511338925132,0.7028212860594255,125.0,0.9226441383361816,7.041962634011425,Mean imputation,2.6536696542733846
975151,missforest_fusion,0.7151422736034544,0.4464591534759572,0.68,0.4251515151515151,0.3964315254637835,0.6711107402253388,125.0,1.0517956018447876,3.42475530769209,Forest surrogate,1.8506094422357435
975151,brits_joint_loss,0.7356779592840711,0.4339650903661673,0.664,0.4066666666666667,0.3820158336287368,0.6779321390917531,125.0,1.0207759141921997,2.9560714999179725,BRITS-MI-image,1.7193229771971212
975152,complete_fusion,0.8772000643231063,0.65993296707615,0.792,0.6071637426900585,0.5933977455716586,0.5940021499036142,125.0,0.0,0.0,Full data,0.0
975152,image_only,0.5945425882703264,0.4095760117626978,0.608,0.3704678362573099,0.3846096929337773,0.932322412279188,125.0,,,Image only,
975152,mean_impute_fusion,0.7180572718926027,0.4570086864911325,0.624,0.4711988304093567,0.4368312686461688,0.7909540728817425,125.0,0.8710485100746155,4.7960772032834,Mean imputation,2.1899947952639978
975152,missforest_fusion,0.7918900532246944,0.5164878956633207,0.664,0.5095029239766081,0.4773067018403367,0.7479551363774507,125.0,0.9491122961044312,2.328329678567241,Forest surrogate,1.5258865221789073
975152,brits_joint_loss,0.7696340443420725,0.4760632125917984,0.648,0.4817251461988303,0.4516949152542373,0.7431719261836723,125.0,0.9595082998275756,2.042307316969123,BRITS-MI-image,1.4290931799463333
975153,complete_fusion,0.8680133612484493,0.5694268675819352,0.784,0.5933041757784027,0.5769459298871064,0.6121838210557731,125.0,0.0,0.0,Full data,0.0
975153,image_only,0.6540399049068616,0.4315050954573007,0.592,0.4469957305008851,0.4043152080462613,0.8981507615849277,125.0,,,Image only,
975153,mean_impute_fusion,0.7502960414139298,0.4870021487194874,0.712,0.4815682599187753,0.4482109227871939,0.777469602210065,125.0,0.916425347328186,5.696756322805693,Mean imputation,2.3867878671565457
975153,missforest_fusion,0.8085193234474647,0.4917795276626469,0.72,0.4732895970009372,0.441246094119875,0.7050519856128484,125.0,0.9769840836524964,2.303560429861076,Forest surrogate,1.517748473845741
975153,brits_joint_loss,0.8191310066335825,0.4916621266083386,0.72,0.5136936374049776,0.4864623243933588,0.698238896984859,125.0,0.9971203207969666,2.0160081838463593,BRITS-MI-image,1.4198620298628875
975154,complete_fusion,0.8618279708185123,0.6251452005299442,0.752,0.700030193236715,0.6196184339366373,0.6350916340539553,125.0,0.0,0.0,Full data,0.0
975154,image_only,0.5527695710968046,0.364139832403424,0.496,0.2703804347826087,0.2844712182061579,0.9229558774369632,125.0,,,Image only,
975154,mean_impute_fusion,0.7633241327515514,0.4579240347773401,0.68,0.487469806763285,0.4583220829315332,0.7542076722407112,125.0,0.8874571323394775,5.892342788568499,Mean imputation,2.4274148365222823
975154,missforest_fusion,0.7941356265144739,0.4814739245782016,0.704,0.5720108695652174,0.5127978950384126,0.7177344329360488,125.0,1.0435608625411987,3.367439960679354,Forest surrogate,1.835058571457422
975154,brits_joint_loss,0.8027614781544802,0.4870379225154475,0.68,0.5726147342995169,0.5066917293233083,0.7053311374552002,125.0,1.0514270067214966,2.844502740552966,BRITS-MI-image,1.6865653680047406
975155,complete_fusion,0.8841037839223741,0.5526595887554469,0.8,0.5213344788087056,0.4928933382770979,0.5824679117438964,125.0,0.0,0.0,Full data,0.0
975155,image_only,0.5969534495289133,0.4099057326079086,0.56,0.3450744558991982,0.3435279579857893,0.8411705254690212,125.0,,,Image only,
975155,mean_impute_fusion,0.7769596480333534,0.4726568816958625,0.736,0.4938430698739977,0.4576719576719577,0.7171201144186954,125.0,0.8784827589988708,4.5024254190477295,Mean imputation,2.12189194330148
975155,missforest_fusion,0.7575410121678923,0.43737233820873,0.696,0.4766609392898053,0.4340007260339002,0.7208986854838281,125.0,1.0372146368026731,2.10387003420671,Forest surrogate,1.4504723486529172
975155,brits_joint_loss,0.7910581625842328,0.4535732725830765,0.744,0.5181844215349369,0.4693577566711895,0.6899173637021073,125.0,1.0526673793792725,2.010279518140463,BRITS-MI-image,1.417843262896313
975156,complete_fusion,0.8611293530405666,0.5398798574352052,0.736,0.5558574879227053,0.5213745975425454,0.6380757152895992,125.0,0.0,0.0,Full data,0.0
975156,image_only,0.6301099712748668,0.4112139607598535,0.496,0.4076086956521738,0.3504179605557002,0.9425560908282916,125.0,,,Image only,
975156,mean_impute_fusion,0.7964041876120764,0.5317387729618329,0.688,0.6391908212560385,0.5599455967358041,0.7419512662014979,125.0,0.9073655605316162,4.518331815881622,Mean imputation,2.125636802438653
975156,missforest_fusion,0.8129731527793527,0.5523606166358949,0.688,0.5320048309178743,0.487538605185664,0.6910960475839172,125.0,0.8983744382858276,1.9664930297315764,Forest surrogate,1.4023170218362095
975156,brits_joint_loss,0.8194058170494585,0.5649218122170857,0.704,0.5720108695652174,0.5255417301506687,0.6894804329953981,125.0,0.9247961044311525,1.7693653969648822,BRITS-MI-image,1.3301749497584452
975157,complete_fusion,0.9078001222900636,0.6564151261730655,0.784,0.7966532197818615,0.668040293040293,0.6260863736060858,125.0,0.0,0.0,Full data,0.0
975157,image_only,0.6390447898866705,0.3997846249443493,0.576,0.3991035410129986,0.3723791123717132,0.8654158475774381,125.0,,,Image only,
975157,mean_impute_fusion,0.7920075010431485,0.5000784773920569,0.672,0.5588525324966382,0.4975772765246449,0.7856588336389143,125.0,0.8849241733551025,4.581262137133012,Mean imputation,2.140388314566544
975157,missforest_fusion,0.7951142441139014,0.4600377130435928,0.688,0.5135514716868369,0.4677863910422049,0.7736606786425845,125.0,0.9836292862892152,2.0419261257617367,Forest surrogate,1.428959805509496
975157,brits_joint_loss,0.7925249047773898,0.4610568054994465,0.648,0.4410877035708949,0.4137785057525835,0.7751538917755822,125.0,0.974031388759613,2.0184892577161624,BRITS-MI-image,1.4207354636652674
975158,complete_fusion,0.8376612575540227,0.5370560100767928,0.68,0.58451536643026,0.5170424047235641,0.6963252593536977,125.0,0.0,0.0,Full data,0.0
975158,image_only,0.6401375426415419,0.4257459056416223,0.616,0.5059945964201283,0.4404761904761904,0.8786746691004683,125.0,,,Image only,
975158,mean_impute_fusion,0.7043061118408387,0.5029485395121317,0.584,0.5168861870989531,0.4784940960978641,0.8118089022653633,125.0,0.8009164929389954,3.6036785496048886,Mean imputation,1.898335731530355
975158,missforest_fusion,0.744415101694373,0.589643143166806,0.576,0.5467747382641001,0.4847364496251815,0.809942245976511,125.0,0.9545142650604248,1.7004288700403614,Forest surrogate,1.3040049348220892
975158,brits_joint_loss,0.6920763824105509,0.4694340742725741,0.592,0.4379432624113475,0.3835125448028673,0.8108850391530054,125.0,0.996903955936432,1.4678718007767066,BRITS-MI-image,1.2115575928434879
975159,complete_fusion,0.8800536997781713,0.6971662565838749,0.76,0.6097748997841504,0.5808006820912297,0.6152245488792762,125.0,0.0,0.0,Full data,0.0
975159,image_only,0.7082455489615912,0.4534959785342487,0.632,0.4167823003391921,0.4065608705081421,0.8846236541206716,125.0,,,Image only,
975159,mean_impute_fusion,0.7540897070149537,0.5122170336292612,0.68,0.5361933395004626,0.5057847422094305,0.7881711272326895,125.0,0.847348153591156,5.6138309389721295,Mean imputation,2.3693524303007623
975159,missforest_fusion,0.7813956595008733,0.5194590175610923,0.688,0.4687789084181313,0.4548778113995506,0.7387847416895786,125.0,0.925279974937439,3.334119743803588,Forest surrogate,1.8259572130265231
975159,brits_joint_loss,0.7781618412023793,0.5365077680953912,0.688,0.4744449583718779,0.4579966329966329,0.7369706097284352,125.0,0.966156840324402,2.730923414864572,BRITS-MI-image,1.6525505786100987
975160,complete_fusion,0.8760494014856,0.5836491132005349,0.712,0.5370685579196217,0.5020766927460639,0.6477544184821644,125.0,0.0,0.0,Full data,0.0
975160,image_only,0.7353629497188946,0.5017619766325713,0.688,0.5980141843971631,0.5449233716475096,0.8840093929775702,125.0,,,Image only,
975160,mean_impute_fusion,0.8002762672490639,0.5902957623206335,0.688,0.5753664302600473,0.5249058633674019,0.7564175858729622,125.0,0.8530657291412354,4.163829769137809,Mean imputation,2.0405464388584273
975160,missforest_fusion,0.8338634357975631,0.5485964644105181,0.728,0.6224586288416075,0.5828150722516919,0.7030227060582908,125.0,1.0468337535858154,1.921406557718485,Forest surrogate,1.3861481009323948
975160,brits_joint_loss,0.8320758877424225,0.5216724497505335,0.728,0.6451063829787235,0.5748092876203735,0.6896977184742485,125.0,1.0552200078964231,1.6508691836404716,BRITS-MI-image,1.284861542595338
975161,complete_fusion,0.833434558753681,0.5996719691896332,0.752,0.4743055555555555,0.4517304189435336,0.6194637081728359,125.0,0.0,0.0,Full data,0.0
975161,image_only,0.637344712010386,0.4972791804413357,0.56,0.4215277777777778,0.3752229158973741,0.8973260281216616,125.0,,,Image only,
975161,mean_impute_fusion,0.7170395633450491,0.5907145227335273,0.68,0.5426388888888889,0.5282084409991387,0.7855995331806016,125.0,0.8832674622535706,5.109242773467928,Mean imputation,2.2603634162381785
975161,missforest_fusion,0.809746757544093,0.5883148415355016,0.664,0.5356944444444445,0.4769013788653993,0.7297285416383831,125.0,1.0063257217407229,2.6752423472522477,Forest surrogate,1.6356168094184675
975161,brits_joint_loss,0.7768702669326494,0.5631538630043774,0.68,0.5525,0.4945232822027178,0.7443445928539991,125.0,1.0118789672851562,2.439927953379481,BRITS-MI-image,1.5620268734498395
975162,complete_fusion,0.9294103731437294,0.6873949680049743,0.816,0.7392200806813088,0.7035998484274346,0.5738635646449886,125.0,0.0,0.0,Full data,0.0
975162,image_only,0.7042094462168552,0.5006453666090005,0.592,0.5244882713282534,0.4373286939535452,0.8807298291911952,125.0,,,Image only,
975162,mean_impute_fusion,0.7794454635283069,0.5742189711544402,0.712,0.6060959211116091,0.5464245899028507,0.7174568385399323,125.0,0.8711978793144226,4.620227219225799,Mean imputation,2.149471381346074
975162,missforest_fusion,0.8509789147991484,0.5369571740988186,0.744,0.545555057522785,0.503328023665946,0.67106987379605,125.0,1.124548077583313,2.4300467526735052,Forest surrogate,1.5588607226668794
975162,brits_joint_loss,0.8720876487454388,0.6160526939636127,0.76,0.7120573733751682,0.6031027795733678,0.6575062332537857,125.0,1.119011163711548,2.2754351271677873,BRITS-MI-image,1.5084545492548946
975163,complete_fusion,0.8969752628630113,0.5959577736544475,0.776,0.6118270332187857,0.5696395131086143,0.5906163208610529,125.0,0.0,0.0,Full data,0.0
975163,image_only,0.6707705430470748,0.490198943144063,0.536,0.4042096219931272,0.3567346394775423,0.8598631693868558,125.0,,,Image only,
975163,mean_impute_fusion,0.8078762153896472,0.5608215805583948,0.704,0.5599942726231386,0.5268923754472887,0.7117798085680975,125.0,0.9213804006576538,6.505002274078821,Mean imputation,2.550490594783447
975163,missforest_fusion,0.8376394390677518,0.5781031619736539,0.68,0.6295819014891181,0.553312776064672,0.6841209306431164,125.0,1.0504144430160522,2.9856865794827825,Forest surrogate,1.727913938679465
975163,brits_joint_loss,0.8110731460748163,0.4792843731690496,0.68,0.5705899198167238,0.5110441767068273,0.6914284053168193,125.0,1.0452370643615725,2.346264228926988,BRITS-MI-image,1.5317520128685935
975164,complete_fusion,0.8857573673917768,0.670001645985754,0.8,0.7173424971363116,0.6529411764705882,0.5690605326699442,125.0,0.0,0.0,Full data,0.0
975164,image_only,0.7200601248487678,0.4400694082817587,0.656,0.5379152348224513,0.466456472236819,0.790996723705493,125.0,,,Image only,
975164,mean_impute_fusion,0.789792245641426,0.500997972139753,0.728,0.4710652920962199,0.4455552632348212,0.677913516103866,125.0,0.97317636013031,6.815089708671449,Mean imputation,2.61057267829713
975164,missforest_fusion,0.7682202456736174,0.469089680295247,0.704,0.4310652920962199,0.4282898775483829,0.6690905846035649,125.0,0.9993000626564026,3.1741324917757066,Forest surrogate,1.781609522812366
975164,brits_joint_loss,0.8259830287227278,0.4983696358002045,0.752,0.4615807560137457,0.453405017921147,0.6231736857205419,125.0,1.0349386930465698,2.8886210200257887,BRITS-MI-image,1.6995943692616156
975165,complete_fusion,0.8185598576343808,0.5659428769169249,0.736,0.5370452528837623,0.508729553351979,0.6234161804329373,125.0,0.0,0.0,Full data,0.0
975165,image_only,0.5527545389537617,0.4158164949998844,0.6,0.4015823720792665,0.3652696416589389,0.8876052900091937,125.0,,,Image only,
975165,mean_impute_fusion,0.6682063703963373,0.4514694071608705,0.616,0.4527506654835846,0.4128042328042328,0.7765192245710315,125.0,0.9243243932724,6.234136115637058,Mean imputation,2.4968252072656303
975165,missforest_fusion,0.7082845102214906,0.5083015413852734,0.656,0.4697574682046732,0.4301940045607917,0.7330600407531483,125.0,1.0094337463378906,2.7507295291808367,Forest surrogate,1.6585323419158389
975165,brits_joint_loss,0.7352582067681546,0.460809988792122,0.624,0.4450606329488316,0.4072184645955137,0.7145892407546061,125.0,1.088585376739502,2.6892436359557457,BRITS-MI-image,1.6398913488264233
975166,complete_fusion,0.8875591011113496,0.6241853217602041,0.784,0.6347953216374269,0.5856844305120167,0.6252251244636515,125.0,0.0,0.0,Full data,0.0
975166,image_only,0.6205261649561683,0.3941539091331692,0.48,0.3559941520467836,0.3290887236120501,0.9202379444835056,125.0,,,Image only,
975166,mean_impute_fusion,0.757155006522324,0.4741919662701481,0.664,0.5407894736842106,0.4795670995670995,0.7776115763336131,125.0,0.918395698070526,6.830267539008014,Mean imputation,2.6134780540513467
975166,missforest_fusion,0.8062663550742514,0.5513057018722619,0.76,0.6347953216374269,0.5794871794871795,0.7196846712458573,125.0,1.0511187314987185,3.255020753063574,Forest surrogate,1.804167606699437
975166,brits_joint_loss,0.8194213985750632,0.5191127873110669,0.752,0.672953216374269,0.5954707029010434,0.701950610330752,125.0,1.0443423986434937,2.771011649279555,BRITS-MI-image,1.6646355905361254
975167,complete_fusion,0.8904234419904894,0.757760817301102,0.752,0.7821557971014492,0.661075036075036,0.625434698122495,125.0,0.0,0.0,Full data,0.0
975167,image_only,0.7500587941323457,0.5155427206309818,0.648,0.5917874396135265,0.4924287660955705,0.8785862507135788,125.0,,,Image only,
975167,mean_impute_fusion,0.7996176106624558,0.5050940470988632,0.632,0.4996980676328502,0.4447330447330447,0.7628190266035951,125.0,0.9091841578483582,5.922868708898326,Mean imputation,2.43369445676698
975167,missforest_fusion,0.8340175150519977,0.593675989421138,0.656,0.5842391304347826,0.4984960953668699,0.7452484844766863,125.0,1.0236884355545044,3.417676993335962,Forest surrogate,1.8486960251312172
975167,brits_joint_loss,0.8423853986872111,0.6106627188072558,0.688,0.5981280193236714,0.5197971387980308,0.7293674229849892,125.0,1.0303422212600708,3.0987514507781606,BRITS-MI-image,1.760327086304747
975168,complete_fusion,0.8641052096407679,0.6427130315750339,0.768,0.6571755850106366,0.6013019795403215,0.6185847179364473,125.0,0.0,0.0,Full data,0.0
975168,image_only,0.5968124571566822,0.3919841188565192,0.512,0.3069873997709049,0.3137641474990872,0.9344879276843728,125.0,,,Image only,
975168,mean_impute_fusion,0.7615233457012245,0.4865579447978483,0.672,0.388152511863852,0.3764379764379764,0.7497233405565582,125.0,0.8327074646949768,3.7623983583124314,Mean imputation,1.9396902738098243
975168,missforest_fusion,0.77332223274037,0.5102503723780513,0.664,0.4730813287514318,0.4669330669330669,0.720433539055353,125.0,1.0328538417816162,1.7565078190736658,Forest surrogate,1.3253330974036925
975168,brits_joint_loss,0.766775965797458,0.4919602636350331,0.664,0.4288987072492227,0.41782903490296,0.7078844114648408,125.0,1.061278223991394,1.5364672413936291,BRITS-MI-image,1.2395431583424714
975169,complete_fusion,0.8687713514285935,0.6086455762319919,0.8,0.6015891778303125,0.5925925925925926,0.6249819124344811,125.0,0.0,0.0,Full data,0.0
975169,image_only,0.6112178998290827,0.4674933592691495,0.52,0.4158786446020488,0.3635479853774153,0.9108650788431858,125.0,,,Image only,
975169,mean_impute_fusion,0.7337173258267722,0.494780802355805,0.68,0.4956002101392172,0.4716527665680208,0.7728654356671517,125.0,0.9477930068969728,7.3830975900047395,Mean imputation,2.71718560094903
975169,missforest_fusion,0.7576803239851012,0.4679108749237796,0.68,0.4334121355397951,0.4100790513833992,0.7387236245928392,125.0,1.0124319791793823,4.0408615970119595,Forest surrogate,2.0101894430654936
975169,brits_joint_loss,0.7905264838928865,0.5359885920610079,0.696,0.4405043341213554,0.4167217448777263,0.7161530820223792,125.0,1.0446408987045288,3.495112009788678,BRITS-MI-image,1.8695218666249074
975170,complete_fusion,0.8742105263157894,0.6074815915900277,0.784,0.6273684210526316,0.5898536544308725,0.6086454632794235,125.0,0.0,0.0,Full data,0.0
975170,image_only,0.6660900584795323,0.4557324903484958,0.616,0.4273684210526315,0.4048302247728359,0.9021932024340724,125.0,,,Image only,
975170,mean_impute_fusion,0.817898245614035,0.5397978043163087,0.72,0.5656140350877193,0.5212045448231797,0.7409785070305683,125.0,0.9177679419517516,5.990325400424721,Mean imputation,2.447514126705854
975170,missforest_fusion,0.8218152046783626,0.6967934244398601,0.68,0.6645614035087718,0.561758691206544,0.7173388898205006,125.0,0.9583351612091064,3.2360245425859,Forest surrogate,1.7988953673257098
975170,brits_joint_loss,0.8328280701754386,0.6446322692222766,0.704,0.6652631578947369,0.5590612002376708,0.7049989096770958,125.0,0.9425085186958312,2.7453787122671485,BRITS-MI-image,1.6569184386285127
975171,complete_fusion,0.8856617076382157,0.651898909290175,0.72,0.5614141414141415,0.5053361712405278,0.5744005102340045,125.0,0.0,0.0,Full data,0.0
975171,image_only,0.667711533929137,0.3947730962945572,0.568,0.3903030303030303,0.3564091620429648,0.8888336355106221,125.0,,,Image only,
975171,mean_impute_fusion,0.8488151140563683,0.5954052896155916,0.728,0.5647474747474748,0.5211162578517037,0.68890426827656,125.0,0.9809488654136658,7.349074352654136,Mean imputation,2.7109176218863857
975171,missforest_fusion,0.8532119289344182,0.5152621668910139,0.688,0.4639393939393939,0.4144787858646284,0.6780225934166983,125.0,1.0422101020812988,3.649665227523277,Forest surrogate,1.910409701483762
975171,brits_joint_loss,0.8502665251914338,0.5017439556426311,0.704,0.4706060606060605,0.4257269732130067,0.6636466699739956,125.0,1.0589416027069092,3.040497908988633,BRITS-MI-image,1.7437023567652346
975172,complete_fusion,0.886676569617746,0.5671287005768232,0.784,0.6062289562289562,0.5647094037907383,0.6244302953520319,125.0,0.0,0.0,Full data,0.0
975172,image_only,0.5234289893113423,0.3750695096728231,0.536,0.3452861952861952,0.3357723577235772,0.9739376700076384,125.0,,,Image only,
975172,mean_impute_fusion,0.7244643809349691,0.4446623081969177,0.64,0.4678451178451179,0.4239276351116586,0.8173042130743015,125.0,0.8553275465965271,5.728369022844069,Mean imputation,2.393401141230627
975172,missforest_fusion,0.7970482458717753,0.5194410312044627,0.696,0.5037037037037037,0.4662604172103624,0.7464705813326523,125.0,0.8950906991958618,2.543529310188704,Forest surrogate,1.5948446037745194
975172,brits_joint_loss,0.8064193975958682,0.4815719414235686,0.712,0.4848484848484848,0.4556489262371615,0.7343688095740998,125.0,0.880484938621521,1.9378298636719216,BRITS-MI-image,1.3920595761934622
975173,complete_fusion,0.8724915087085314,0.573734472542737,0.808,0.4728242174062607,0.4533393637871249,0.5663043965656758,125.0,0.0,0.0,Full data,0.0
975173,image_only,0.5479172810120186,0.3824869346399688,0.592,0.4075507395940832,0.3653373879788974,0.8378875197970603,125.0,,,Image only,
975173,mean_impute_fusion,0.6198841481478806,0.4331470451957086,0.72,0.4598383212934296,0.4483017163504968,0.7393345700792355,125.0,0.8623148202896118,4.874105427796909,Mean imputation,2.207737626575429
975173,missforest_fusion,0.7746381431683479,0.5245913151439746,0.744,0.4609563123495012,0.4257478632478632,0.6700875993976022,125.0,0.9430699348449708,2.1391044029073845,Forest surrogate,1.4625677430147925
975173,brits_joint_loss,0.7746328181714562,0.5208881647988535,0.728,0.5059339525283798,0.4777730536659108,0.6613378392541676,125.0,0.950804591178894,1.7631488762234409,BRITS-MI-image,1.3278361631705324
975174,complete_fusion,0.9208863332308308,0.8187016860248321,0.8,0.7542735042735043,0.6834848484848485,0.5864767909616238,125.0,0.0,0.0,Full data,0.0
975174,image_only,0.7317031415905607,0.4948323953698774,0.64,0.4695360195360195,0.4395204453007921,0.8507404253800992,125.0,,,Image only,
975174,mean_impute_fusion,0.8466884686755218,0.5871244499832974,0.736,0.5432844932844932,0.5280642305461428,0.7172087560555696,125.0,0.9030465483665466,6.60155120522582,Mean imputation,2.569348400903587
975174,missforest_fusion,0.8497882540888452,0.6449324539416524,0.752,0.5431623931623931,0.5369163165773335,0.6733904825591324,125.0,1.0206705331802368,2.9144778387155537,Forest surrogate,1.7071841841803577
975174,brits_joint_loss,0.8560968018440578,0.6077446387702452,0.736,0.6452991452991452,0.6115288220551378,0.667786740236796,125.0,1.040329098701477,2.561872621131211,BRITS-MI-image,1.600585087126333
975175,complete_fusion,0.8508467667426792,0.5479405608685571,0.752,0.6369263285024155,0.5743325578819098,0.6666813004115906,125.0,0.0,0.0,Full data,0.0
975175,image_only,0.676898814248338,0.420731822664312,0.536,0.4470108695652173,0.3871218129712466,0.9155885884933724,125.0,,,Image only,
975175,mean_impute_fusion,0.7564346765692784,0.4982544627001287,0.648,0.5176630434782609,0.4767414107154072,0.7875601806076401,125.0,0.8126678466796875,4.279230732791622,Mean imputation,2.068630158532845
975175,missforest_fusion,0.7836320810183145,0.5296353495086548,0.64,0.5031702898550724,0.4617407372311191,0.7606826584530442,125.0,0.9499293565750122,1.8631765251199712,Forest surrogate,1.3649822435181973
975175,brits_joint_loss,0.771390127765249,0.5410694974723146,0.656,0.5321557971014492,0.4909930574670458,0.7662475949185245,125.0,0.960932433605194,1.636763418172981,BRITS-MI-image,1.2793605504989518
975176,complete_fusion,0.8841814505980437,0.6484787993614765,0.816,0.7365319865319865,0.653683574879227,0.5696366608955786,125.0,0.0,0.0,Full data,0.0
975176,image_only,0.5361246497610134,0.3730777878625309,0.528,0.3047138047138047,0.3110218652387327,0.93002646500063,125.0,,,Image only,
975176,mean_impute_fusion,0.728701629187066,0.4502523915146936,0.68,0.404040404040404,0.388698194762268,0.7264003030747458,125.0,0.8484513163566589,3.3042956565620436,Mean imputation,1.8177721684969335
975176,missforest_fusion,0.7668460466342196,0.5586239718833511,0.704,0.5622895622895623,0.5007120384169564,0.685954090414744,125.0,0.8886107802391052,1.5540490346541025,Forest surrogate,1.2466150306546535
975176,brits_joint_loss,0.7596754770188133,0.5527733067154201,0.688,0.6026936026936026,0.5077907884465261,0.6873204668340196,125.0,0.9223595261573792,1.300158918054414,BRITS-MI-image,1.1402451131464735
975177,complete_fusion,0.8899382585844736,0.7073706420458569,0.832,0.7761541909457642,0.7106282774975785,0.5806094242815681,125.0,0.0,0.0,Full data,0.0
975177,image_only,0.5339913873811889,0.3770864240945179,0.544,0.3221275959958165,0.330532212885154,0.9129678708249592,125.0,,,Image only,
975177,mean_impute_fusion,0.7467655408196449,0.4636099400528394,0.656,0.4555804571940833,0.4280333602367501,0.7676383422053829,125.0,0.923092782497406,5.733192312417514,Mean imputation,2.394408551692362
975177,missforest_fusion,0.7749608374651219,0.4572154416524948,0.68,0.4548334080382489,0.4305555555555556,0.7299592269733921,125.0,0.9444619417190552,2.6460773173300134,Forest surrogate,1.6266767710058485
975177,brits_joint_loss,0.7691276788617732,0.4683204859371324,0.656,0.5077543702375616,0.4462337662337662,0.7306525333192916,125.0,0.9439257979393004,2.135905522893581,BRITS-MI-image,1.4614737503265602
975178,complete_fusion,0.858935050418304,0.5980741092440023,0.688,0.6715924426450742,0.5543499745566335,0.6265515331903584,125.0,0.0,0.0,Full data,0.0
975178,image_only,0.5765851621354013,0.4045328314580669,0.528,0.3340080971659919,0.340060702775431,0.9118940287054628,125.0,,,Image only,
975178,mean_impute_fusion,0.7844887223356123,0.4569017190659978,0.648,0.4850877192982456,0.4492656179962681,0.7326902539901945,125.0,0.9167704582214355,5.5341329410359705,Mean imputation,2.3524737917851435
975178,missforest_fusion,0.805446019513005,0.5474881681836011,0.68,0.6773954116059379,0.5658449832286531,0.6943977841731392,125.0,1.0343321561813354,2.858565639305818,Forest surrogate,1.6907293217146906
975178,brits_joint_loss,0.8003773348749426,0.4814520109838067,0.68,0.4379217273954115,0.4095238095238095,0.6914051084384,125.0,1.005129337310791,2.6661716216198776,BRITS-MI-image,1.6328415788495458
975179,complete_fusion,0.8908891872900363,0.6297340494038179,0.768,0.7044374719856568,0.6163363363363364,0.5870003347253967,125.0,0.0,0.0,Full data,0.0
975179,image_only,0.7001210387038425,0.4488265987850741,0.576,0.5476766771253548,0.427980929566218,0.8944196355752867,125.0,,,Image only,
975179,mean_impute_fusion,0.7661341482656114,0.5116009784600682,0.688,0.5657253847303152,0.5214731585518102,0.7854151934068803,125.0,0.8901491761207581,5.965781006342783,Mean imputation,2.442494832408614
975179,missforest_fusion,0.7871020728626128,0.5203489966786279,0.728,0.4785596892275512,0.4538952745849298,0.7365979256551302,125.0,1.065875768661499,3.2445111841227625,Forest surrogate,1.8012526708162746
975179,brits_joint_loss,0.7968161078864536,0.5406271293976316,0.752,0.4999252950844166,0.4712875083884575,0.7175843430463218,125.0,1.023564338684082,2.782272359347857,BRITS-MI-image,1.6680144961444001
975180,complete_fusion,0.8643579513929436,0.6533811973682061,0.728,0.7472794959908362,0.5830540037243948,0.6416908576676339,125.0,0.0,0.0,Full data,0.0
975180,image_only,0.7545465920269896,0.6380821846515948,0.608,0.5949312714776632,0.4547758284600389,0.8667868008825002,125.0,,,Image only,
975180,mean_impute_fusion,0.8026013389262343,0.7256819995913425,0.632,0.7269473081328751,0.5917929399417128,0.7784741774818181,125.0,0.8394417762756348,4.692838143596779,Mean imputation,2.16629595014088
975180,missforest_fusion,0.8139607925848148,0.5934094077231316,0.68,0.7684707903780069,0.5718509505054062,0.742226013743952,125.0,0.9941293001174928,2.6146190630241257,Forest surrogate,1.616978374321724
975180,brits_joint_loss,0.8169782301566614,0.6287830714638872,0.68,0.6885738831615121,0.5499245852187028,0.7343899252009599,125.0,0.9964588284492492,2.1559584198564665,BRITS-MI-image,1.468318228401618
975181,complete_fusion,0.8906014494415317,0.770980380671288,0.728,0.6957446808510639,0.6291744185478713,0.6429790158115913,125.0,0.0,0.0,Full data,0.0
975181,image_only,0.6148617477237931,0.4093283049900478,0.616,0.356519367157665,0.3643107769423559,0.8858016304681836,125.0,,,Image only,
975181,mean_impute_fusion,0.8228069699689465,0.5396740133857217,0.704,0.5959629023458811,0.5338360985419809,0.7394883868847432,125.0,0.8625372648239136,5.612237267966442,Mean imputation,2.3690160970256073
975181,missforest_fusion,0.8338296707994718,0.5762713235461505,0.72,0.6030551009274414,0.5770811563915013,0.7339100468051898,125.0,0.8690856695175171,3.056034042810406,Forest surrogate,1.7481516075015937
975181,brits_joint_loss,0.851803330633118,0.6806081267467438,0.776,0.7095471903982542,0.6534391534391535,0.7068460291468248,125.0,0.9111914038658142,2.8027291066314763,BRITS-MI-image,1.6741353310385263
975182,complete_fusion,0.8662926937839511,0.5784035129096652,0.704,0.5414368268978198,0.5038223578269344,0.655570103632296,125.0,0.0,0.0,Full data,0.0
975182,image_only,0.6391984225387382,0.483922076023852,0.504,0.4087864460204886,0.3558886651585585,0.926144263325044,125.0,,,Image only,
975182,mean_impute_fusion,0.7424154850276543,0.4488851246989396,0.664,0.4527186761229314,0.4158312447786132,0.7818540876206488,125.0,0.8521093726158142,4.747163254620777,Mean imputation,2.1787985805532317
975182,missforest_fusion,0.8099170041613895,0.5323878722026475,0.704,0.5590359863409509,0.5182445759368837,0.7562797125147295,125.0,1.0676413774490356,2.610836161607522,Forest surrogate,1.615808206937792
975182,brits_joint_loss,0.8317027533216286,0.5595941919470114,0.736,0.5644208037825059,0.5498039215686275,0.7338439663911213,125.0,1.0841162204742432,2.540122425813838,BRITS-MI-image,1.5937761529819168
975183,complete_fusion,0.8967265966957113,0.6754781805813309,0.8,0.6032187670485544,0.5875468164794008,0.6047847658074563,125.0,0.0,0.0,Full data,0.0
975183,image_only,0.6384251219940994,0.4157108114224482,0.584,0.3330605564648118,0.332334581772784,0.9083138246790962,125.0,,,Image only,
975183,mean_impute_fusion,0.8569497279963992,0.5843782006437667,0.72,0.5399345335515549,0.5049698749120715,0.7283741913044913,125.0,0.8738545179367065,4.9521512412295685,Mean imputation,2.2253429491270706
975183,missforest_fusion,0.8553277828706792,0.6124048865841364,0.704,0.6052373158756138,0.534992784992785,0.702531557408639,125.0,0.9843977689743042,2.373246159598368,Forest surrogate,1.5405343746889804
975183,brits_joint_loss,0.8633723398033625,0.6036122916576666,0.736,0.6379705400981996,0.5690943043884221,0.7005492999839363,125.0,0.9822972416877748,2.0074268343488715,BRITS-MI-image,1.4168369116976278
975184,complete_fusion,0.8771701715199752,0.5567774515959923,0.744,0.630897953085313,0.5680369013702347,0.5977488347029658,125.0,0.0,0.0,Full data,0.0
975184,image_only,0.7106827129477221,0.4428236167841478,0.576,0.4623337815628268,0.3968572435817676,0.8897999153437235,125.0,,,Image only,
975184,mean_impute_fusion,0.7281546044385183,0.4303832647026802,0.648,0.4410877035708949,0.4156252053354359,0.7899324697700956,125.0,0.872666597366333,6.115749579489174,Mean imputation,2.473004160831351
975184,missforest_fusion,0.7645568073337209,0.4673355002444701,0.672,0.5477962049902884,0.4807814992025518,0.7667624613323286,125.0,0.9361504316329956,2.823734608812705,Forest surrogate,1.6803971580589825
975184,brits_joint_loss,0.7744083831052219,0.479790306196928,0.656,0.5298670252502614,0.4603403982016698,0.7522651898406005,125.0,1.0120078325271606,2.4496610044256304,BRITS-MI-image,1.5651392923397043
975185,complete_fusion,0.8261104690516455,0.5729939700898767,0.696,0.5947811447811447,0.5353623188405797,0.6542091127867571,125.0,0.0,0.0,Full data,0.0
975185,image_only,0.4681878905408317,0.3438609004064315,0.568,0.3567340067340067,0.3104925497301442,0.9714195325722996,125.0,,,Image only,
975185,mean_impute_fusion,0.7275371034194564,0.4301630561481497,0.648,0.4313131313131313,0.4058082464433538,0.791236695209548,125.0,0.9021022915840148,6.726606942763082,Mean imputation,2.5935703080431582
975185,missforest_fusion,0.7508054472760355,0.4386400581453625,0.648,0.4579124579124579,0.4238816738816739,0.7534387613220083,125.0,0.9707751274108888,4.2016720960386555,Forest surrogate,2.0497980622584886
975185,brits_joint_loss,0.7269232292761704,0.4282471867867977,0.608,0.4011784511784511,0.3772470675725923,0.7643588374948687,125.0,1.0156906843185425,3.884493048517997,BRITS-MI-image,1.9709117302705357
975186,complete_fusion,0.878324418067387,0.6987727296783701,0.8,0.6476595744680851,0.659150958900646,0.5894499128449873,125.0,0.0,0.0,Full data,0.0
975186,image_only,0.6889716136466024,0.4394655498508342,0.576,0.3825531914893617,0.3654412631082833,0.8770484349298492,125.0,,,Image only,
975186,mean_impute_fusion,0.836392554953805,0.5922616049860866,0.72,0.5081796690307329,0.5,0.7043784925661194,125.0,0.8858171105384827,7.124569377213797,Mean imputation,2.669188898750667
975186,missforest_fusion,0.8533009846537563,0.6413612152705442,0.736,0.6290780141843971,0.5844665238002468,0.6694093958831167,125.0,0.9886992573738098,3.4263075622249053,Forest surrogate,1.851028784818028
975186,brits_joint_loss,0.8642751473135583,0.6441078631440319,0.744,0.5806146572104018,0.5580318993919456,0.6623818947420866,125.0,1.0000470876693726,3.273578862063529,BRITS-MI-image,1.8093034190161497
975187,complete_fusion,0.9213530878949964,0.7481784107432579,0.8,0.7770833333333332,0.6835337879148522,0.5920809664474752,125.0,0.0,0.0,Full data,0.0
975187,image_only,0.6769059880125944,0.5002210053630312,0.544,0.4458333333333333,0.3828469022017409,0.8923116189820378,125.0,,,Image only,
975187,mean_impute_fusion,0.7859134232388755,0.4932305751934056,0.712,0.4756944444444444,0.4474074074074074,0.7377758440400105,125.0,0.9150406718254088,6.965243220019597,Mean imputation,2.6391747232837006
975187,missforest_fusion,0.8118027578619932,0.5209370081701811,0.696,0.4583333333333333,0.4297082228116711,0.6926713124228874,125.0,1.0237596035003662,3.4132979727840285,Forest surrogate,1.847511291652646
975187,brits_joint_loss,0.8339993740753386,0.5322447772879468,0.752,0.5770833333333333,0.5317460317460317,0.675301777296568,125.0,1.0141725540161133,2.963036965038473,BRITS-MI-image,1.721347427173978
975188,complete_fusion,0.9058041491906494,0.7326043688964917,0.776,0.667965367965368,0.6152712335387217,0.6197507444844237,125.0,0.0,0.0,Full data,0.0
975188,image_only,0.6540093258054424,0.4131449545981304,0.648,0.4562770562770562,0.4227729808478129,0.8789060242813774,125.0,,,Image only,
975188,mean_impute_fusion,0.715438901264144,0.4499190271534863,0.656,0.4949288806431663,0.4487411071587372,0.7875395219321597,125.0,0.8744617104530334,4.736348230160985,Mean imputation,2.1763152873977116
975188,missforest_fusion,0.7441888014726664,0.4748759113123764,0.656,0.5184291898577613,0.4558678500986193,0.7564066032233295,125.0,0.9821470975875854,2.197963754751852,Forest surrogate,1.4825531203811388
975188,brits_joint_loss,0.7549194774506841,0.5154459430720415,0.632,0.5082251082251082,0.4426054974835463,0.7571098506175974,125.0,1.0376112461090088,2.0172157234583423,BRITS-MI-image,1.4202871975267335
975189,complete_fusion,0.8529426714260661,0.6871365971453048,0.8,0.6497709049255441,0.6221211175044976,0.5899060853345852,125.0,0.0,0.0,Full data,0.0
975189,image_only,0.5993069081978488,0.4137629952662089,0.552,0.4700744558991982,0.3721340388007054,0.9016789625184772,125.0,,,Image only,
975189,mean_impute_fusion,0.759634582416603,0.5203982709828774,0.664,0.5114547537227949,0.4586930804950827,0.746919304955565,125.0,0.8337873220443726,3.774233878846904,Mean imputation,1.9427387572308594
975189,missforest_fusion,0.7865611202973289,0.5880355305842121,0.64,0.5705899198167238,0.477124183006536,0.7362841073608895,125.0,0.9748265147209167,2.3623555152364437,Forest surrogate,1.5369956132782043
975189,brits_joint_loss,0.7784116124157602,0.5033083865728899,0.648,0.563573883161512,0.4761099716162181,0.7227163134565995,125.0,1.0299710035324097,2.0031935195510866,BRITS-MI-image,1.4153421916805442
975190,complete_fusion,0.9378690058479532,0.7953287927764805,0.792,0.7768421052631579,0.6920099255583126,0.6034137939677784,125.0,0.0,0.0,Full data,0.0
975190,image_only,0.6449438596491228,0.4168065295590227,0.48,0.4252631578947368,0.3476574500768049,0.9229775090503738,125.0,,,Image only,
975190,mean_impute_fusion,0.7334502923976608,0.492410491754706,0.68,0.5185964912280702,0.4992801771871538,0.8022670963156991,125.0,0.8967422842979431,4.970766464569536,Mean imputation,2.2295215775070525
975190,missforest_fusion,0.8108023391812867,0.6047190708551756,0.632,0.6042105263157895,0.5346844771994473,0.7601666360802276,125.0,1.0481963157653809,2.474178888800997,Forest surrogate,1.5729522843370034
975190,brits_joint_loss,0.8023672514619884,0.5781362554400383,0.648,0.5143859649122807,0.4643353783231084,0.7485805550296977,125.0,1.0281063318252563,2.061132231073533,BRITS-MI-image,1.4356643866424816
975191,complete_fusion,0.9117787767961748,0.6806164461830156,0.792,0.6306944444444444,0.5811253561253561,0.5999625068845262,125.0,0.0,0.0,Full data,0.0
975191,image_only,0.7385632801367912,0.4594905865181067,0.632,0.5720833333333334,0.4788237403622019,0.8523721457768301,125.0,,,Image only,
975191,mean_impute_fusion,0.7444335122383712,0.4644617586185127,0.704,0.4534722222222222,0.4306109780970116,0.7377657346726361,125.0,0.9227318167686462,8.738115944276332,Mean imputation,2.9560304369671724
975191,missforest_fusion,0.8300760346410817,0.5325789307315824,0.744,0.5004166666666666,0.4611477907567292,0.6825711576039972,125.0,1.0794731378555298,4.219559482571165,Forest surrogate,2.0541566353545595
975191,brits_joint_loss,0.8023109037079257,0.5729519967816904,0.744,0.5802777777777778,0.5466681153121832,0.667878063365394,125.0,1.0949524641036987,3.5885045304515466,BRITS-MI-image,1.8943348517227747
975192,complete_fusion,0.8700531771259042,0.7128600381261313,0.736,0.6971428571428572,0.6208608954079188,0.6455691329541892,125.0,0.0,0.0,Full data,0.0
975192,image_only,0.6448111706475342,0.386321569293713,0.56,0.4936507936507937,0.392901250232621,0.9117612717262886,125.0,,,Image only,
975192,mean_impute_fusion,0.7902574092574092,0.5185674784548607,0.72,0.5304761904761904,0.5126050420168067,0.7436890103624516,125.0,0.9075708985328674,5.444364011489266,Mean imputation,2.333316097636423
975192,missforest_fusion,0.7677369761551579,0.4772953846258995,0.672,0.443015873015873,0.4019981673612958,0.7124880643553383,125.0,1.0608572959899902,2.827108392123437,Forest surrogate,1.6814007232434025
975192,brits_joint_loss,0.7894737827828736,0.4837501169008131,0.72,0.4880952380952381,0.4386597009547828,0.701551491126437,125.0,1.0437302589416504,2.5801872284160714,BRITS-MI-image,1.6062961210237892
975193,complete_fusion,0.8716537166537167,0.6677452792851519,0.768,0.6882154882154882,0.627451980282169,0.6695849870789632,125.0,0.0,0.0,Full data,0.0
975193,image_only,0.5415551115551116,0.3816467071104495,0.496,0.3595959595959595,0.3224623282000331,0.9532673963196372,125.0,,,Image only,
975193,mean_impute_fusion,0.7084570984570985,0.4460435627988874,0.648,0.5368927368927369,0.4809068520932928,0.8007244043026335,125.0,0.8898431658744812,6.927457767739992,Mean imputation,2.632006414836406
975193,missforest_fusion,0.7569813519813519,0.4495655958067204,0.624,0.4252044252044252,0.3779326759605576,0.7803349379789454,125.0,0.9375975728034972,3.146575156666968,Forest surrogate,1.7738588322262199
975193,brits_joint_loss,0.7528556628556627,0.4559112018133142,0.592,0.3992303992303992,0.3560011138958507,0.8022547143163921,125.0,0.9031270146369934,2.8625127473705185,BRITS-MI-image,1.6918961987576302
975194,complete_fusion,0.914937163030386,0.6724181070695746,0.824,0.6595647193585338,0.6004290750053461,0.5820723351104722,125.0,0.0,0.0,Full data,0.0
975194,image_only,0.7117660601280679,0.425443231506665,0.536,0.4566781214203894,0.3729759180560095,0.8527999784266164,125.0,,,Image only,
975194,mean_impute_fusion,0.7709594769979424,0.4543217759196569,0.632,0.5078121420389462,0.4424008874875926,0.7429309383747855,125.0,0.8550326228141785,4.263249579479476,Mean imputation,2.064763807189451
975194,missforest_fusion,0.8137036614972732,0.4726619803920806,0.672,0.4470103092783504,0.4212463693095218,0.7127262105052955,125.0,1.0989218950271606,2.17461497296392,Forest surrogate,1.4746575782071987
975194,brits_joint_loss,0.8103745119657915,0.472787925754989,0.72,0.4775257731958763,0.4517749992610327,0.6992021969371323,125.0,1.128225564956665,1.781028094678644,BRITS-MI-image,1.3345516455643986
975195,complete_fusion,0.9061929824561404,0.6874046625596936,0.776,0.7164912280701753,0.6792755137582723,0.5909727218955838,125.0,0.0,0.0,Full data,0.0
975195,image_only,0.6144269005847953,0.4415466974914396,0.56,0.4407017543859649,0.3790619483157829,0.8700065849850948,125.0,,,Image only,
975195,mean_impute_fusion,0.7876830409356724,0.4838698260779892,0.688,0.4631578947368421,0.4528777233695266,0.7101316256255602,125.0,0.8961578011512756,5.246801196644888,Mean imputation,2.2905897049984505
975195,missforest_fusion,0.8441415204678363,0.5394899908313876,0.784,0.6512280701754386,0.6020226272327113,0.6422172552076639,125.0,0.9322129487991332,2.6468725772611146,Forest surrogate,1.6269211957747414
975195,brits_joint_loss,0.8425368421052631,0.5202619144070514,0.736,0.5908771929824561,0.5349896480331263,0.6352425410005408,125.0,0.958235204219818,2.35358983063037,BRITS-MI-image,1.5341413985126566
975196,complete_fusion,0.8771624929411815,0.6397242460780672,0.744,0.6175213675213675,0.5959751659173625,0.6066881877789352,125.0,0.0,0.0,Full data,0.0
975196,image_only,0.7260598211170569,0.4281717199864216,0.6,0.4895833333333333,0.4244894050283272,0.8378008717900475,125.0,,,Image only,
975196,mean_impute_fusion,0.7156636336257591,0.4134797114097387,0.648,0.3934294871794872,0.3845878136200717,0.7324240700107091,125.0,0.8299994468688965,4.396533777594513,Mean imputation,2.096791305207677
975196,missforest_fusion,0.784899589450183,0.4534687979085191,0.68,0.4447115384615385,0.4227586988552647,0.7182968019154056,125.0,0.9296610355377196,2.0017845312040907,Forest surrogate,1.4148443487550462
975196,brits_joint_loss,0.7704770935939674,0.4432532073801716,0.704,0.4551282051282051,0.4319312528267752,0.6913592944238348,125.0,0.9908546209335328,1.841558804805544,BRITS-MI-image,1.3570404580577338
975197,complete_fusion,0.8423079365079366,0.5820349032847836,0.768,0.5566666666666666,0.5180348832205192,0.6804871250749213,125.0,0.0,0.0,Full data,0.0
975197,image_only,0.5917460317460317,0.389210101101417,0.472,0.3033333333333333,0.2947918634674727,0.950336814440472,125.0,,,Image only,
975197,mean_impute_fusion,0.7167650793650794,0.422465794001051,0.672,0.4399999999999999,0.4023339816615727,0.7811178771688357,125.0,0.853515625,3.934099187173421,Mean imputation,1.9834563739022397
975197,missforest_fusion,0.755504761904762,0.4816684277448443,0.68,0.4933333333333333,0.4472776447636783,0.7641467546091765,125.0,0.9721787571907043,1.9783832058339024,Forest surrogate,1.4065501078290465
975197,brits_joint_loss,0.7575968253968254,0.4793760168403088,0.656,0.4966666666666666,0.4426339943581323,0.7546534164008393,125.0,0.9820666909217834,1.7001201261081902,BRITS-MI-image,1.3038865464863845
975198,complete_fusion,0.8771416285065093,0.5512503789586637,0.776,0.629049255441008,0.5784994032185043,0.6209206943677422,125.0,0.0,0.0,Full data,0.0
975198,image_only,0.6935425652746593,0.4424882836770075,0.608,0.3997250859106529,0.3875487329434697,0.8438946167793892,125.0,,,Image only,
975198,mean_impute_fusion,0.7832785908775093,0.4920395805964632,0.696,0.535303550973654,0.5191256830601093,0.7159808114875245,125.0,0.8680146932601929,5.186183945859866,Mean imputation,2.2773194650421504
975198,missforest_fusion,0.8177961504516178,0.4740846957043827,0.68,0.5581214203894617,0.4992801771871538,0.6771042239136055,125.0,1.0004843473434448,2.30461938224862,Forest surrogate,1.5180972901130612
975198,brits_joint_loss,0.7903773126128373,0.4618338142247531,0.704,0.5684306987399771,0.5225770308123249,0.689374406512495,125.0,1.008716702461243,2.281578577063496,BRITS-MI-image,1.5104895157079032
975199,complete_fusion,0.8787590643274855,0.5602659763921262,0.768,0.5473684210526316,0.5456021989005497,0.5831883749815572,125.0,0.0,0.0,Full data,0.0
975199,image_only,0.6347356725146199,0.3914223178928463,0.56,0.4463157894736842,0.3967190775681342,0.890410788344673,125.0,,,Image only,
975199,mean_impute_fusion,0.7821847953216374,0.4970308610653263,0.68,0.4989473684210526,0.499693092976675,0.749986605689885,125.0,0.8142426013946533,3.741038430340784,Mean imputation,1.9341764217208275
975199,missforest_fusion,0.8058818713450293,0.4930494611840477,0.704,0.4659649122807017,0.429590017825312,0.6976725286704831,125.0,0.9969013929367064,1.8688712039856443,Forest surrogate,1.3670666421157545
975199,brits_joint_loss,0.7983918128654971,0.4967591996677893,0.704,0.519298245614035,0.4956439393939393,0.683375764954118,125.0,0.9660326838493348,1.6062423695994696,BRITS-MI-image,1.2673761752532158
975200,complete_fusion,0.8178717355888224,0.5855839829171611,0.776,0.5986394557823129,0.583819462057804,0.6504504890170555,125.0,0.0,0.0,Full data,0.0
975200,image_only,0.6640138961567533,0.4825946062849522,0.664,0.4988662131519274,0.4524701500712016,0.8488503348751312,125.0,,,Image only,
975200,mean_impute_fusion,0.6825748818045737,0.4830802493297216,0.656,0.4682539682539682,0.4530612789758582,0.8376037098237116,125.0,0.802882730960846,4.160358246384696,Mean imputation,2.0396956259169396
975200,missforest_fusion,0.7738739370392033,0.5335916678523498,0.688,0.5736961451247166,0.5188271604938272,0.7724580290106937,125.0,0.9211944341659546,2.4838250372417465,Forest surrogate,1.5760155574237669
975200,brits_joint_loss,0.7728084111137332,0.5715050798811155,0.696,0.5,0.4778904249871991,0.7626090023886036,125.0,0.9374212622642516,1.9535602848402016,BRITS-MI-image,1.3976982095002488
975201,complete_fusion,0.8713825063825066,0.6380492734142286,0.768,0.624915824915825,0.5738056897477187,0.676707733777211,125.0,0.0,0.0,Full data,0.0
975201,image_only,0.6753607503607504,0.5004447132570783,0.632,0.5301587301587302,0.4438081508939792,0.8928265142278976,125.0,,,Image only,
975201,mean_impute_fusion,0.7651357901357901,0.5017747487918679,0.68,0.5628667628667628,0.5111363612452524,0.789726116941414,125.0,0.8914576172828674,5.457046297587229,Mean imputation,2.3360321696387722
975201,missforest_fusion,0.8036827986827987,0.5282413135695653,0.656,0.5402597402597403,0.4833340350581729,0.7522102409182052,125.0,1.0151807069778442,2.786640527127206,Forest surrogate,1.6693233740432698
975201,brits_joint_loss,0.8187133237133238,0.597398901271697,0.672,0.572005772005772,0.5044980562221942,0.7383558899792398,125.0,1.0502407550811768,2.666745540017519,BRITS-MI-image,1.6330173116098674
975202,complete_fusion,0.7760064584044611,0.5409267883082707,0.736,0.5284722222222222,0.5051351772632017,0.6588623386242214,125.0,0.0,0.0,Full data,0.0
975202,image_only,0.6716947858578961,0.4343758917094553,0.632,0.4312499999999999,0.4058080808080808,0.8732378199383136,125.0,,,Image only,
975202,mean_impute_fusion,0.6803103543112933,0.4731751570501385,0.712,0.4548611111111111,0.4429210134128167,0.7732391185315792,125.0,0.8793700337409973,5.230389032444044,Mean imputation,2.2870043796293973
975202,missforest_fusion,0.7091305811615644,0.4788319586314713,0.72,0.5319444444444444,0.510142730832386,0.7428343058610657,125.0,1.0204521417617798,2.445953452345104,Forest surrogate,1.5639544278351285
975202,brits_joint_loss,0.7186929080839118,0.4758128159025943,0.712,0.4652777777777778,0.4377289377289377,0.7227319119226377,125.0,1.0385563373565674,2.3538461464002056,BRITS-MI-image,1.5342249334436608
975203,complete_fusion,0.8274472639795497,0.6482385045238802,0.792,0.6957418198117437,0.645330112721417,0.6276233345545481,125.0,0.0,0.0,Full data,0.0
975203,image_only,0.6545021764869103,0.4407282590102595,0.624,0.4086657702076796,0.3990777338603425,0.8540368461011103,125.0,,,Image only,
975203,mean_impute_fusion,0.6890170423465966,0.5194973475274732,0.648,0.4521440310772449,0.4235757934161245,0.7757657678912036,125.0,0.8712026476860046,5.350905200670739,Mean imputation,2.3132023691563908
975203,missforest_fusion,0.7089907198498704,0.4583316677813845,0.656,0.499805767219483,0.4531423034330011,0.740905835317668,125.0,1.0017374753952026,2.7082248358922736,Forest surrogate,1.6456685072918766
975203,brits_joint_loss,0.743666902290574,0.4912971756836204,0.672,0.50667861945316,0.4634816549570648,0.7365373968394708,125.0,1.0456653833389282,2.35382303905407,BRITS-MI-image,1.5342174027998998
975204,complete_fusion,0.8370849042614071,0.5857654167134485,0.744,0.6326241134751773,0.6008507621410847,0.6500877003524012,125.0,0.0,0.0,Full data,0.0
975204,image_only,0.6048069528795276,0.4067528823592927,0.472,0.4013238770685579,0.3433006077606358,0.9469228416371204,125.0,,,Image only,
975204,mean_impute_fusion,0.7354117582974622,0.4669870535454022,0.64,0.485579196217494,0.444200860089889,0.7916593968368225,125.0,0.8885768055915833,4.973216454661564,Mean imputation,2.230070952831224
975204,missforest_fusion,0.7999776159010848,0.5288175232888522,0.688,0.4646335697399528,0.4497025776602776,0.7242537121708479,125.0,1.0521477460861206,2.589248258578969,Forest surrogate,1.609114122298033
975204,brits_joint_loss,0.7907152291619003,0.52042522971747,0.696,0.4681796690307329,0.4534478960123375,0.7219342963548777,125.0,1.0368152856826782,2.0649263306082117,BRITS-MI-image,1.436985153231658
975205,complete_fusion,0.8542242359212552,0.5730727218600906,0.752,0.6259057971014492,0.5947818263607737,0.63734058041791,125.0,0.0,0.0,Full data,0.0
975205,image_only,0.6682974601634758,0.4516726088866701,0.568,0.535024154589372,0.4409953765448564,0.9099874280157674,125.0,,,Image only,
975205,mean_impute_fusion,0.7266457370054468,0.5269592864013632,0.704,0.5309480676328503,0.503968253968254,0.8023027832589602,125.0,0.8552641272544861,4.639380798843805,Mean imputation,2.15392218959827
975205,missforest_fusion,0.7780468134280198,0.4589240659370899,0.672,0.4870169082125604,0.4527655945419103,0.7606655314060069,125.0,0.99973326921463,2.233119658746173,Forest surrogate,1.4943626262544754
975205,brits_joint_loss,0.8108066939919395,0.5261607055850216,0.68,0.5015096618357487,0.4641132746395904,0.7374686617810214,125.0,0.9924448132514954,2.0167706531332987,BRITS-MI-image,1.4201305056695666
975206,complete_fusion,0.8308253086341982,0.5527897955602376,0.696,0.5164553140096618,0.4761181044261627,0.6720192468783841,125.0,0.0,0.0,Full data,0.0
975206,image_only,0.6598004831617804,0.4237201716769259,0.552,0.4619565217391304,0.3803444782168186,0.9033809033383496,125.0,,,Image only,
975206,mean_impute_fusion,0.7184836765790775,0.4402676326417648,0.648,0.4846014492753623,0.4468184671574502,0.7970346422126446,125.0,0.8684450387954712,3.968840311545683,Mean imputation,1.9921948477861504
975206,missforest_fusion,0.7898566473065989,0.4996118974053775,0.664,0.5246074879227053,0.4764694785667521,0.7566787049564458,125.0,0.9423425793647766,1.7609256900693355,Forest surrogate,1.326998752851462
975206,brits_joint_loss,0.7962348045165092,0.4786893451793867,0.664,0.4945652173913044,0.4541666666666666,0.7554340355351391,125.0,0.9627037644386292,1.614731743172775,BRITS-MI-image,1.2707209540936888
975207,complete_fusion,0.8582283647412466,0.645515268295215,0.72,0.5524253179532682,0.5167368913857678,0.6397162692617391,125.0,0.0,0.0,Full data,0.0
975207,image_only,0.667149649548538,0.447216596934114,0.52,0.3430937592428275,0.3536549707602339,0.9084248089666412,125.0,,,Image only,
975207,mean_impute_fusion,0.7718173121180173,0.5421641266595384,0.64,0.5295031055900621,0.4648148148148148,0.7843318607388136,125.0,0.916752815246582,6.184867109609929,Mean imputation,2.486939305574209
975207,missforest_fusion,0.8006697548664533,0.527234361899525,0.656,0.5363058266784975,0.4638079311992356,0.7578492983391799,125.0,0.95188707113266,3.2983997689672577,Forest surrogate,1.8161497099543467
975207,brits_joint_loss,0.7992948393741122,0.561853664489901,0.672,0.6452233067139899,0.5228380383309961,0.7606584593202226,125.0,0.954434096813202,2.885457111230292,BRITS-MI-image,1.6986633307487071
975208,complete_fusion,0.880013875013875,0.6133226137363147,0.736,0.5864357864357864,0.55879917184265,0.5963403713310067,125.0,0.0,0.0,Full data,0.0
975208,image_only,0.713843563843564,0.4336168557939864,0.664,0.4928330928330928,0.4482688686078517,0.8398155447736609,125.0,,,Image only,
975208,mean_impute_fusion,0.827915972915973,0.5189060869452825,0.728,0.4947570947570948,0.4714795008912656,0.6890945426262316,125.0,0.7856996655464172,3.85770348056192,Mean imputation,1.9641037346743986
975208,missforest_fusion,0.8578149628149628,0.5470385465098317,0.8,0.6383838383838384,0.6041750841750843,0.6362826385077262,125.0,0.9439108967781068,1.6364450780213136,Forest surrogate,1.279236130673815
975208,brits_joint_loss,0.8735005735005735,0.5535017305850841,0.752,0.5681577681577682,0.5215130023640663,0.613766842679996,125.0,0.9508054852485656,1.5431473629115635,BRITS-MI-image,1.2422348259936862
975209,complete_fusion,0.8559206575204413,0.61892385145813,0.752,0.6343343792021515,0.5682882882882884,0.6214263732642408,125.0,0.0,0.0,Full data,0.0
975209,image_only,0.6057143505841004,0.449817156165858,0.512,0.3605558045719408,0.3305169507133041,0.91081423926862,125.0,,,Image only,
975209,mean_impute_fusion,0.7279666849557693,0.4617471882066524,0.696,0.4838189152846257,0.4656785243741765,0.770546142277225,125.0,0.7991110682487488,3.753807830334428,Mean imputation,1.9374746012101496
975209,missforest_fusion,0.7577764489928648,0.493948487033655,0.64,0.4708202599731062,0.4344708759448643,0.7378988946789939,125.0,0.9023767709732056,1.9077354829901796,Forest surrogate,1.3812079796287666
975209,brits_joint_loss,0.7840986129996597,0.5105038716062752,0.648,0.4410877035708949,0.4156252053354359,0.7343750681635624,125.0,0.9518064260482788,1.7301932247572585,BRITS-MI-image,1.3153680947769937
975210,complete_fusion,0.8473684965899189,0.6058300310195404,0.784,0.6305280528052806,0.5723793788953363,0.6006952260232499,125.0,0.0,0.0,Full data,0.0
975210,image_only,0.6082544423273496,0.3984147822875785,0.632,0.540924092409241,0.4335871807075995,0.8556612655148159,125.0,,,Image only,
975210,mean_impute_fusion,0.7988038479172593,0.5905294878423188,0.776,0.6138613861386139,0.5873113538088157,0.7108230660371668,125.0,0.900782346725464,6.226390751813356,Mean imputation,2.4952736827477175
975210,missforest_fusion,0.788893441292181,0.4774176625712292,0.72,0.5773927392739274,0.5103980986333928,0.708746147192988,125.0,0.9775909185409546,3.509476850815259,Forest surrogate,1.8733597761282426
975210,brits_joint_loss,0.8163876452580322,0.4998172043983417,0.752,0.6173267326732673,0.5522370134385154,0.6800696997375449,125.0,1.0271904468536377,3.104407548867842,BRITS-MI-image,1.7619329013523308
975211,complete_fusion,0.868590634221715,0.6216433294644288,0.792,0.6325115792619155,0.6222150722150722,0.6139623016879443,125.0,0.0,0.0,Full data,0.0
975211,image_only,0.555383663102175,0.3972526324619869,0.544,0.3442402510085163,0.3432992394440073,0.9316821659447444,125.0,,,Image only,
975211,mean_impute_fusion,0.7947583264592256,0.4810345079161788,0.712,0.4495741819811743,0.4212664277180406,0.7549236732852873,125.0,0.8418386578559875,4.9061493315136975,Mean imputation,2.214982919011724
975211,missforest_fusion,0.8485260657378145,0.5548386983390231,0.76,0.6408785298072613,0.5982954545454545,0.6982993255032889,125.0,1.0568629503250122,2.72759397703787,Forest surrogate,1.6515429080220319
975211,brits_joint_loss,0.8123010557876221,0.5011042731852892,0.712,0.4716868369938742,0.4318181818181818,0.7072108421614036,125.0,1.0550501346588137,2.2893357739607465,BRITS-MI-image,1.5130551126646863
975212,complete_fusion,0.927967532511977,0.8079580858717416,0.88,0.826195924594094,0.8159535979470353,0.5908096301611331,125.0,0.0,0.0,Full data,0.0
975212,image_only,0.7252746797564518,0.4777425028131909,0.576,0.5057862046420398,0.4369542636413802,0.861106945519486,125.0,,,Image only,
975212,mean_impute_fusion,0.7211627374967104,0.4889011214557075,0.672,0.5478914677999346,0.5,0.7951880805350409,125.0,0.8849717378616333,5.639671508896883,Mean imputation,2.374799256547147
975212,missforest_fusion,0.8046389790709235,0.5678737449817447,0.72,0.6460063201481966,0.6086971409005307,0.7443277686515065,125.0,0.9745433926582336,2.8583763102694584,Forest surrogate,1.6906733304424775
975212,brits_joint_loss,0.7847410773382516,0.5343140833681206,0.672,0.5257491554974393,0.4987001865614582,0.7355578537123442,125.0,0.9944321513175964,2.147397138880853,BRITS-MI-image,1.4653999927940675
975213,complete_fusion,0.7980085720228626,0.4708078300580707,0.736,0.534170028387868,0.5016602809706258,0.6916095776490992,125.0,0.0,0.0,Full data,0.0
975213,image_only,0.6329795249939211,0.4040816850739681,0.56,0.4775735843418497,0.3995983935742972,0.9290990011307122,125.0,,,Image only,
975213,mean_impute_fusion,0.7140954029901218,0.4382665710565112,0.592,0.3538024802031974,0.3385943843998398,0.8071508466534751,125.0,0.8494179248809814,6.848913139753718,Mean imputation,2.61704282344667
975213,missforest_fusion,0.7643701371180476,0.4723164462418148,0.648,0.4742566860899447,0.4438605710282011,0.7931353824774989,125.0,0.9139981865882874,3.2547091755895496,Forest surrogate,1.804081255262509
975213,brits_joint_loss,0.7913929244191326,0.5061792062462639,0.672,0.5699088600029881,0.5150326797385621,0.7686537715201289,125.0,0.9291231036186218,3.179757112624881,BRITS-MI-image,1.7831873464739707
975214,complete_fusion,0.9033714875956316,0.7253558580894598,0.768,0.70634010769498,0.6050739384072717,0.6068414052138877,125.0,0.0,0.0,Full data,0.0
975214,image_only,0.674696186103218,0.4383743343805155,0.616,0.4314399861038735,0.3916513449097718,0.9124451461337534,125.0,,,Image only,
975214,mean_impute_fusion,0.7045272367355903,0.4740685073118088,0.688,0.4547507382317179,0.4043956043956044,0.761798514708594,125.0,0.8865687251091003,4.936522675436529,Mean imputation,2.221828678237035
975214,missforest_fusion,0.773634579942602,0.504294133773394,0.664,0.5573388917839153,0.5036029850912888,0.7192907229195149,125.0,1.0642952919006348,2.4041060431476624,Forest surrogate,1.550517991881314
975214,brits_joint_loss,0.7992278036145223,0.5495562392754341,0.696,0.5356609345145041,0.4857398396774861,0.6996125280308267,125.0,1.1219362020492554,1.93977158816616,BRITS-MI-image,1.3927568302349695
975215,complete_fusion,0.8278023748014922,0.6336412534283525,0.744,0.6144781144781145,0.554044954044954,0.6481210486716928,125.0,0.0,0.0,Full data,0.0
975215,image_only,0.5522258706283419,0.3804810327074325,0.584,0.5117845117845118,0.4118908382066277,0.9292804803409972,125.0,,,Image only,
975215,mean_impute_fusion,0.7091212781857088,0.4371796031730497,0.616,0.5134680134680135,0.4257865027988867,0.7912298817627132,125.0,0.788661539554596,3.900401668460376,Mean imputation,1.9749434595603936
975215,missforest_fusion,0.7490432077810718,0.5788018297347314,0.616,0.5370370370370371,0.4521467603434816,0.7674623440029887,125.0,0.8756222128868103,1.8291505463703956,Forest surrogate,1.3524609223080701
975215,brits_joint_loss,0.7207501726477896,0.4562039269069961,0.624,0.5286195286195287,0.4384586112279436,0.7749067470321682,125.0,0.9451299905776978,1.724898776472046,BRITS-MI-image,1.3133540179525267
975216,complete_fusion,0.9062809653458822,0.6855874668657632,0.752,0.6664862914862915,0.5878688361446982,0.604557088073394,125.0,0.0,0.0,Full data,0.0
975216,image_only,0.644297717316285,0.4318215911115906,0.512,0.4948142135642135,0.3983333333333332,0.9516506921549998,125.0,,,Image only,
975216,mean_impute_fusion,0.8152590077891029,0.5328144497785609,0.656,0.601461038961039,0.5134400112292522,0.7644920046368034,125.0,0.8615193963050842,5.44021719576375,Mean imputation,2.332427318431112
975216,missforest_fusion,0.8313996940103784,0.6161654631182745,0.68,0.6469155844155844,0.5546435742971888,0.7257928309862887,125.0,0.8979865312576294,2.647784303367396,Forest surrogate,1.6272013714864537
975216,brits_joint_loss,0.8294598908904615,0.6118307597161579,0.688,0.6387085137085138,0.5489788472210725,0.7139369806926376,125.0,0.9221022725105286,2.4921630422406684,BRITS-MI-image,1.5786586211846652
975217,complete_fusion,0.840561403508772,0.5950913742202226,0.704,0.592280701754386,0.526639172793019,0.6411662374802223,125.0,0.0,0.0,Full data,0.0
975217,image_only,0.6116947368421052,0.3991842701359518,0.616,0.4217543859649122,0.3994755244755244,0.92593466606439,125.0,,,Image only,
975217,mean_impute_fusion,0.760859649122807,0.4733389196242192,0.624,0.5712280701754385,0.4846958753915767,0.7639607148131953,125.0,0.8928755521774292,6.040442184128302,Mean imputation,2.457731104927531
975217,missforest_fusion,0.7939929824561404,0.4878808946162691,0.648,0.6449122807017544,0.5053391053391053,0.7276138439503138,125.0,0.9266568422317504,3.058557388943467,Forest surrogate,1.7488731769180597
975217,brits_joint_loss,0.7933309941520469,0.5034378695183608,0.608,0.5445614035087719,0.4508261389724189,0.7205662835077429,125.0,0.945816934108734,2.6849014356538388,BRITS-MI-image,1.6385668847056072
975218,complete_fusion,0.8454695189747445,0.615396327996737,0.696,0.5751857480580885,0.5336445689386866,0.6770267229578703,125.0,0.0,0.0,Full data,0.0
975218,image_only,0.6673853566163642,0.4271507958406577,0.592,0.4643279297534617,0.4244653550042772,0.9170040836684684,125.0,,,Image only,
975218,mean_impute_fusion,0.7890356207585109,0.4836138210064177,0.664,0.4521698750422154,0.435919540229885,0.7833067416838545,125.0,0.8711220622062683,5.059934647792525,Mean imputation,2.2494298494935387
975218,missforest_fusion,0.7924968677109708,0.5223370677271388,0.664,0.496242823370483,0.4653021442495126,0.7440130560454178,125.0,1.0491292476654053,2.688601842058185,Forest surrogate,1.639695655314786
975218,brits_joint_loss,0.8205581170448596,0.5420397733094422,0.672,0.5101317122593718,0.4799253034547152,0.7185843889472285,125.0,1.0397146940231323,2.3434563845060037,BRITS-MI-image,1.5308351918172
975219,complete_fusion,0.7697677632721552,0.5423591364548278,0.664,0.6176252319109462,0.5293909010299434,0.6871717760948305,125.0,0.0,0.0,Full data,0.0
975219,image_only,0.6435177535431812,0.4030511634128472,0.584,0.4688311688311688,0.4047569653341078,0.8832116614009167,125.0,,,Image only,
975219,mean_impute_fusion,0.7222161824750821,0.4559189984448513,0.68,0.4581323438466295,0.4378705083623116,0.7659918036958013,125.0,0.8085423111915588,3.045024691508793,Mean imputation,1.7449999116071018
975219,missforest_fusion,0.7298930735708359,0.4760470109112156,0.624,0.4858379715522572,0.4224411603721948,0.7778640959439993,125.0,1.0376009941101074,1.1350352116806302,Forest surrogate,1.0653803131655053
975219,brits_joint_loss,0.7279188334481907,0.4584332459468905,0.584,0.5320964749536178,0.4358606001547101,0.7919454947994216,125.0,1.0278592109680176,1.1027968708892737,BRITS-MI-image,1.0501413575749095
975220,complete_fusion,0.8706750796163648,0.5936817797741897,0.736,0.5524427952999381,0.5061116478346704,0.6083472936107595,125.0,0.0,0.0,Full data,0.0
975220,image_only,0.6421101255382347,0.4330224707911133,0.512,0.433704390847248,0.3706093189964157,0.9083855405277844,125.0,,,Image only,
975220,mean_impute_fusion,0.8113928544187443,0.5340274296319106,0.76,0.5346320346320347,0.4803267856070163,0.6974486522651364,125.0,0.9083847999572754,4.807036670812403,Mean imputation,2.1924955349583732
975220,missforest_fusion,0.7927739106495464,0.5177830607008732,0.792,0.5364873222016079,0.5064269064269064,0.671473898340038,125.0,0.9747196435928344,2.427613607943308,Forest surrogate,1.558080103185747
975220,brits_joint_loss,0.7959022850747308,0.5057832841506417,0.728,0.5092764378478664,0.4606082375478927,0.6588574955563313,125.0,0.99613219499588,2.233575634059616,BRITS-MI-image,1.4945151836162842
975221,complete_fusion,0.853470341063297,0.5166069421467316,0.696,0.5130116959064327,0.4784197702749739,0.6426168917160081,125.0,0.0,0.0,Full data,0.0
975221,image_only,0.559313095396227,0.3812858261185743,0.488,0.2866959064327485,0.3056258790436005,0.9523545381431572,125.0,,,Image only,
975221,mean_impute_fusion,0.6859188448698917,0.4254420198928104,0.584,0.3912280701754385,0.3731601731601731,0.7966335831076008,125.0,0.8966606259346008,5.899083145928304,Mean imputation,2.4288028215415727
975221,missforest_fusion,0.7188584740827024,0.439283142263863,0.6,0.408625730994152,0.3884395883127652,0.7424313258425553,125.0,1.0688506364822388,3.042822265442892,Forest surrogate,1.7443687297824655
975221,brits_joint_loss,0.7208317094425055,0.4575563225427663,0.616,0.4364035087719298,0.4089524088255857,0.7397232630415268,125.0,1.0793286561965942,2.544469279418031,BRITS-MI-image,1.5951392664648534
975222,complete_fusion,0.8589143785408978,0.6542874806535434,0.744,0.6087852980726133,0.5275898323953244,0.6158458656335816,125.0,0.0,0.0,Full data,0.0
975222,image_only,0.6185797800369214,0.3963380278636166,0.488,0.3723591812341252,0.3326777256713562,0.9788039992810936,125.0,,,Image only,
975222,mean_impute_fusion,0.6772658231079672,0.4053179663023454,0.64,0.3412520543851785,0.3532223250077089,0.7763099637813946,125.0,0.8666704893112183,5.951312679433804,Mean imputation,2.4395312417417006
975222,missforest_fusion,0.7153375071827627,0.4382607981521804,0.656,0.4224114746750336,0.4013880855986119,0.7329389186527376,125.0,0.9458232522010804,2.5079748177924492,Forest surrogate,1.583658680963941
975222,brits_joint_loss,0.7415181922163757,0.4597682986639986,0.688,0.4993874196922157,0.4464674650234468,0.7262917156987019,125.0,0.941990077495575,2.456320779816802,BRITS-MI-image,1.5672653827022411
975223,complete_fusion,0.8933757239833907,0.6720510245284878,0.76,0.6441845354126056,0.6162091503267974,0.6617001916957457,125.0,0.0,0.0,Full data,0.0
975223,image_only,0.619939940057447,0.406047946053256,0.536,0.4929174788823912,0.3940456624495152,0.8600085485109891,125.0,,,Image only,
975223,mean_impute_fusion,0.7751426141031302,0.5082912832685316,0.728,0.5948018193632229,0.582862342110897,0.7391951116443904,125.0,0.9093061685562134,6.442241034351951,Mean imputation,2.538157015306963
975223,missforest_fusion,0.796699698765519,0.4835101637225465,0.696,0.4731643924626381,0.4339961013645224,0.7340213985681922,125.0,0.9563610553741456,3.3944211420290427,Forest surrogate,1.8423954901239425
975223,brits_joint_loss,0.7823781067726999,0.477648402876367,0.68,0.4661468486029889,0.4264069264069264,0.7315106884390518,125.0,1.001029133796692,2.851688540101777,BRITS-MI-image,1.6886943299785715
975224,complete_fusion,0.8783254842211603,0.6823751974370421,0.784,0.7130932896890343,0.6446337261004892,0.6350589874160998,125.0,0.0,0.0,Full data,0.0
975224,image_only,0.6777078059336125,0.5523225769737112,0.624,0.4955810147299509,0.4368749426552895,0.8604199218886278,125.0,,,Image only,
975224,mean_impute_fusion,0.7984628841252039,0.5245967795906507,0.68,0.6206219312602291,0.522546676769443,0.7595668541451503,125.0,0.8942769169807434,9.215418395610868,Mean imputation,3.035690760866605
975224,missforest_fusion,0.8145228822373639,0.665968190239837,0.672,0.6078014184397164,0.5157217047348367,0.7286357993829037,125.0,1.0243569612503052,6.456021486162887,Forest surrogate,2.5408702222197195
975224,brits_joint_loss,0.8026124362431845,0.6480746195928274,0.656,0.6360065466448446,0.5052053098030109,0.7328590997319266,125.0,1.0237587690353394,5.328057475967186,BRITS-MI-image,2.308258537505534
975225,complete_fusion,0.8581790496904368,0.6471005689166204,0.72,0.6127214170692432,0.5867620751341681,0.6231945617280586,125.0,0.0,0.0,Full data,0.0
975225,image_only,0.6578386734579645,0.4379792491027772,0.544,0.4723564143853999,0.4107591754650578,0.9468420587792764,125.0,,,Image only,
975225,mean_impute_fusion,0.737990584903263,0.5192402180160044,0.664,0.535426731078905,0.5163936769287939,0.7822595364324091,125.0,0.868531346321106,3.736835030473526,Mean imputation,1.9330895039996276
975225,missforest_fusion,0.7829607175910915,0.5747347720978863,0.68,0.5513955984970478,0.5179738562091504,0.7214138608394917,125.0,0.9061549305915833,1.7403437010457083,Forest surrogate,1.319220868939583
975225,brits_joint_loss,0.7419240862792197,0.5149823507981537,0.664,0.4747718733225979,0.4556998556998557,0.745295258253913,125.0,0.8950376510620117,1.47682270050823,BRITS-MI-image,1.2152459423952955
975226,complete_fusion,0.8508379574823998,0.6073197683628265,0.728,0.6054636196480169,0.5457396546106223,0.6564112431250689,125.0,0.0,0.0,Full data,0.0
975226,image_only,0.5803535586699118,0.3754281827815194,0.504,0.4621749408983451,0.3616004248915641,0.946361861007102,125.0,,,Image only,
975226,mean_impute_fusion,0.7687007603309558,0.546597975152847,0.648,0.5254137115839242,0.4765939238339752,0.7997744424480314,125.0,0.83004230260849,4.266946969681337,Mean imputation,2.0656589674196795
975226,missforest_fusion,0.7912524245869462,0.577055592624882,0.672,0.5360520094562647,0.4892929292929293,0.7631369063909733,125.0,0.9090333580970764,2.220803620655054,Forest surrogate,1.4902360956086973
975226,brits_joint_loss,0.7979358866619055,0.5895072041204018,0.664,0.6034935644864724,0.5435145989362857,0.7638965466914245,125.0,0.9501915574073792,2.1108083742564667,BRITS-MI-image,1.4528621318819164
975227,complete_fusion,0.8556614492618092,0.5010192045525245,0.768,0.5171617161716172,0.4847095909272075,0.56977597875593,125.0,0.0,0.0,Full data,0.0
975227,image_only,0.7204843990892597,0.4348486524187708,0.624,0.4978547854785478,0.4216592503819109,0.8388949357320359,125.0,,,Image only,
975227,mean_impute_fusion,0.7700001104006504,0.443215901601903,0.688,0.364026402640264,0.364338494671568,0.6912478354885774,125.0,0.9163699150085448,5.557511109980054,Mean imputation,2.357437403194421
975227,missforest_fusion,0.7869786783873193,0.4599792192251901,0.744,0.4537953795379537,0.4291664241412985,0.6608120179125737,125.0,0.9632340669631958,2.77797109127718,Forest surrogate,1.6667246597075296
975227,brits_joint_loss,0.7880815678970494,0.4557271236858247,0.72,0.4706270627062706,0.4367179649902162,0.6470450207422938,125.0,0.9906314611434937,2.4576593626533567,BRITS-MI-image,1.5676923686276452
975228,complete_fusion,0.9050660009253618,0.7165052313465231,0.816,0.714795321637427,0.6536619106416061,0.5583010811074608,125.0,0.0,0.0,Full data,0.0
975228,image_only,0.6738717722905117,0.481701002401977,0.608,0.4810526315789474,0.4000017357043053,0.9126928292105626,125.0,,,Image only,
975228,mean_impute_fusion,0.8597874134095876,0.6059366127840685,0.696,0.5269590643274854,0.4710871685732021,0.74215523374369,125.0,0.9095105528831482,5.923189692465736,Mean imputation,2.433760401614287
975228,missforest_fusion,0.8459650061149916,0.5239816646551068,0.704,0.4734502923976608,0.4447001989201478,0.7088168049988448,125.0,0.940826952457428,2.839329360721478,Forest surrogate,1.685030967288577
975228,brits_joint_loss,0.8668325645782974,0.5860780855330765,0.704,0.5114619883040935,0.4686303324601197,0.6913579882717613,125.0,1.030426263809204,2.4061899906190325,BRITS-MI-image,1.5511898628533622
975229,complete_fusion,0.872927254571334,0.6356428404322713,0.816,0.5795906170626027,0.5677178583641851,0.5860602843849052,125.0,0.0,0.0,Full data,0.0
975229,image_only,0.6973223874937693,0.4624620096728391,0.648,0.4822052891080233,0.4266048462769774,0.8582662100271906,125.0,,,Image only,
975229,mean_impute_fusion,0.7163640259629925,0.4799031075955522,0.68,0.4658897355445988,0.4763483875495666,0.774628965310313,125.0,0.867226243019104,4.2555740492462615,Mean imputation,2.0629042753473223
975229,missforest_fusion,0.7690060960885176,0.4831880572946862,0.704,0.5093679964141641,0.4979696887359237,0.7223059264618328,125.0,1.0114365816116333,2.4414966751238505,Forest surrogate,1.562528935771703
975229,brits_joint_loss,0.7981438444195846,0.5342255836360517,0.72,0.527297176154191,0.5058727235522816,0.716767285536201,125.0,1.0539168119430542,2.184312775973906,BRITS-MI-image,1.4779420746341536
975230,complete_fusion,0.8673086898924219,0.7277259325777264,0.728,0.6984480431848853,0.6346985622810197,0.6345298705629099,125.0,0.0,0.0,Full data,0.0
975230,image_only,0.73267791396978,0.465932186639789,0.592,0.3900134952766532,0.3685503685503685,0.8600729218837453,125.0,,,Image only,
975230,mean_impute_fusion,0.7705709778437052,0.578523102327506,0.664,0.5812415654520917,0.5441566115781247,0.7632029693342629,125.0,0.866786539554596,5.04088874621294,Mean imputation,2.2451923628528894
975230,missforest_fusion,0.7752065620008204,0.5721234994073607,0.664,0.679689608636977,0.561716128183194,0.7485048922077477,125.0,1.0068590641021729,2.688779537727024,Forest surrogate,1.6397498399838386
975230,brits_joint_loss,0.7819331828901207,0.5985197873696713,0.672,0.7018218623481781,0.5985257985257985,0.7513556211749953,125.0,0.9935893416404724,2.509955271378413,BRITS-MI-image,1.584283835484795
975231,complete_fusion,0.819932312946667,0.5832568696784873,0.768,0.5749662618083671,0.5667447306791569,0.6321964367179989,125.0,0.0,0.0,Full data,0.0
975231,image_only,0.6983675052574574,0.5252810310169799,0.592,0.6015519568151148,0.4501525162232507,0.8925800855402115,125.0,,,Image only,
975231,mean_impute_fusion,0.7033349939091565,0.498717191924505,0.696,0.4728744939271255,0.4357963875205254,0.7543796809282284,125.0,0.9286055564880372,4.749920507029897,Mean imputation,2.179431234755962
975231,missforest_fusion,0.7562818468081627,0.494121457637509,0.672,0.4251012145748987,0.4050676254066085,0.6992071942141648,125.0,0.9640718698501588,2.0591646932372822,Forest surrogate,1.4349789870368423
975231,brits_joint_loss,0.7570025491078124,0.4869135068464039,0.704,0.47638326585695,0.4372133182235173,0.7029182355018849,125.0,0.9591196179389954,1.807015278228601,BRITS-MI-image,1.3442526839209217
975232,complete_fusion,0.907514462653162,0.6777396843030239,0.816,0.7104166666666667,0.6629740023182645,0.5597052206212803,125.0,0.0,0.0,Full data,0.0
975232,image_only,0.5641302018132848,0.3787133010717118,0.584,0.3895833333333334,0.3665635131152372,0.924614780048972,125.0,,,Image only,
975232,mean_impute_fusion,0.6824150734038921,0.4311849310576793,0.704,0.4201388888888889,0.4215356592405773,0.7730110277051432,125.0,0.8995930552482605,5.890169903533834,Mean imputation,2.4269672234156427
975232,missforest_fusion,0.771662920602405,0.47232220454384,0.696,0.5006944444444444,0.466984126984127,0.7133282894510896,125.0,0.9789907932281494,2.980140195603546,Forest surrogate,1.7263082562519203
975232,brits_joint_loss,0.7558241341375517,0.4454069825688918,0.688,0.4659722222222222,0.4413927035649882,0.7112610635334183,125.0,0.9521346688270568,2.443135647463447,BRITS-MI-image,1.5630533092199534
975233,complete_fusion,0.9034074652620108,0.6192193937872142,0.784,0.6371428571428571,0.5775084175084175,0.5884276880017563,125.0,0.0,0.0,Full data,0.0
975233,image_only,0.5891994530721804,0.3978778887579449,0.552,0.4353968253968254,0.3727060803765603,0.8941720205041879,125.0,,,Image only,
975233,mean_impute_fusion,0.7707518259518259,0.5301093315053046,0.704,0.4987301587301587,0.4552488596204443,0.7314620530132949,125.0,0.8269772529602051,3.735441224825629,Mean imputation,1.93272895793115
975233,missforest_fusion,0.8237547381911018,0.514551599162862,0.696,0.5580952380952381,0.490989010989011,0.7116408262211792,125.0,0.9150674343109132,1.7798799227766455,Forest surrogate,1.3341214048116632
975233,brits_joint_loss,0.7855738181010908,0.560864206037511,0.712,0.5647619047619048,0.500349744417541,0.7125141634547988,125.0,0.892846405506134,1.578665588977722,BRITS-MI-image,1.2564495966721951
975234,complete_fusion,0.8417730994152047,0.5508646823960351,0.816,0.5880701754385965,0.5888591800356506,0.6133109678170525,125.0,0.0,0.0,Full data,0.0
975234,image_only,0.5587274853801169,0.3967580162421082,0.608,0.4182456140350877,0.3947028423772609,0.907371782456378,125.0,,,Image only,
975234,mean_impute_fusion,0.7499707602339182,0.5202148296986757,0.72,0.5263157894736842,0.5016940448880033,0.7544612274121381,125.0,0.8824141025543213,5.281345649833928,Mean imputation,2.29811784942242
975234,missforest_fusion,0.7596970760233918,0.4847069653676354,0.688,0.4294736842105263,0.41939736346516,0.7433167773126015,125.0,0.9292489886283876,2.5859741187011376,Forest surrogate,1.6080964270531595
975234,brits_joint_loss,0.7730081871345029,0.510004715497019,0.712,0.5129824561403509,0.4907650831393694,0.7119259335984714,125.0,0.9448680877685548,2.1938760181750387,BRITS-MI-image,1.4811738649378874
975235,complete_fusion,0.8872816884928887,0.6809793864844007,0.744,0.7985290254793801,0.6915980615402582,0.6522645635126398,125.0,0.0,0.0,Full data,0.0
975235,image_only,0.6484783921423579,0.4160262301075008,0.488,0.3395061728395062,0.3241119659518743,0.927959765174718,125.0,,,Image only,
975235,mean_impute_fusion,0.7568206510460208,0.4916466194151406,0.656,0.4315734173890202,0.4029676735559088,0.779187902856657,125.0,0.8955553770065308,6.084774519032327,Mean imputation,2.46673357277034
975235,missforest_fusion,0.8127304815408521,0.5872304817038146,0.616,0.6180063041765169,0.5404342829492529,0.7638660217368807,125.0,0.9356089234352112,3.210078660575529,Forest surrogate,1.7916692386083792
975235,brits_joint_loss,0.8114365087575474,0.6049776731256314,0.584,0.5240346729708432,0.4590865712338105,0.7587247994052895,125.0,0.887654721736908,2.9131503206152507,BRITS-MI-image,1.7067953364757154
975236,complete_fusion,0.8943150814785797,0.5415170342726228,0.784,0.5136709995517705,0.4842743463433119,0.6007776432505922,125.0,0.0,0.0,Full data,0.0
975236,image_only,0.7140648744183165,0.4497921966870333,0.608,0.5313611235619303,0.4505915485411371,0.8717987997798898,125.0,,,Image only,
975236,mean_impute_fusion,0.7552457331356269,0.4530542831515311,0.688,0.4392649036306588,0.4213061067231747,0.7564739828141124,125.0,0.8607534766197205,5.1417765947405805,Mean imputation,2.2675485870738425
975236,missforest_fusion,0.8278090261952681,0.547735305832256,0.744,0.5486627820110562,0.5140511257829693,0.698346899274908,125.0,1.097302794456482,2.725707362557953,Forest surrogate,1.6509716419605616
975236,brits_joint_loss,0.8349593433668104,0.546598394918082,0.728,0.5417899297773793,0.5088558656518062,0.6884135805012044,125.0,1.1382598876953125,2.6221309753075515,BRITS-MI-image,1.6192995323001707
975237,complete_fusion,0.847046783625731,0.5905475034868689,0.704,0.5726315789473685,0.527387451258419,0.6749310487771388,125.0,0.0,0.0,Full data,0.0
975237,image_only,0.6865204678362574,0.4617150173650052,0.512,0.3957894736842105,0.3544941144451248,0.9243576627685778,125.0,,,Image only,
975237,mean_impute_fusion,0.7787766081871345,0.5012847951430195,0.624,0.4645614035087719,0.4308541699846047,0.8004030104520904,125.0,0.8760853409767151,6.221802519056899,Mean imputation,2.4943541286386943
975237,missforest_fusion,0.7972257309941521,0.5530866720551634,0.664,0.5256140350877193,0.4821233411397346,0.7374336379979418,125.0,0.99726402759552,3.6834151400029658,Forest surrogate,1.9192225352998973
975237,brits_joint_loss,0.7937403508771931,0.5242300800789154,0.632,0.4778947368421053,0.4424999765726762,0.7499712009373403,125.0,0.9720341563224792,3.213345615555444,BRITS-MI-image,1.7925807138188907
975238,complete_fusion,0.8781005847953217,0.6550035107525887,0.832,0.648421052631579,0.6543705487904604,0.5650506651243568,125.0,0.0,0.0,Full data,0.0
975238,image_only,0.6087263157894737,0.4044725408990642,0.544,0.376140350877193,0.3506551188096824,0.8822743152671149,125.0,,,Image only,
975238,mean_impute_fusion,0.732642105263158,0.4408349310087772,0.624,0.391578947368421,0.3842940685045948,0.7705805292715507,125.0,0.8857377171516418,5.012651242463822,Mean imputation,2.2388950941175922
975238,missforest_fusion,0.8120760233918128,0.4959717365769596,0.696,0.4231578947368421,0.4073906349062584,0.6957816922373075,125.0,0.941534161567688,2.453503232885029,Forest surrogate,1.5663662511957506
975238,brits_joint_loss,0.8145146198830409,0.4967872667173711,0.728,0.4371929824561403,0.4250355618776671,0.6749151385199393,125.0,0.9902507066726683,2.1028005178606612,BRITS-MI-image,1.4501036231458293
975239,complete_fusion,0.854040165363437,0.6460998363599916,0.776,0.7507159221076747,0.6931997571341834,0.6072592927809586,125.0,0.0,0.0,Full data,0.0
975239,image_only,0.5900560852041825,0.3904745152946165,0.52,0.2965349369988545,0.3094344591480677,0.8930172578034501,125.0,,,Image only,
975239,mean_impute_fusion,0.7784607721717413,0.5057266136666554,0.736,0.590922107674685,0.5545008183306056,0.7015115273772596,125.0,0.8693539500236511,4.857337220724173,Mean imputation,2.2039367551552322
975239,missforest_fusion,0.8088607863330181,0.5100368279328795,0.704,0.5181844215349369,0.4815727900473663,0.6653136274785871,125.0,1.0261404514312744,2.503012880830696,Forest surrogate,1.5820912997771954
975239,brits_joint_loss,0.8114585825967789,0.5009714480242153,0.696,0.4938430698739977,0.4604536202384414,0.6670810532146532,125.0,1.036493897438049,2.615650919458796,BRITS-MI-image,1.6172974121845356
975240,complete_fusion,0.8496036287537193,0.5497972164201651,0.76,0.6012280701754386,0.5511022927689594,0.6477856356005713,125.0,0.0,0.0,Full data,0.0
975240,image_only,0.5324531395080375,0.3767635065652147,0.576,0.377485380116959,0.3615928066795118,0.9678434599741456,125.0,,,Image only,
975240,mean_impute_fusion,0.6663956617403665,0.4170275121730187,0.656,0.4154385964912281,0.3871930538597205,0.8135835538897498,125.0,0.857492983341217,5.281981705016976,Mean imputation,2.2982562313669415
975240,missforest_fusion,0.7153163919788373,0.4243264923199534,0.688,0.4856140350877192,0.4252184769038701,0.7649445114558273,125.0,1.0171712636947632,2.5478382896565144,Forest surrogate,1.5961949409945249
975240,brits_joint_loss,0.6947882224985328,0.435421097960124,0.608,0.4192397660818713,0.3874085684430512,0.7688802142945478,125.0,0.9736657738685608,2.210875622188963,BRITS-MI-image,1.48690134917854
975241,complete_fusion,0.880619016263954,0.5775944968248409,0.728,0.5725417439703154,0.5191208791208791,0.6786763168961406,125.0,0.0,0.0,Full data,0.0
975241,image_only,0.5679736759533339,0.3903908163383764,0.48,0.3215831787260358,0.3130929791271347,0.974603533372704,125.0,,,Image only,
975241,mean_impute_fusion,0.6988906656775358,0.4480287989191149,0.6,0.4241187384044527,0.3935987509758001,0.798401036339464,125.0,0.8878672122955322,6.365153446758601,Mean imputation,2.522925572972497
975241,missforest_fusion,0.7299227608404678,0.4559301309522077,0.632,0.4847247990105133,0.4349736987818383,0.7942675262080957,125.0,0.9895616173744202,3.4551075123650876,Forest surrogate,1.858791949725705
975241,brits_joint_loss,0.7778229013157354,0.506868378278289,0.64,0.488126159554731,0.4404293381037567,0.7727831241115455,125.0,0.9863377809524536,3.072831788643037,BRITS-MI-image,1.7529494541038646
975242,complete_fusion,0.8646923976608187,0.6230435414725329,0.752,0.5936842105263158,0.5609195402298851,0.6401713491904897,125.0,0.0,0.0,Full data,0.0
975242,image_only,0.6266561403508772,0.3872245111420797,0.456,0.487719298245614,0.3553891859774212,0.9467154696266732,125.0,,,Image only,
975242,mean_impute_fusion,0.6386140350877193,0.4459057388126656,0.64,0.4617543859649122,0.444981684981685,0.8045427653799141,125.0,0.8457834124565125,3.962025696417733,Mean imputation,1.9904837845151446
975242,missforest_fusion,0.7194678362573099,0.4443656030098054,0.656,0.4449122807017544,0.4112044817927171,0.7672556274796063,125.0,1.031416416168213,1.968613385663464,Forest surrogate,1.4030728369060046
975242,brits_joint_loss,0.7208292397660818,0.4614275975848222,0.648,0.504561403508772,0.4584500466853408,0.7706402199031335,125.0,1.1042193174362185,1.7525391446444936,BRITS-MI-image,1.32383501413299
975243,complete_fusion,0.8651880462971372,0.6286806533738719,0.76,0.6146031746031745,0.5571204104537438,0.6081850864608794,125.0,0.0,0.0,Full data,0.0
975243,image_only,0.5268105147377874,0.4473406618293467,0.584,0.4361904761904762,0.3840602603481058,0.9107746720679928,125.0,,,Image only,
975243,mean_impute_fusion,0.7823013915377551,0.532609704893119,0.736,0.5120634920634921,0.4913784958427816,0.7256590874630644,125.0,0.869763195514679,4.217957063928056,Mean imputation,2.0537665553631106
975243,missforest_fusion,0.8016745174017901,0.5184422584776592,0.728,0.5212698412698412,0.4937593270926603,0.7093352533834354,125.0,0.9941887855529784,2.0784989063558745,Forest surrogate,1.4417000056724265
975243,brits_joint_loss,0.8556212070757526,0.6300196809455975,0.744,0.5404761904761904,0.5255731922398589,0.6686680122182062,125.0,1.0009663105010986,1.974163645311509,BRITS-MI-image,1.405049339102193
975244,complete_fusion,0.9136656450687888,0.741773199089874,0.792,0.7072974644403217,0.6809614505041403,0.5442604704068492,125.0,0.0,0.0,Full data,0.0
975244,image_only,0.6869933166951198,0.4502206340479688,0.648,0.4092764378478664,0.3900022624703794,0.836373349132684,125.0,,,Image only,
975244,mean_impute_fusion,0.7926267073793657,0.5372396439771574,0.712,0.4482374768089054,0.4382548309178743,0.731702400066808,125.0,0.894324779510498,4.424424169936568,Mean imputation,2.10343152252137
975244,missforest_fusion,0.8047314947684804,0.5373104022342704,0.704,0.4565862708719851,0.4499014420583047,0.6862126108274329,125.0,0.961966037750244,2.2220600887371926,Forest surrogate,1.4906576027838159
975244,brits_joint_loss,0.7893276978667639,0.5062070576821008,0.704,0.4918367346938775,0.4851324337831084,0.6811179887548731,125.0,0.9981691837310792,1.8784270077923624,BRITS-MI-image,1.3705571888076624
975245,complete_fusion,0.8768763514282463,0.5671188640754935,0.776,0.7250000000000001,0.6181887119488679,0.6177012709697692,125.0,0.0,0.0,Full data,0.0
975245,image_only,0.6677055119305034,0.4125411343037382,0.592,0.4138888888888889,0.3848436246992783,0.8966695552628605,125.0,,,Image only,
975245,mean_impute_fusion,0.7665705018777741,0.4667715279991764,0.72,0.479861111111111,0.4633000988620349,0.713660465291081,125.0,0.9221230745315552,6.441007409787735,Mean imputation,2.537913987862421
975245,missforest_fusion,0.8149963487728084,0.5614661179635326,0.712,0.6236111111111112,0.5450107009095774,0.6759695181375671,125.0,0.9272323250770568,3.1330183831781393,Forest surrogate,1.7700334412598366
975245,brits_joint_loss,0.8168927582413413,0.5453179156060827,0.64,0.4138888888888889,0.3947530864197531,0.6744055962123247,125.0,0.9181101322174072,2.6622508545247356,BRITS-MI-image,1.6316405408437042
975246,complete_fusion,0.9113122063122062,0.6925297124800788,0.84,0.706012506012506,0.6612384658416784,0.5692529041151305,125.0,0.0,0.0,Full data,0.0
975246,image_only,0.700078255078255,0.4338800685370728,0.648,0.5876863876863877,0.4734938032810373,0.8844422948334193,125.0,,,Image only,
975246,mean_impute_fusion,0.7686633736633737,0.4766836041104722,0.688,0.5537277537277537,0.4935679694427392,0.7684035110611587,125.0,0.929009735584259,5.1270601866948455,Mean imputation,2.264301257936948
975246,missforest_fusion,0.8027659377659379,0.4942019741941048,0.712,0.5263107263107263,0.4923348256681589,0.712273220543999,125.0,1.0847967863082886,2.1756952368057227,Forest surrogate,1.4750238088945287
975246,brits_joint_loss,0.8221421171421172,0.5112474290277448,0.72,0.4913900913900914,0.470451117509941,0.69839303961945,125.0,1.085027098655701,1.9785734465031373,BRITS-MI-image,1.4066177328980098
975247,complete_fusion,0.8526805814346267,0.6037572278761713,0.736,0.6039579468150896,0.599598466322495,0.6179823786657617,125.0,0.0,0.0,Full data,0.0
975247,image_only,0.6460760300982215,0.3945051622899948,0.576,0.3623995052566481,0.3556870479947402,0.89168731793101,125.0,,,Image only,
975247,mean_impute_fusion,0.7744150306979711,0.4495905138898535,0.696,0.4721706864564007,0.4259129213483146,0.738911707983095,125.0,0.9287229776382446,4.627389966114673,Mean imputation,2.1511369008305055
975247,missforest_fusion,0.8381708939337233,0.5756766757853912,0.728,0.5607915893630179,0.5194601381042059,0.6681466390745964,125.0,1.0553770065307615,2.5431728410826717,Forest surrogate,1.5947328431692476
975247,brits_joint_loss,0.8213260002441695,0.5248667236969555,0.688,0.4922696351267779,0.4270662736106561,0.6797229642536066,125.0,1.063518762588501,2.14519643691394,BRITS-MI-image,1.464648912509049
975248,complete_fusion,0.9029473464587836,0.7491328385622648,0.792,0.7736111111111111,0.7724780028647432,0.591606571140414,125.0,0.0,0.0,Full data,0.0
975248,image_only,0.6345735176965972,0.4422037979989621,0.608,0.3888888888888888,0.3913312693498452,0.9008656220568584,125.0,,,Image only,
975248,mean_impute_fusion,0.8155733849246993,0.5292719689061814,0.712,0.5388888888888889,0.5041448972483455,0.7538055469950194,125.0,0.8966819047927856,5.114351384663738,Mean imputation,2.261493175904747
975248,missforest_fusion,0.8587118280793596,0.7185195788970072,0.72,0.6479166666666667,0.5624346917450366,0.6795300156476893,125.0,0.9116383790969848,2.267541713293804,Forest surrogate,1.5058358852457343
975248,brits_joint_loss,0.8631523367854027,0.6272947937280372,0.68,0.5569444444444445,0.5090157154673284,0.6820490075163989,125.0,0.9251123666763306,1.955012556415102,BRITS-MI-image,1.39821763556862
975249,complete_fusion,0.920919092274591,0.620264752087334,0.856,0.7222222222222222,0.6953083853083853,0.511013448240221,125.0,0.0,0.0,Full data,0.0
975249,image_only,0.6678067362210585,0.4264596480639382,0.64,0.411764705882353,0.3930175789824912,0.8512741487700133,125.0,,,Image only,
975249,mean_impute_fusion,0.761174034831324,0.4417361123632734,0.72,0.3758169934640523,0.3702272043980586,0.6911318314413741,125.0,0.9527699947357178,7.381554488895483,Mean imputation,2.7169016340117067
975249,missforest_fusion,0.8332701840800731,0.5023062403899156,0.728,0.4640522875816993,0.4421890138590505,0.6339280765979196,125.0,1.0052911043167114,3.61163388142267,Forest surrogate,1.900429920155613
975249,brits_joint_loss,0.8415010126433825,0.5197678348907417,0.768,0.5816993464052288,0.5384199134199134,0.6309952210494002,125.0,1.009628176689148,3.00372455327523,BRITS-MI-image,1.7331256599783036
975250,complete_fusion,0.8724503527939002,0.620132862973517,0.776,0.6930555555555555,0.6174334140435835,0.6566145292671997,125.0,0.0,0.0,Full data,0.0
975250,image_only,0.5218847919274686,0.3751983765005467,0.432,0.3236111111111111,0.2915285653313822,0.9631772823769024,125.0,,,Image only,
975250,mean_impute_fusion,0.7299883350404005,0.4403305091823302,0.656,0.4520833333333334,0.4260456933293686,0.7813602307044472,125.0,0.8330602049827576,5.190059390651862,Mean imputation,2.2781701847429794
975250,missforest_fusion,0.7670377167027048,0.444210072773213,0.68,0.4305555555555555,0.4102934102934103,0.7677945913453257,125.0,0.8859494924545288,2.4161215743237032,Forest surrogate,1.5543878455275257
975250,brits_joint_loss,0.7750618811881188,0.4487562194908938,0.656,0.4624999999999999,0.4323191345503718,0.7516995411418672,125.0,0.8455227613449097,2.3599171106877774,BRITS-MI-image,1.536202171163606
975251,complete_fusion,0.8203512418470879,0.5193170428026403,0.768,0.4854545454545454,0.4574468085106383,0.5736727881571764,125.0,0.0,0.0,Full data,0.0
975251,image_only,0.6090389445947618,0.412659994082521,0.656,0.5111111111111111,0.4406705292579194,0.8376159856700355,125.0,,,Image only,
975251,mean_impute_fusion,0.6695316616748417,0.4548100154630137,0.744,0.4518181818181818,0.4493891797556719,0.7081994204890127,125.0,0.9129237532615662,5.569554739549416,Mean imputation,2.359990410902005
975251,missforest_fusion,0.7401130650769995,0.4892585171555053,0.752,0.4315151515151514,0.4353276353276353,0.653892424985546,125.0,0.9852890372276306,2.113360811162354,Forest surrogate,1.4537402832563848
975251,brits_joint_loss,0.7234189875839406,0.4827668783337224,0.736,0.4366666666666667,0.4265133627622079,0.6502930992278723,125.0,1.0191868543624878,1.7174847115491123,BRITS-MI-image,1.3105284092873044
975252,complete_fusion,0.8677637858451543,0.6562200037456977,0.768,0.732343846629561,0.6322404371584699,0.5839419955925876,125.0,0.0,0.0,Full data,0.0
975252,image_only,0.607220672257658,0.3901541512525148,0.568,0.4620284477427335,0.3903085830629255,0.9334848496947508,125.0,,,Image only,
975252,mean_impute_fusion,0.7536897306730871,0.4637031972768133,0.656,0.4831787260358688,0.4431228730961112,0.736775775447699,125.0,0.945522665977478,7.114842691982595,Mean imputation,2.667366246315379
975252,missforest_fusion,0.7909039061997915,0.607248601775925,0.672,0.5414965986394558,0.4821220681390173,0.7051403676082304,125.0,0.9784424304962158,3.592993896813077,Forest surrogate,1.8955194266514592
975252,brits_joint_loss,0.7865673399561519,0.589090166442395,0.688,0.5717996289424861,0.5284170297838969,0.6847972604632101,125.0,1.0035463571548462,3.1732623429332585,BRITS-MI-image,1.781365303056411
975253,complete_fusion,0.7739914373809039,0.4565685637338781,0.704,0.4213250517598343,0.4069467998241317,0.6411761595263735,125.0,0.0,0.0,Full data,0.0
975253,image_only,0.6072780145448738,0.3893029333507984,0.608,0.3361431529133392,0.3467268299670534,0.8650862210004951,125.0,,,Image only,
975253,mean_impute_fusion,0.6661046207386483,0.3974575022150619,0.616,0.3284531203785862,0.3355842029875179,0.7388480746827549,125.0,0.9016926884651184,4.418922586888049,Mean imputation,2.1021233519677307
975253,missforest_fusion,0.6666958541577954,0.4134428058374679,0.616,0.372818692694469,0.3608716475095785,0.7389641814512468,125.0,1.075305461883545,2.4959968013685256,Forest surrogate,1.579872400343941
975253,brits_joint_loss,0.6779102479548665,0.4064839374107269,0.648,0.3864241348713398,0.3770287141073657,0.7182325759304247,125.0,1.0845022201538086,1.927702300225323,BRITS-MI-image,1.3884171924264417
975254,complete_fusion,0.9257656057458982,0.7580769036052731,0.816,0.7531055900621118,0.6901800327332243,0.5363119613135074,125.0,0.0,0.0,Full data,0.0
975254,image_only,0.6943827144251188,0.454684001846375,0.568,0.4101597160603372,0.3694106066199089,0.8420837591614012,125.0,,,Image only,
975254,mean_impute_fusion,0.8078532966266715,0.5209873487120228,0.712,0.4935669920141969,0.4616210413311862,0.6805694674717316,125.0,0.9298672676086426,5.456125456306645,Mean imputation,2.3358350661608465
975254,missforest_fusion,0.8287313288392771,0.5228410824651617,0.696,0.4756728778467908,0.4591506462474204,0.6554900384075709,125.0,1.0104057788848877,3.2712967002354345,Forest surrogate,1.8086726348998137
975254,brits_joint_loss,0.8447799382991641,0.553581675466409,0.736,0.5947944395149364,0.5513513513513514,0.6489865759306309,125.0,0.9784349799156188,2.736085657467639,BRITS-MI-image,1.6541117427391776
975255,complete_fusion,0.9071377478101468,0.6933366795924787,0.776,0.6363157894736843,0.5737589630446774,0.5785508964707895,125.0,0.0,0.0,Full data,0.0
975255,image_only,0.6793723854586521,0.4013515301638264,0.536,0.4840935672514619,0.3912467940762803,0.9314277030131056,125.0,,,Image only,
975255,mean_impute_fusion,0.8072658805726859,0.5009393242930927,0.752,0.6121052631578947,0.5437338866880462,0.7314701528177527,125.0,0.8728508949279785,7.280796795118867,Mean imputation,2.6982951645657423
975255,missforest_fusion,0.8533931050341353,0.6068921183252954,0.744,0.6371929824561403,0.5473922902494331,0.6844090393624085,125.0,1.00646710395813,4.9291627714703035,Forest surrogate,2.2201717887294903
975255,brits_joint_loss,0.8618257638176091,0.671704292286012,0.76,0.615438596491228,0.5414433460945088,0.6745130195985605,125.0,0.99698668718338,4.5646284279982945,BRITS-MI-image,2.136499105545868
975256,complete_fusion,0.8759126645423163,0.6580826861535476,0.752,0.6930555555555555,0.6272749042145594,0.6640771267563368,125.0,0.0,0.0,Full data,0.0
975256,image_only,0.7251366602177459,0.5145012289100516,0.6,0.6166666666666667,0.4834603834603834,0.86131003309089,125.0,,,Image only,
975256,mean_impute_fusion,0.7885213478244376,0.5271825479692311,0.672,0.5743055555555555,0.5294795217395837,0.7821787003765531,125.0,0.8504647016525269,5.345161593482643,Mean imputation,2.3119605518872164
975256,missforest_fusion,0.8466060183604568,0.5659432646269517,0.688,0.6124999999999999,0.5627024474261745,0.7429176954405151,125.0,0.928619623184204,2.514849928412531,Forest surrogate,1.5858278369396002
975256,brits_joint_loss,0.8348282974849209,0.5572908411453639,0.664,0.5916666666666667,0.5341085505756165,0.7505891549859462,125.0,0.9758727550506592,2.203159403996642,BRITS-MI-image,1.484304350191241
975257,complete_fusion,0.8977888262964228,0.5951652226002278,0.808,0.6437499999999999,0.6005328005328004,0.5540745193917462,125.0,0.0,0.0,Full data,0.0
975257,image_only,0.7196110257577483,0.4447004362761871,0.56,0.5256944444444445,0.4294827979038505,0.8720638074050971,125.0,,,Image only,
975257,mean_impute_fusion,0.8244073157315732,0.5627531754000344,0.744,0.626388888888889,0.6209035580524345,0.6982649127890362,125.0,0.9317607283592224,5.941906644190448,Mean imputation,2.437602642801006
975257,missforest_fusion,0.8030063351162702,0.5001910167624426,0.768,0.5840277777777777,0.5422956994226791,0.673643967559949,125.0,0.993727684020996,2.991761654706162,Forest surrogate,1.7296709671802213
975257,brits_joint_loss,0.8220028166609764,0.5527537760093688,0.752,0.6298611111111111,0.5667447306791569,0.6658390125692478,125.0,0.9966802000999452,2.7179256702911863,BRITS-MI-image,1.64861325673767
975258,complete_fusion,0.8622443969475317,0.6707059404847251,0.76,0.6976388888888888,0.6120384169564498,0.6455982599290772,125.0,0.0,0.0,Full data,0.0
975258,image_only,0.6280269893290269,0.3868818964063483,0.528,0.4076388888888889,0.3576326893896744,0.9121267030201142,125.0,,,Image only,
975258,mean_impute_fusion,0.7620282052499922,0.5674687592726162,0.632,0.5523611111111112,0.4842612168193563,0.7592921676755825,125.0,0.8941885828971863,6.561327895115371,Mean imputation,2.56150890982549
975258,missforest_fusion,0.8291012222538869,0.6136574541330849,0.736,0.5975,0.5504413504413505,0.711460129849372,125.0,1.0529451370239258,3.5328310141898163,Forest surrogate,1.8795826702195932
975258,brits_joint_loss,0.8394966403850418,0.6227957554782507,0.744,0.6206944444444445,0.5670060933218828,0.7047665223857721,125.0,1.062644600868225,2.715623186176636,BRITS-MI-image,1.6479147994288528
975259,complete_fusion,0.8543772511456283,0.6926413460871191,0.704,0.6653679653679654,0.6197143852316266,0.6648162872854607,125.0,0.0,0.0,Full data,0.0
975259,image_only,0.6453461913679205,0.4137667847251919,0.504,0.348051948051948,0.320609829570403,0.8934453596123015,125.0,,,Image only,
975259,mean_impute_fusion,0.7926108385886472,0.5489777890712904,0.656,0.4949288806431663,0.4481812760882528,0.7689700400819699,125.0,0.9492389559745787,8.006385847532588,Mean imputation,2.829555768584989
975259,missforest_fusion,0.7852125397247911,0.553479458963299,0.664,0.5850958565244279,0.5478167479824481,0.7577999713753558,125.0,1.0558706521987915,4.125652802433114,Forest surrogate,2.031170303650857
975259,brits_joint_loss,0.8212544828333086,0.574705638389362,0.688,0.6468150896722326,0.5755226685459244,0.7268103193211795,125.0,1.0195932388305664,3.693018205039628,BRITS-MI-image,1.921722718042233
975260,complete_fusion,0.8701901073443331,0.5972731146293025,0.76,0.6017171717171718,0.5652873212195245,0.6000525584625628,125.0,0.0,0.0,Full data,0.0
975260,image_only,0.6261175106146616,0.4019750353453466,0.6,0.4405050505050505,0.3813144260678063,0.8656622809186365,125.0,,,Image only,
975260,mean_impute_fusion,0.706208293342465,0.4083917256222218,0.728,0.4451515151515151,0.4253411306042885,0.7278925321453155,125.0,0.851597249507904,4.547341077958824,Mean imputation,2.132449548748768
975260,missforest_fusion,0.7446065358342295,0.4313821022251756,0.704,0.4469696969696969,0.4226493310721688,0.7069260464739868,125.0,1.0279327630996704,2.0095779866013843,Forest surrogate,1.4175958474125776
975260,brits_joint_loss,0.7587779973859234,0.4495937463234378,0.704,0.5429292929292929,0.4812629399585921,0.6980335875990578,125.0,1.0213443040847778,1.9157001345053184,BRITS-MI-image,1.3840881960718106
975261,complete_fusion,0.8492939349497943,0.651642139537589,0.728,0.6188430698739977,0.5283437826541275,0.6544457379840172,125.0,0.0,0.0,Full data,0.0
975261,image_only,0.4992091741641696,0.3722566821397111,0.632,0.3550973654066438,0.3646484234719529,0.912388580023928,125.0,,,Image only,
975261,mean_impute_fusion,0.701146813369247,0.4318469526087067,0.664,0.4696449026345934,0.4413013886698096,0.7696497418386868,125.0,0.8358328342437744,6.6005819325176525,Mean imputation,2.5691597716992325
975261,missforest_fusion,0.7040825768880276,0.4420434460321653,0.656,0.5461053837342497,0.4680202378605689,0.7548853178958677,125.0,0.8037854433059692,3.47483993976343,Forest surrogate,1.8640922562371827
975261,brits_joint_loss,0.7015008921564269,0.4231506571520151,0.656,0.4072164948453609,0.3897398930738271,0.7540083142804646,125.0,0.8154444694519043,3.015176293968172,BRITS-MI-image,1.736426299607378
975262,complete_fusion,0.8919146231868895,0.6581613309936507,0.76,0.7298510882016037,0.6586554621848739,0.5815590283235537,125.0,0.0,0.0,Full data,0.0
975262,image_only,0.6435853529378626,0.4087207503902817,0.616,0.3536769759450172,0.3563765631943121,0.8379808349205449,125.0,,,Image only,
975262,mean_impute_fusion,0.7866002784551372,0.4663705974051459,0.688,0.4922794959908361,0.4496314496314497,0.7041798329254245,125.0,0.826137125492096,4.060168949490604,Mean imputation,2.014986091637013
975262,missforest_fusion,0.7659083576780382,0.4432710540686032,0.624,0.3769072164948453,0.3645481180978138,0.716395721334175,125.0,1.0207561254501345,2.116545216246707,Forest surrogate,1.4548351165155133
975262,brits_joint_loss,0.7774097856324661,0.4594030646430095,0.648,0.3674226804123711,0.3651933701657459,0.6959080524634366,125.0,1.0492101907730105,1.9143610126640136,BRITS-MI-image,1.3836043555381046
975263,complete_fusion,0.8150162926239961,0.5599356836885826,0.696,0.6316425120772947,0.585956416464891,0.6641565176450894,125.0,0.0,0.0,Full data,0.0
975263,image_only,0.6834568535060201,0.4578514168623883,0.584,0.4458031400966183,0.3965703812500784,0.9182957126187944,125.0,,,Image only,
975263,mean_impute_fusion,0.758939770310923,0.4576111435928754,0.64,0.4430857487922705,0.3999330655957162,0.7985474198014737,125.0,0.8534525632858276,3.733302888187657,Mean imputation,1.9321756877125995
975263,missforest_fusion,0.7794255445806509,0.4669028534833361,0.616,0.5668780193236714,0.4697788065843621,0.7833818711845847,125.0,0.9839390516281128,1.8628802875679824,Forest surrogate,1.3648737258691672
975263,brits_joint_loss,0.7841025653139816,0.4967360565613492,0.608,0.5523852657004831,0.4634747665422511,0.7815606890267385,125.0,1.0300616025924685,1.5348758172712773,BRITS-MI-image,1.2389010522520665
975264,complete_fusion,0.8503859743930353,0.5376169606555344,0.768,0.6245791245791246,0.551905751905752,0.6252176772918457,125.0,0.0,0.0,Full data,0.0
975264,image_only,0.5781948184860806,0.411809351537113,0.488,0.3232323232323232,0.318003144654088,0.9285083240912736,125.0,,,Image only,
975264,mean_impute_fusion,0.7433835492087919,0.5233454575282963,0.696,0.5260942760942761,0.4942864474836216,0.7526953688191506,125.0,0.8958474397659302,5.805962561915255,Mean imputation,2.4095565073090226
975264,missforest_fusion,0.7495256043358426,0.4665185124251763,0.704,0.5294612794612795,0.4979696887359237,0.7276469265954816,125.0,1.03135347366333,3.2457021786825337,Forest surrogate,1.8015832422296045
975264,brits_joint_loss,0.7698198633767919,0.486873770116966,0.68,0.4511784511784511,0.4095073465859982,0.7229164892012675,125.0,1.049632549285889,2.925437216671948,BRITS-MI-image,1.7103909543352795
975265,complete_fusion,0.8649077450991327,0.693428719727463,0.76,0.6512820512820513,0.5994798672764774,0.6025526045985748,125.0,0.0,0.0,Full data,0.0
975265,image_only,0.6907539014237578,0.4879436982593512,0.552,0.4762483130904183,0.380378244859808,0.88402392638085,125.0,,,Image only,
975265,mean_impute_fusion,0.8085730077117637,0.5804573144012073,0.672,0.6033738191632928,0.5253968253968254,0.7501140025616889,125.0,0.9007522463798524,4.599161002540994,Mean imputation,2.1445654577421958
975265,missforest_fusion,0.832922068185226,0.5941694015346224,0.68,0.5363697705802969,0.4905908825735478,0.707488302750919,125.0,0.964874804019928,2.160707215347167,Forest surrogate,1.4699344255262434
975265,brits_joint_loss,0.8453868212241419,0.615286040052843,0.728,0.6744939271255062,0.6079071842927265,0.703543741195739,125.0,1.056804060935974,2.026907072167298,BRITS-MI-image,1.4236948662432192
975266,complete_fusion,0.8667129750195531,0.6479693829517362,0.776,0.6603665521191294,0.6169019848577859,0.6031982051148455,125.0,0.0,0.0,Full data,0.0
975266,image_only,0.7175824055829066,0.5186574907715434,0.656,0.5565578465063,0.463984962406015,0.842414962386984,125.0,,,Image only,
975266,mean_impute_fusion,0.7424442973149906,0.5062771682696919,0.672,0.5253436426116839,0.4831752868135051,0.756167342914744,125.0,0.8787068724632263,4.674972412551324,Mean imputation,2.1621684514744275
975266,missforest_fusion,0.7953000079764303,0.5329634323825191,0.688,0.5322164948453608,0.4992537313432836,0.7057576557268739,125.0,1.071604609489441,1.934011221716328,Forest surrogate,1.3906873198948526
975266,brits_joint_loss,0.7765043123002888,0.5304295134396998,0.664,0.5913516609392898,0.5302781577747379,0.7133967902431047,125.0,1.0434521436691284,1.7446673547761595,BRITS-MI-image,1.3208585672872624
975267,complete_fusion,0.8476320968814214,0.632703305553919,0.76,0.7797563261480787,0.635728448682844,0.6652756325899225,125.0,0.0,0.0,Full data,0.0
975267,image_only,0.6323615793727129,0.4469799147033952,0.656,0.4732895970009372,0.4133156966490299,0.9344847796596046,125.0,,,Image only,
975267,mean_impute_fusion,0.7919670908978933,0.561411309871368,0.704,0.547224825575341,0.4961882030675649,0.7710864064724,125.0,0.8609563112258911,4.771520194081569,Mean imputation,2.1843809635870683
975267,missforest_fusion,0.7731269512563855,0.5168595750391445,0.672,0.5621680724773509,0.4871714449072939,0.7539665964097978,125.0,0.9988234639167786,2.2111129835763284,Forest surrogate,1.4869811644995132
975267,brits_joint_loss,0.7862871911942545,0.4906553497733734,0.672,0.5738831615120276,0.5,0.7411326910894387,125.0,0.992294430732727,1.9778178849685488,BRITS-MI-image,1.4063491333835096
975268,complete_fusion,0.8906559998793009,0.6631473693203324,0.792,0.7946127946127945,0.6782564877802972,0.5673267436943502,125.0,0.0,0.0,Full data,0.0
975268,image_only,0.6059185331029991,0.3824036154764739,0.456,0.297979797979798,0.2853989813242784,0.9240712247237656,125.0,,,Image only,
975268,mean_impute_fusion,0.7403173793288533,0.4240622726001467,0.672,0.3888888888888889,0.3779081133919844,0.7223166042140808,125.0,0.8850046396255493,4.672007291691001,Mean imputation,2.1614826605112984
975268,missforest_fusion,0.7866017314384481,0.4446925818636578,0.648,0.4587542087542087,0.4294593521995298,0.7004141096620474,125.0,0.8760372400283813,2.2336862991499298,Forest surrogate,1.49455220690009
975268,brits_joint_loss,0.782487273440495,0.4382922244392369,0.64,0.3754208754208754,0.3676125182504919,0.6986341640096673,125.0,0.8813187479972839,1.9313078658515543,BRITS-MI-image,1.389715030447449
975269,complete_fusion,0.9014443352981444,0.6885662638030623,0.8,0.5939443535188217,0.5763267322106752,0.5982564208651531,125.0,0.0,0.0,Full data,0.0
975269,image_only,0.721943599627196,0.4310511836928654,0.568,0.4967812329514456,0.3889792476130236,0.8685833408665384,125.0,,,Image only,
975269,mean_impute_fusion,0.8164251635905719,0.5046608440541528,0.704,0.5774140752864158,0.5266818936877077,0.7186361678757476,125.0,0.9050036668777466,5.697220609402612,Mean imputation,2.386885126980897
975269,missforest_fusion,0.8540115824844721,0.5804754505274003,0.696,0.592416803055101,0.5262324660962691,0.6855110738115806,125.0,1.047099471092224,2.554094600333878,Forest surrogate,1.5981534971128017
975269,brits_joint_loss,0.8363119483023395,0.5589816423930255,0.696,0.5831423895253682,0.5252765690151787,0.6672590621435813,125.0,1.0565122365951538,2.252598725494818,BRITS-MI-image,1.5008659918509772
975270,complete_fusion,0.8510095749794621,0.5427510366856009,0.736,0.5208080808080808,0.4976073762838468,0.5679454968680804,125.0,0.0,0.0,Full data,0.0
975270,image_only,0.4609051276733595,0.3677856995998363,0.584,0.3378787878787879,0.3501123595505618,0.8901706167163524,125.0,,,Image only,
975270,mean_impute_fusion,0.7523112615893135,0.4519138263193973,0.68,0.4738383838383838,0.422953216374269,0.7211719890218103,125.0,0.8929317593574524,4.896049111012174,Mean imputation,2.2127017672999165
975270,missforest_fusion,0.7583115979145264,0.4521126917438779,0.688,0.3812121212121211,0.3762483130904184,0.7147529338120497,125.0,0.8584682941436768,2.458985125363673,Forest surrogate,1.5681151505433755
975270,brits_joint_loss,0.7683095214439478,0.4473316532397179,0.696,0.3963636363636364,0.3890688259109311,0.6880504557766687,125.0,0.907116711139679,2.241494233556019,BRITS-MI-image,1.4971620598839723
975271,complete_fusion,0.8622161937531564,0.5254034506470089,0.808,0.5099083111505472,0.4909188034188034,0.582764180835206,125.0,0.0,0.0,Full data,0.0
975271,image_only,0.5501273345739195,0.4010349235065417,0.656,0.4120082815734989,0.3996101364522417,0.8774953189113415,125.0,,,Image only,
975271,mean_impute_fusion,0.6147594276794573,0.4173911423600228,0.632,0.3352558414670216,0.3371371371371371,0.7875898662251606,125.0,0.9128358364105223,5.526338084123704,Mean imputation,2.3508164718079767
975271,missforest_fusion,0.684389423647182,0.4312565028813852,0.696,0.4401064773735581,0.4153901603892593,0.7262291336098675,125.0,1.032864332199097,2.791583363737282,Forest surrogate,1.6708032091593799
975271,brits_joint_loss,0.7185128812574257,0.4428382249426952,0.712,0.4690919846199349,0.4318552141527002,0.6954031455899455,125.0,1.054537653923035,2.245304007448037,BRITS-MI-image,1.4984338515423485
975272,complete_fusion,0.855972915972916,0.5220059079928848,0.792,0.5592111592111592,0.5440915260810549,0.5908737876627509,125.0,0.0,0.0,Full data,0.0
975272,image_only,0.6721663521663522,0.4264079652958409,0.688,0.3896103896103896,0.3825277479412818,0.8565077034035034,125.0,,,Image only,
975272,mean_impute_fusion,0.7213823213823214,0.4757738470359685,0.688,0.4904280904280904,0.4716931216931217,0.7281420115471243,125.0,0.8827331066131592,5.243687130925308,Mean imputation,2.289909852139448
975272,missforest_fusion,0.8150603100603102,0.5265965632958691,0.712,0.5255411255411255,0.4898024159565502,0.6660944613467514,125.0,0.9710991978645324,2.529433261640017,Forest surrogate,1.590419209403614
975272,brits_joint_loss,0.8343634143634143,0.5392820502910823,0.736,0.5606541606541606,0.5194899817850637,0.6513981656607554,125.0,0.9562721848487854,2.297190100088931,BRITS-MI-image,1.5156484091269093
975273,complete_fusion,0.8834744508933651,0.6064637648776584,0.768,0.7423611111111111,0.651279496688253,0.5990977062407701,125.0,0.0,0.0,Full data,0.0
975273,image_only,0.6967759663897425,0.4497583760224306,0.592,0.4138888888888889,0.3863932054918503,0.8477744057385712,125.0,,,Image only,
975273,mean_impute_fusion,0.7628670668791017,0.4771080736705088,0.688,0.4972222222222222,0.4629965718894938,0.7766063492601775,125.0,0.8985069990158081,7.382312265611644,Mean imputation,2.7170410864783854
975273,missforest_fusion,0.771876635939456,0.5000264217237017,0.688,0.5076388888888889,0.4699872286079182,0.749251485810744,125.0,0.963018000125885,5.006776653906931,Forest surrogate,2.2375827702918456
975273,brits_joint_loss,0.7609529228784947,0.4788208674506874,0.656,0.4624999999999999,0.4317378223979988,0.7470971991803249,125.0,0.9805448055267334,4.156586046160707,BRITS-MI-image,2.0387707193700586
975274,complete_fusion,0.8688398596848156,0.6646704703545275,0.76,0.6786558595069234,0.6132762642104564,0.6783820758823205,125.0,0.0,0.0,Full data,0.0
975274,image_only,0.5428331323113883,0.3940462979678044,0.52,0.3159405606214117,0.3163422257498912,0.9530710343717445,125.0,,,Image only,
975274,mean_impute_fusion,0.7629087712756711,0.5397950640986197,0.704,0.5243161094224924,0.5000079127696276,0.789953261257748,125.0,0.8216265439987183,4.379322744070975,Mean imputation,2.092683144690322
975274,missforest_fusion,0.8428722031176828,0.5925366521888796,0.728,0.5686845660249915,0.528683160415004,0.7237971823240805,125.0,0.8563491702079773,2.038355738250839,Forest surrogate,1.4277099629304402
975274,brits_joint_loss,0.8152057506424852,0.5860974596758562,0.672,0.5128335021952043,0.469633259821939,0.7341804279300015,125.0,0.8606975674629211,1.9446059433096896,BRITS-MI-image,1.3944912847736588
975275,complete_fusion,0.8253004457628786,0.5678389234065372,0.752,0.5910652920962199,0.5427803677803679,0.6578851672283805,125.0,0.0,0.0,Full data,0.0
975275,image_only,0.5446541691925252,0.413467983957523,0.584,0.3240263459335624,0.3452380952380952,0.8637603644542919,125.0,,,Image only,
975275,mean_impute_fusion,0.7007633987391242,0.4425722396773729,0.64,0.4107961053837343,0.382689075630252,0.7548917518404932,125.0,0.8458424806594849,4.107659050861283,Mean imputation,2.026736058509169
975275,missforest_fusion,0.7489051723488055,0.5093318800992793,0.712,0.4835337915234823,0.4369784804567413,0.7111030160332024,125.0,1.019789457321167,1.9519670780861689,Forest surrogate,1.3971281537805216
975275,brits_joint_loss,0.7704878919408878,0.4876233116362438,0.72,0.5078751431844215,0.4571779620786909,0.702044891141034,125.0,1.034099817276001,1.7257665050229565,BRITS-MI-image,1.313684324723012
975276,complete_fusion,0.8651719893970272,0.6054040334612806,0.744,0.6516713527022805,0.5936147186147186,0.6957609258416946,125.0,0.0,0.0,Full data,0.0
975276,image_only,0.6408959792019252,0.4023531457516919,0.52,0.3405185879412684,0.3277439024390244,0.921166959156946,125.0,,,Image only,
975276,mean_impute_fusion,0.8184296878989751,0.6170408745510759,0.68,0.6177236280329064,0.5312276296516558,0.7973203960767766,125.0,0.927545964717865,8.680545320240965,Mean imputation,2.946276517952951
975276,missforest_fusion,0.8103373610903918,0.520226125405561,0.672,0.5621680724773509,0.5162100006570735,0.7737922355474697,125.0,0.9846742153167723,4.8008981402440005,Forest surrogate,2.1910951919631425
975276,brits_joint_loss,0.8304189626703419,0.5460194424113841,0.664,0.4896386545871081,0.4553400383141762,0.7584657159159545,125.0,0.959687888622284,3.8371797815619497,BRITS-MI-image,1.9588720687073848
975277,complete_fusion,0.8694489852412729,0.6531849959179445,0.784,0.6508152173913043,0.6449934123847166,0.6385121926788845,125.0,0.0,0.0,Full data,0.0
975277,image_only,0.6010623452279463,0.3752481478353789,0.504,0.4030797101449275,0.3561820057263305,0.9350109622860102,125.0,,,Image only,
975277,mean_impute_fusion,0.7727999183181519,0.4854289089230989,0.68,0.5395531400966184,0.4736728470029417,0.7466460075829261,125.0,0.8845081329345703,6.366023205184379,Mean imputation,2.5230979380880916
975277,missforest_fusion,0.769807629448581,0.4813421848968038,0.688,0.4909420289855071,0.4567684404381119,0.7257659078147846,125.0,0.9001175761222839,3.393117951675496,Forest surrogate,1.8420417887972835
975277,brits_joint_loss,0.8039616396283651,0.5162549873957726,0.672,0.495018115942029,0.4577320827320827,0.7084653380146998,125.0,0.8712639808654785,2.8147565544935325,BRITS-MI-image,1.677723622797728
975278,complete_fusion,0.8132180339288874,0.6461221235426279,0.736,0.5860042735042735,0.5610752996227857,0.6602164732374607,125.0,0.0,0.0,Full data,0.0
975278,image_only,0.6144878096015745,0.3903056669419713,0.544,0.3108974358974359,0.317235378208714,0.8779126374252132,125.0,,,Image only,
975278,mean_impute_fusion,0.7180579356420226,0.4767786253503237,0.664,0.49866452991453,0.4584411194580686,0.7621031598596525,125.0,0.8133550882339478,3.91161608816687,Mean imputation,1.9777805965695159
975278,missforest_fusion,0.7040012556900629,0.4596072081404811,0.648,0.5104166666666666,0.4546847788227099,0.745941512603419,125.0,0.9398532509803772,1.9802021795088576,Forest surrogate,1.4071965674733782
975278,brits_joint_loss,0.7228619585353616,0.5492467297431044,0.624,0.4906517094017094,0.4605042016806722,0.7311232405979209,125.0,0.9649615287780762,1.5944021792362504,BRITS-MI-image,1.2626963923430883
975279,complete_fusion,0.8549045326345373,0.5638979483518811,0.744,0.508843537414966,0.4938015000168163,0.5674883951438742,125.0,0.0,0.0,Full data,0.0
975279,image_only,0.6807627649144061,0.4694405297171913,0.576,0.5404452690166975,0.4286471398791647,0.8726089602541529,125.0,,,Image only,
975279,mean_impute_fusion,0.7649955113293071,0.5068098742788966,0.736,0.4819418676561534,0.4802869885592398,0.7237308213433062,125.0,0.871513843536377,5.327324746448678,Mean imputation,2.308099812930255
975279,missforest_fusion,0.7813937428130678,0.4545580665230765,0.736,0.4421768707482993,0.4302566717661057,0.6834841469545199,125.0,0.9012354016304016,2.641577791220351,Forest surrogate,1.6252931400889967
975279,brits_joint_loss,0.8189294815046085,0.5028009645641012,0.72,0.4236239950525665,0.410195141377937,0.6551471440111492,125.0,0.967491328716278,2.231172322130133,BRITS-MI-image,1.4937109232144394
975280,complete_fusion,0.8964919767838854,0.7415835380149668,0.784,0.7388888888888889,0.7019762845849802,0.5836358032602855,125.0,0.0,0.0,Full data,0.0
975280,image_only,0.7581705455028261,0.56234546596132,0.648,0.6166666666666667,0.5109126984126984,0.8561087158347328,125.0,,,Image only,
975280,mean_impute_fusion,0.8236788721975646,0.6678819079556657,0.672,0.6798611111111111,0.5586291703108998,0.7326335328195204,125.0,0.8789141178131104,4.483661317084605,Mean imputation,2.117465777075182
975280,missforest_fusion,0.8201402166078676,0.6498272378552611,0.688,0.6659722222222223,0.5828305750816405,0.7036226245281638,125.0,1.0181797742843628,2.516739975131171,Forest surrogate,1.5864236430194714
975280,brits_joint_loss,0.8324575604112135,0.6945143922607523,0.736,0.7284722222222223,0.6455777828728649,0.7007176272903919,125.0,1.0180139541625977,2.129217581651329,BRITS-MI-image,1.4591838752026178
975281,complete_fusion,0.8290375847792116,0.6060881581232773,0.696,0.5340755735492578,0.4956201650706007,0.6568013147455455,125.0,0.0,0.0,Full data,0.0
975281,image_only,0.6246738765399052,0.3863879960780048,0.584,0.3958164642375168,0.3727586590934402,0.8994046203703735,125.0,,,Image only,
975281,mean_impute_fusion,0.6987524490395304,0.4227048964920328,0.632,0.5392712550607288,0.4578871726839129,0.7766227485349539,125.0,0.8861729502677917,5.186865241573115,Mean imputation,2.277469042945066
975281,missforest_fusion,0.7011975601927753,0.4336883824021957,0.6,0.5159244264507422,0.4385118149824032,0.7645208565167022,125.0,1.0789802074432373,2.100444009557318,Forest surrogate,1.4492908643737867
975281,brits_joint_loss,0.7478838935298265,0.4540617940924443,0.656,0.5684210526315789,0.4909930574670458,0.7443187165848498,125.0,1.0333285331726074,1.648140078512523,BRITS-MI-image,1.2837990802740602
975282,complete_fusion,0.8668390408732192,0.5621748046940277,0.736,0.6784547988849065,0.5886410229681366,0.6239514755582135,125.0,0.0,0.0,Full data,0.0
975282,image_only,0.6417639224148441,0.4603623487043388,0.592,0.4772600557546795,0.4263134126147824,0.9162278903870064,125.0,,,Image only,
975282,mean_impute_fusion,0.8032360267882542,0.499033347750015,0.728,0.6012743926722421,0.5790697674418605,0.769778525771597,125.0,0.8224661350250244,4.0785791895907,Mean imputation,2.0195492540640596
975282,missforest_fusion,0.8460805008980893,0.5425116078918667,0.704,0.564237355635205,0.5168831706963349,0.6964024515641117,125.0,0.9386227130889891,2.092171922804284,Forest surrogate,1.446434209635642
975282,brits_joint_loss,0.8414576272563984,0.5244342008854118,0.704,0.5011549183592194,0.4804555110913492,0.7017367474199183,125.0,0.943925678730011,1.8861453590435555,BRITS-MI-image,1.3733700735939878
975283,complete_fusion,0.8533887112292997,0.5464029088393024,0.72,0.5383535036605408,0.503219696969697,0.6855282703414203,125.0,0.0,0.0,Full data,0.0
975283,image_only,0.5739105135554894,0.3845880659626663,0.496,0.3236216943074854,0.3190394511149228,0.9363081891112568,125.0,,,Image only,
975283,mean_impute_fusion,0.6792775511519414,0.4164502593050322,0.664,0.3847303152547437,0.3743238840013034,0.8180443364879428,125.0,0.8474251627922058,3.5400175934732028,Mean imputation,1.8814934476296223
975283,missforest_fusion,0.7916877409861302,0.4680021831985565,0.696,0.5169878978036755,0.4788204626914304,0.7748340033617063,125.0,0.994230091571808,2.1207977769757473,Forest surrogate,1.456295909825935
975283,brits_joint_loss,0.7764817395656903,0.4480424272632008,0.688,0.4392649036306588,0.4125190565868532,0.7697559140074833,125.0,1.01830792427063,1.979048907447534,BRITS-MI-image,1.4067867313304934
975284,complete_fusion,0.8554236504236504,0.5186943714496673,0.776,0.564983164983165,0.5244841294882312,0.6509580846408939,125.0,0.0,0.0,Full data,0.0
975284,image_only,0.5846825396825398,0.3853732443766099,0.624,0.3876863876863877,0.3698260159537718,0.8795725782384474,125.0,,,Image only,
975284,mean_impute_fusion,0.7934452584452586,0.4614572372552394,0.712,0.5130351130351131,0.4731144099565152,0.7345610040822051,125.0,0.8898155093193054,4.707291823046641,Mean imputation,2.169629420672259
975284,missforest_fusion,0.7705464905464905,0.4560169810194195,0.728,0.5697931697931699,0.5194601381042059,0.7241436738735985,125.0,0.9812970757484436,2.0566563815324748,Forest surrogate,1.434104731716786
975284,brits_joint_loss,0.7463055463055462,0.4401231532635696,0.672,0.4962000962000961,0.4492427790788446,0.7277889901523223,125.0,1.0169620513916016,1.846840581468363,BRITS-MI-image,1.3589851292300306
975285,complete_fusion,0.8404365509861599,0.6120999660789069,0.752,0.6281221091581868,0.5883895131086142,0.653583704347001,125.0,0.0,0.0,Full data,0.0
975285,image_only,0.5672452486117271,0.4221701488719014,0.52,0.4214847363552267,0.3763146885697956,0.9898925442177232,125.0,,,Image only,
975285,mean_impute_fusion,0.7803196537867945,0.5265778784656033,0.656,0.5255550416281222,0.481930671347082,0.7789351777408646,125.0,0.8413559198379517,4.666564052934725,Mean imputation,2.160223148874839
975285,missforest_fusion,0.8235254159682838,0.5720573823079848,0.696,0.6304733271662042,0.5555945590171127,0.7259324650248196,125.0,0.9244179129600524,2.577780614393324,Forest surrogate,1.6055468272191016
975285,brits_joint_loss,0.8184289139089759,0.5587773778307462,0.688,0.6159805735430157,0.5398729750945551,0.7123100200559752,125.0,0.9395037889480592,2.2537102993609572,BRITS-MI-image,1.5012362570098543
975286,complete_fusion,0.8778658771843815,0.6598107200868661,0.824,0.6508903467666354,0.621031746031746,0.6140629066067628,125.0,0.0,0.0,Full data,0.0
975286,image_only,0.6088232252588996,0.4126379307498863,0.512,0.4348641049671977,0.3525691699604742,0.949952303943321,125.0,,,Image only,
975286,mean_impute_fusion,0.781469556366964,0.5199606106232487,0.696,0.584192439862543,0.5065151515151515,0.8034254523415335,125.0,0.8852641582489014,5.163379876586803,Mean imputation,2.272307170385818
975286,missforest_fusion,0.8490036733764913,0.6289157942928522,0.784,0.7092575236905133,0.6196537094369912,0.7205554184951245,125.0,1.005475997924805,3.1814063055272217,Forest surrogate,1.7836497149180446
975286,brits_joint_loss,0.8524162855134257,0.5860010064447474,0.808,0.7195668020410287,0.6318070818070818,0.7079662081159497,125.0,1.028679370880127,2.828605446794956,BRITS-MI-image,1.681845845134136
975287,complete_fusion,0.8390379053160185,0.5963089383711039,0.72,0.5905274167040191,0.5610245257943699,0.641555529230975,125.0,0.0,0.0,Full data,0.0
975287,image_only,0.6371661307582946,0.391942606316175,0.592,0.3838637382339758,0.3614215242122219,0.8959288833726134,125.0,,,Image only,
975287,mean_impute_fusion,0.8028124768508929,0.5737089532864663,0.736,0.5531749589122964,0.5270350564468211,0.7334964958869769,125.0,0.8349776864051819,5.043678492399564,Mean imputation,2.245813548004278
975287,missforest_fusion,0.8007527451440759,0.5386088600247544,0.704,0.4761990138951142,0.4615403282069949,0.7085251950046217,125.0,0.8874720335006714,2.6065341999095937,Forest surrogate,1.6144764476168718
975287,brits_joint_loss,0.7993967818712724,0.5312916322610132,0.696,0.5881667413715822,0.5100193923723335,0.7197209167738052,125.0,0.9030911922454834,2.205146635834129,BRITS-MI-image,1.4849736145245576
975288,complete_fusion,0.8597597369846174,0.5482135689617913,0.744,0.4473684210526316,0.4387851348802112,0.5849521276654569,125.0,0.0,0.0,Full data,0.0
975288,image_only,0.5373640217659356,0.3889437913793468,0.496,0.3385964912280702,0.3303706285581503,0.9181540279501464,125.0,,,Image only,
975288,mean_impute_fusion,0.7492034564761837,0.5217469392655464,0.672,0.5235492577597841,0.4891256438349263,0.7351904302893206,125.0,0.9329179525375366,5.7198268390894365,Mean imputation,2.3916159472393215
975288,missforest_fusion,0.7737541529886028,0.5440441143899633,0.704,0.528272604588394,0.5015105147520402,0.6856851171500852,125.0,1.0029194355010986,2.502041267353964,Forest surrogate,1.5817842037882297
975288,brits_joint_loss,0.743124794751589,0.5278147358072101,0.68,0.5084345479082321,0.475719667558163,0.6894859313446282,125.0,1.0395692586898804,2.0946855434813805,BRITS-MI-image,1.4473028513346404
975289,complete_fusion,0.8243655045755359,0.5009903520596273,0.72,0.4801388888888889,0.442562468556096,0.6230186770772368,125.0,0.0,0.0,Full data,0.0
975289,image_only,0.6780322694024888,0.4546395373943938,0.496,0.4637499999999999,0.3671824808500123,0.8752586030576041,125.0,,,Image only,
975289,mean_impute_fusion,0.7054494965327254,0.4120957376396555,0.672,0.4198611111111112,0.3990762664795813,0.7329866411819145,125.0,0.8696243762969971,5.174791978115002,Mean imputation,2.2748169108996446
975289,missforest_fusion,0.7624983376080555,0.4532068903033082,0.664,0.4361111111111111,0.4097901298107165,0.7058138737062672,125.0,0.9636937975883484,2.228336318919614,Forest surrogate,1.492761306746532
975289,brits_joint_loss,0.7665739922738356,0.4706878298472834,0.664,0.42625,0.4049533799533799,0.6931435504039898,125.0,1.033212184906006,1.9455153686104787,BRITS-MI-image,1.3948173244588262
975290,complete_fusion,0.8501841269841269,0.5732612285526109,0.736,0.62,0.5360843067546978,0.6681087540266654,125.0,0.0,0.0,Full data,0.0
975290,image_only,0.6390793650793651,0.3966830276964854,0.52,0.4633333333333334,0.3693932411674347,0.9373763148913036,125.0,,,Image only,
975290,mean_impute_fusion,0.7680698412698413,0.498753886271478,0.744,0.5466666666666667,0.5022383728266081,0.7644871512738847,125.0,0.9458412528038024,6.0827608986280275,Mean imputation,2.4663253837699575
975290,missforest_fusion,0.7901079365079365,0.5134483610238106,0.712,0.5333333333333333,0.4785720331809717,0.7473980493146606,125.0,1.070562720298767,2.765186126370101,Forest surrogate,1.6628848806727725
975290,brits_joint_loss,0.8230190476190477,0.5738113112909818,0.752,0.64,0.5647451075627871,0.7172270281517366,125.0,1.1050260066986084,2.284315845206801,BRITS-MI-image,1.5113953305494896
975291,complete_fusion,0.8777202289351193,0.559360909396591,0.72,0.5402777777777777,0.503219696969697,0.6713124615583265,125.0,0.0,0.0,Full data,0.0
975291,image_only,0.6034707798993065,0.3691794176051461,0.528,0.4175,0.3636449653572627,0.9321862827975202,125.0,,,Image only,
975291,mean_impute_fusion,0.7486945394382697,0.4623728769518076,0.728,0.5536111111111112,0.5518518518518518,0.7668640040814657,125.0,0.8049469590187073,3.0586760617364868,Mean imputation,1.7489071049476832
975291,missforest_fusion,0.8056790364459644,0.4873672373430494,0.744,0.4806944444444445,0.4598290598290598,0.7225462504858617,125.0,0.9503121376037598,1.355296056130971,Forest surrogate,1.1641718327338844
975291,brits_joint_loss,0.8074590418289477,0.5049051796144085,0.72,0.4702777777777778,0.4491965688051226,0.7208194541040008,125.0,0.9688963294029236,1.2029166106199178,BRITS-MI-image,1.096775551614786
975292,complete_fusion,0.8281388678371436,0.5229831597776919,0.728,0.4899583175445244,0.4636133139127151,0.6292014836934865,125.0,0.0,0.0,Full data,0.0
975292,image_only,0.6936333609482697,0.5214055714936481,0.568,0.4405456612353164,0.4032258064516129,0.8571207239484009,125.0,,,Image only,
975292,mean_impute_fusion,0.7396451542597586,0.493305540774887,0.656,0.5043324491600354,0.4669206867614706,0.7561739245471069,125.0,0.8948675394058228,4.773902362753024,Mean imputation,2.1849261687189854
975292,missforest_fusion,0.7934072961633815,0.4923899665505566,0.704,0.4554755589238348,0.447585601404741,0.6927887322713149,125.0,1.081164836883545,2.0780468149102935,Forest surrogate,1.441543206050479
975292,brits_joint_loss,0.7836747492984815,0.4927262920062836,0.672,0.4486547934823797,0.4356807511737089,0.7021608320266691,125.0,1.1204326152801514,1.9108615615413056,BRITS-MI-image,1.3823391629919575
975293,complete_fusion,0.866680375123305,0.6685648898940589,0.752,0.6343343792021515,0.5933197348291688,0.6118224536541159,125.0,0.0,0.0,Full data,0.0
975293,image_only,0.6571530961106988,0.42168593205576,0.496,0.4611385029134917,0.3718263718263718,0.9332412573502546,125.0,,,Image only,
975293,mean_impute_fusion,0.7710700903699296,0.4735913832156811,0.64,0.3854773644105782,0.3714619021305336,0.7749566553127639,125.0,0.913050889968872,6.965453448824296,Mean imputation,2.6392145514952543
975293,missforest_fusion,0.7593294679294099,0.4659996793596079,0.68,0.5101150455699984,0.4655167140716273,0.7788039225557631,125.0,1.0635579824447632,3.5711291941361583,Forest surrogate,1.8897431555997652
975293,brits_joint_loss,0.7519627157601424,0.4456261251401806,0.616,0.3862244135664127,0.3639846743295019,0.7775029405765319,125.0,1.044506549835205,3.3283640173803963,BRITS-MI-image,1.8243804475438767
975294,complete_fusion,0.8107506546262527,0.5646431091297934,0.672,0.5049257759784075,0.4718661030109568,0.7158517048909442,125.0,0.0,0.0,Full data,0.0
975294,image_only,0.7010422343915166,0.439722378462608,0.616,0.3446693657219973,0.3695380774032459,0.8806253661021282,125.0,,,Image only,
975294,mean_impute_fusion,0.7480765327176812,0.4794557303511472,0.624,0.5730094466936572,0.4817131491641954,0.8022851483985456,125.0,0.8626593947410583,4.8554142479208195,Mean imputation,2.2035004533516256
975294,missforest_fusion,0.7179537244609016,0.4928034557468215,0.584,0.4849527665317139,0.4228350266086115,0.7906337539828209,125.0,1.027868151664734,2.5276438395834395,Forest surrogate,1.5898565468568036
975294,brits_joint_loss,0.7320088010518632,0.4785994747821308,0.608,0.5047908232118758,0.4425213675213675,0.7854034231869347,125.0,1.016624093055725,2.3220607112225067,BRITS-MI-image,1.523830932624255
975295,complete_fusion,0.8233263033263033,0.5711477759124234,0.784,0.5941317941317942,0.5621345029239766,0.6213043967126988,125.0,0.0,0.0,Full data,0.0
975295,image_only,0.5190531690531691,0.4147258687932268,0.592,0.425012025012025,0.3877505210838544,0.9421924245630624,125.0,,,Image only,
975295,mean_impute_fusion,0.7155766455766456,0.4772811024757371,0.672,0.4711880711880711,0.4439707812589168,0.7261898189248795,125.0,0.9223111271858216,6.01446577117101,Mean imputation,2.452440778320857
975295,missforest_fusion,0.7088198838198837,0.4773389472787024,0.656,0.4644540644540644,0.43614920151233,0.7261305950617976,125.0,0.8991397619247437,3.1562262118171196,Forest surrogate,1.7765771055085449
975295,brits_joint_loss,0.7044046694046694,0.4769308736891237,0.656,0.4644540644540644,0.4325842696629213,0.7138138083034464,125.0,0.9453480839729308,2.545213223015491,BRITS-MI-image,1.5953724402206184
975296,complete_fusion,0.8449263033436907,0.5305536503419693,0.712,0.4810090702947846,0.4377668308702791,0.6099845006258278,125.0,0.0,0.0,Full data,0.0
975296,image_only,0.6649312156225845,0.452805375186515,0.648,0.5300453514739228,0.4532679738562091,0.8349036623309721,125.0,,,Image only,
975296,mean_impute_fusion,0.7943453451883978,0.569020184121699,0.704,0.5328798185941043,0.4836505013300593,0.6813341810580921,125.0,0.8480418920516968,3.845449754486488,Mean imputation,1.9609818343081324
975296,missforest_fusion,0.8036010363796128,0.5277135763084767,0.76,0.5986394557823129,0.5688684075780849,0.6383601977276668,125.0,0.9883198142051696,1.6563799012924605,Forest surrogate,1.2870042351493878
975296,brits_joint_loss,0.8017574033526916,0.5851734459939427,0.752,0.5952380952380952,0.5640328568505364,0.6456271248589622,125.0,1.025559663772583,1.3551371570718522,BRITS-MI-image,1.164103585198436
975297,complete_fusion,0.8806843723594323,0.638499906354674,0.752,0.6122217241894518,0.550668449197861,0.5810533698204652,125.0,0.0,0.0,Full data,0.0
975297,image_only,0.6689140018774581,0.4401134498806953,0.56,0.4253996712983715,0.3807876544856406,0.9023046969615808,125.0,,,Image only,
975297,mean_impute_fusion,0.8185634872505703,0.523726006123402,0.736,0.6385178544748245,0.5691815856777493,0.7064362897350027,125.0,0.9189824461936952,5.570208869727265,Mean imputation,2.360128994298249
975297,missforest_fusion,0.830526364138962,0.5926728989104659,0.744,0.727297176154191,0.6090318602094262,0.6919329232810132,125.0,0.9802882075309752,2.3535006826836087,Forest surrogate,1.5341123435666661
975297,brits_joint_loss,0.8276860455821353,0.5857467976723576,0.728,0.6571940833706859,0.5742295814442473,0.6739056968729412,125.0,0.9859407544136048,2.338620279976854,BRITS-MI-image,1.5292548119842075
975298,complete_fusion,0.8318597851427736,0.5895853683138187,0.76,0.5974719407213686,0.5773170226000415,0.6582964029124914,125.0,0.0,0.0,Full data,0.0
975298,image_only,0.6284619795765077,0.4889485134734131,0.496,0.3716683011877519,0.3371143550828431,0.9453923657625866,125.0,,,Image only,
975298,mean_impute_fusion,0.7051486222745442,0.4683039762991351,0.664,0.4783044567941593,0.4530459071146171,0.7937061291551301,125.0,0.832248330116272,4.978094272382598,Mean imputation,2.2311643311021707
975298,missforest_fusion,0.7149859875170899,0.4955565173547563,0.624,0.4827285605317642,0.4421245421245421,0.7950244442456353,125.0,0.9192261695861816,3.152620518846196,Forest surrogate,1.7755620290055192
975298,brits_joint_loss,0.7372999116775567,0.5434055412742756,0.664,0.5112564018742508,0.4729134976168745,0.7826578359072321,125.0,0.9405092000961304,3.2825238550867692,BRITS-MI-image,1.8117736765630439
975299,complete_fusion,0.9107890981236082,0.6132758552994186,0.784,0.6102693602693603,0.5637849832442713,0.6185267623060104,125.0,0.0,0.0,Full data,0.0
975299,image_only,0.6654859638089999,0.4136692160811907,0.616,0.3653198653198653,0.3743008314436886,0.8679930164110248,125.0,,,Image only,
975299,mean_impute_fusion,0.7756927456839197,0.4455213346887026,0.64,0.4461279461279461,0.4019607843137254,0.7716314937581583,125.0,0.8520010709762573,3.669604943557027,Mean imputation,1.915621294399555
975299,missforest_fusion,0.8175788367756592,0.5278731056540305,0.672,0.5513468013468014,0.4832193342453261,0.7382085328533251,125.0,0.8953467011451721,1.8614110297763895,Forest surrogate,1.3643353802406466
975299,brits_joint_loss,0.8173684133525262,0.5580245455982452,0.64,0.5942760942760943,0.5172542156290802,0.7248178939986831,125.0,0.9525327086448668,1.459571314181435,BRITS-MI-image,1.2081271928822044
975300,complete_fusion,0.8718791735956156,0.5565155202175477,0.736,0.5497406883545498,0.4902364376282245,0.5950271132274743,125.0,0.0,0.0,Full data,0.0
975300,image_only,0.6241824236467962,0.3916679600427242,0.64,0.352035203520352,0.348068498606133,0.8674839639365918,125.0,,,Image only,
975300,mean_impute_fusion,0.7643637337071844,0.4456475697990514,0.68,0.5014930064435015,0.4338306337027564,0.7021806127600008,125.0,0.8748241066932678,7.03843884968314,Mean imputation,2.6530056256410655
975300,missforest_fusion,0.7583203127554694,0.4608006196463556,0.688,0.4670752789564671,0.4080879719177592,0.6838966460905459,125.0,0.8415852785110474,2.645363316311516,Forest surrogate,1.626457290036082
975300,brits_joint_loss,0.771177563621972,0.4330710923127815,0.656,0.3460631777463461,0.3557347670250896,0.6746399802520637,125.0,0.880642294883728,2.2467276000662273,BRITS-MI-image,1.4989088031185311
975301,complete_fusion,0.800952333707096,0.4823660208755226,0.72,0.4858091787439613,0.4655209487064016,0.6620765944287712,125.0,0.0,0.0,Full data,0.0
975301,image_only,0.5596966922701113,0.374005266435067,0.56,0.3722826086956521,0.3540342401898466,0.9345402292905536,125.0,,,Image only,
975301,mean_impute_fusion,0.7320976241571091,0.4878069591327754,0.672,0.5391002415458938,0.4854966797100385,0.7961138178341486,125.0,0.8814923167228699,5.5082243310042776,Mean imputation,2.3469606581713887
975301,missforest_fusion,0.7755146848844485,0.5061341741257532,0.672,0.5200785024154589,0.4691558441558441,0.7479825415000931,125.0,1.0743263959884644,2.615516028516638,Forest surrogate,1.6172557090691124
975301,brits_joint_loss,0.7707369617012222,0.5457039972130145,0.696,0.5605374396135265,0.5139250047107594,0.7307813109912991,125.0,1.0900698900222778,2.2799572422912613,BRITS-MI-image,1.509952728495585
975302,complete_fusion,0.8995637426900585,0.6203476170089651,0.76,0.6505263157894737,0.5835016835016835,0.6061131295544108,125.0,0.0,0.0,Full data,0.0
975302,image_only,0.6243321637426901,0.3922601439020174,0.52,0.4133333333333333,0.3602203487761319,0.8797891614777144,125.0,,,Image only,
975302,mean_impute_fusion,0.8356011695906433,0.5240519920450094,0.688,0.5221052631578947,0.4961053065198667,0.7230242132790424,125.0,0.9139358997344972,6.730849958433088,Mean imputation,2.594388166491878
975302,missforest_fusion,0.8284947368421052,0.4991634307867911,0.736,0.5431578947368422,0.5090393477490252,0.7073270692233962,125.0,0.8873523473739624,3.984713159003711,Forest surrogate,1.9961746313896764
975302,brits_joint_loss,0.8344011695906431,0.5007796980225373,0.72,0.4729824561403508,0.4512169312169312,0.7110112575048881,125.0,0.8997175693511963,3.3690524499285024,BRITS-MI-image,1.8354978752176485
975303,complete_fusion,0.8572558068116427,0.56025944597498,0.704,0.5787318473488686,0.534625322997416,0.6587344350553773,125.0,0.0,0.0,Full data,0.0
975303,image_only,0.6808049586128585,0.4297185892275023,0.584,0.4711246200607902,0.42257259648564,0.916420564388056,125.0,,,Image only,
975303,mean_impute_fusion,0.7596789325200599,0.4795951988152526,0.616,0.4646234380276934,0.4361772486772486,0.7782585832869592,125.0,0.9531186819076538,8.394877213912512,Mean imputation,2.8973914498929054
975303,missforest_fusion,0.8096134780576527,0.5617077558408891,0.688,0.5379094900371496,0.4967320261437908,0.7333804677855973,125.0,1.0680077075958252,3.8666207044583087,Forest surrogate,1.9663724734796073
975303,brits_joint_loss,0.8301996470933245,0.5769881188011413,0.688,0.6260553866936845,0.5466089466089467,0.7316663288143846,125.0,1.034850835800171,3.260512750497631,BRITS-MI-image,1.805688996061512
975304,complete_fusion,0.853855285392198,0.5473003711590289,0.76,0.6064250754972405,0.5668915879442196,0.643307604829474,125.0,0.0,0.0,Full data,0.0
975304,image_only,0.6217623532854298,0.4284182390858873,0.584,0.4552743934187233,0.4055465367965368,0.9333537875781198,125.0,,,Image only,
975304,mean_impute_fusion,0.7705629468524898,0.4863512700985801,0.688,0.4829740706029365,0.4449474941834874,0.7976410448143393,125.0,0.858806848526001,4.623897228244509,Mean imputation,2.150324912250358
975304,missforest_fusion,0.7990751327327775,0.5335731932919426,0.72,0.5839841716130376,0.5118652589240825,0.7434704184162133,125.0,1.0148640871047974,2.035312203618037,Forest surrogate,1.4266436848835231
975304,brits_joint_loss,0.8057774490887822,0.5029944511721046,0.76,0.6128813912319067,0.5460809646856158,0.7317781967614929,125.0,1.0446429252624512,1.7364196404277286,BRITS-MI-image,1.3177327651795445
975305,complete_fusion,0.88292623681911,0.7003281069444606,0.792,0.7599378881987578,0.6951470375199188,0.6329876161945651,125.0,0.0,0.0,Full data,0.0
975305,image_only,0.6009653298044154,0.420796701624943,0.512,0.3312629399585921,0.3367488230407089,0.9378251294252888,125.0,,,Image only,
975305,mean_impute_fusion,0.8264707554510334,0.541697984184652,0.72,0.6012422360248447,0.5584973166368515,0.7291066426032233,125.0,0.7938312292098999,3.907532894525789,Mean imputation,1.976748060458335
975305,missforest_fusion,0.8419361670751182,0.587992259217811,0.776,0.7692546583850932,0.6947717504075887,0.7003851383981695,125.0,1.0384773015975952,1.7467062518833845,Forest surrogate,1.321630149430386
975305,brits_joint_loss,0.8022214622371502,0.5060865329067318,0.752,0.6322981366459627,0.5867620751341681,0.7071218114414941,125.0,1.049692988395691,1.4386825804156405,BRITS-MI-image,1.199450949566359
975306,complete_fusion,0.8296025733858574,0.5078987984171901,0.768,0.5173765158237208,0.4907921978860194,0.6143644431312626,125.0,0.0,0.0,Full data,0.0
975306,image_only,0.6335991257604171,0.3977835806837348,0.608,0.518189884649512,0.4294986960301362,0.90471547142294,125.0,,,Image only,
975306,mean_impute_fusion,0.7973445603205015,0.4656881425040937,0.68,0.491052942916297,0.4587660652684922,0.738205226946516,125.0,0.8197833895683289,5.225238027070568,Mean imputation,2.2858779554190045
975306,missforest_fusion,0.8137211592692598,0.499910072445603,0.688,0.4722715173025731,0.4446159487143094,0.6777922684003725,125.0,0.8981969952583313,3.3604895073476455,Forest surrogate,1.833163797195342
975306,brits_joint_loss,0.8205096081365166,0.4809700232721773,0.712,0.5268411712511091,0.5008960573476703,0.6764784123341514,125.0,0.90937077999115,2.9656035177076543,BRITS-MI-image,1.7220927726773765
975307,complete_fusion,0.8436205437684864,0.577954459055411,0.728,0.5490414347557205,0.5043822588929204,0.6446285348053312,125.0,0.0,0.0,Full data,0.0
975307,image_only,0.6509467303642061,0.4088731968432728,0.576,0.4021645021645022,0.3696692460358622,0.9038261372521652,125.0,,,Image only,
975307,mean_impute_fusion,0.7683788071143596,0.472766185952867,0.672,0.5017316017316018,0.4543103448275862,0.7564789751880018,125.0,0.8772041201591492,6.178665674405706,Mean imputation,2.485692192208381
975307,missforest_fusion,0.7440460857612962,0.5247067124059503,0.68,0.5051329622758195,0.4659700452803901,0.7298679193613768,125.0,0.996540069580078,3.1964774187401575,Forest surrogate,1.7878695194952448
975307,brits_joint_loss,0.7400877909269034,0.5103292924565004,0.656,0.4949288806431663,0.4504345783415551,0.7360096606734975,125.0,1.0310404300689695,2.95537238875008,BRITS-MI-image,1.71911965515786
975308,complete_fusion,0.9165456765456764,0.7538844901385217,0.856,0.636940836940837,0.6671428571428571,0.5017080280938179,125.0,0.0,0.0,Full data,0.0
975308,image_only,0.7206515706515706,0.4733323836391834,0.688,0.5795093795093794,0.4888319700349775,0.811270773958518,125.0,,,Image only,
975308,mean_impute_fusion,0.8405577755577754,0.5929751960635793,0.816,0.6201058201058202,0.6207664123873818,0.6268395936159717,125.0,0.936453342437744,7.206603113826363,Mean imputation,2.684511708640207
975308,missforest_fusion,0.8460963110963111,0.5855186477696526,0.792,0.5974987974987975,0.6015855320203146,0.597595782944315,125.0,1.023800253868103,3.6143388654713897,Forest surrogate,1.9011414638241388
975308,brits_joint_loss,0.8337863987863988,0.5496911525633421,0.792,0.5717171717171717,0.5518174521270497,0.5982844872149508,125.0,1.0354772806167605,3.0158975179929,BRITS-MI-image,1.73663396200607
975309,complete_fusion,0.912722986027713,0.65694681110187,0.816,0.5054545454545455,0.4875213675213675,0.5267365890080716,125.0,0.0,0.0,Full data,0.0
975309,image_only,0.5951410491996199,0.4987157924674033,0.616,0.4826262626262625,0.4210743431082414,0.7821419331462836,125.0,,,Image only,
975309,mean_impute_fusion,0.8146294136655429,0.4757262554203987,0.744,0.4518181818181818,0.4267045454545454,0.6529123196229429,125.0,0.8611436486244202,4.329607782331511,Mean imputation,2.0807709586428564
975309,missforest_fusion,0.8280805212719266,0.4862590618190469,0.744,0.4399999999999999,0.4245776943593797,0.6094538574372778,125.0,0.9164795279502868,2.581129380072963,Forest surrogate,1.6065893626166468
975309,brits_joint_loss,0.8163529299038451,0.468631358299678,0.736,0.4484848484848485,0.4303350970017636,0.6137055127375141,125.0,0.9655579328536988,2.21266872636461,BRITS-MI-image,1.4875041937300917
975310,complete_fusion,0.8772796380125603,0.6082647143796497,0.752,0.7202922525503169,0.6474854213142344,0.6793533059572915,125.0,0.0,0.0,Full data,0.0
975310,image_only,0.5367115863439393,0.3684098897641045,0.44,0.2987317342156052,0.2910252024176075,0.9813644547820576,125.0,,,Image only,
975310,mean_impute_fusion,0.7673343440065451,0.4740859781344118,0.664,0.5157154673283705,0.4792503346720214,0.7877136976070892,125.0,0.8699841499328613,4.632508682211812,Mean imputation,2.152326341940695
975310,missforest_fusion,0.769760720602751,0.48316965844916,0.632,0.4921422663358147,0.4518010073565628,0.7536101157583429,125.0,0.9727755784988404,2.7491861196389156,Forest surrogate,1.6580669828565175
975310,brits_joint_loss,0.7763663483540144,0.4994405075175361,0.664,0.488006617038875,0.4590548340548341,0.7448408812803309,125.0,0.925291895866394,2.334193878051003,BRITS-MI-image,1.5278068850646678
975311,complete_fusion,0.905624851915761,0.7658516931786212,0.792,0.7455555555555554,0.6420083184789067,0.5862700186032662,125.0,0.0,0.0,Full data,0.0
975311,image_only,0.6297699896063532,0.4146852789555937,0.64,0.446984126984127,0.4053945249597423,0.853023118670626,125.0,,,Image only,
975311,mean_impute_fusion,0.7855872289326835,0.4796919633093623,0.72,0.5430158730158731,0.4967908902691511,0.7133286178101049,125.0,0.9631500244140624,6.95062970130293,Mean imputation,2.6364046922471767
975311,missforest_fusion,0.8357027114299841,0.5205307716187937,0.728,0.5338095238095238,0.4911193493055939,0.6570343468859569,125.0,1.0481534004211426,3.1740464805098068,Forest surrogate,1.781585384007684
975311,brits_joint_loss,0.8280448359721087,0.5494189801005792,0.744,0.6204761904761905,0.5582167102817917,0.6694263525397465,125.0,1.064382791519165,2.8526869726391895,BRITS-MI-image,1.68898992674296
975312,complete_fusion,0.8371614023410303,0.6237353543681589,0.76,0.6244152046783625,0.5848032194256872,0.6680326318141189,125.0,0.0,0.0,Full data,0.0
975312,image_only,0.6054472815702622,0.3828202994579542,0.512,0.4013157894736842,0.3520559970194806,0.9862037373306128,125.0,,,Image only,
975312,mean_impute_fusion,0.7015695421819936,0.5605067743105073,0.64,0.5302631578947369,0.4681385281385281,0.8084913966809851,125.0,0.8688300251960754,5.351277575047781,Mean imputation,2.3132828566882564
975312,missforest_fusion,0.7897391508279532,0.5956602031662105,0.752,0.6833333333333332,0.6194176400880311,0.751219495320068,125.0,1.0223053693771362,2.576560554055875,Forest surrogate,1.6051668305991982
975312,brits_joint_loss,0.7984581381623346,0.6232601442202733,0.72,0.6692982456140352,0.5827751196172248,0.7542922627763342,125.0,0.9958372116088868,2.1952818097963007,BRITS-MI-image,1.4816483421501543
975313,complete_fusion,0.9063925670218111,0.7177622830564264,0.776,0.6884057971014492,0.6358834244080146,0.6051851763436018,125.0,0.0,0.0,Full data,0.0
975313,image_only,0.6595075623952731,0.4151184472395977,0.624,0.4741847826086956,0.4298412698412697,0.8553077183780338,125.0,,,Image only,
975313,mean_impute_fusion,0.7577021188285409,0.4685691426468983,0.68,0.4163647342995169,0.4012148234305838,0.7479711699778232,125.0,0.907540500164032,6.224957342473152,Mean imputation,2.494986441340544
975313,missforest_fusion,0.8127527185286908,0.511621403794713,0.712,0.4743357487922705,0.4334035580524344,0.6856832131059816,125.0,1.020660161972046,2.679952716417021,Forest surrogate,1.6370561127881418
975313,brits_joint_loss,0.807106819489415,0.5048702996501765,0.696,0.4343297101449275,0.411836314261635,0.697707239954252,125.0,1.0330899953842163,2.4299747751430445,BRITS-MI-image,1.5588376359143516
975314,complete_fusion,0.8832577321283336,0.6394316659411657,0.76,0.722524154589372,0.6077277352888721,0.6666868295353631,125.0,0.0,0.0,Full data,0.0
975314,image_only,0.6332304785982359,0.4336900460263857,0.504,0.3069142512077294,0.3137691425487418,0.943739133201278,125.0,,,Image only,
975314,mean_impute_fusion,0.7269614929929992,0.4684297590008735,0.696,0.5244565217391305,0.4632756980583067,0.7897245540363854,125.0,0.8249033689498901,4.000387097203158,Mean imputation,2.0000967719595866
975314,missforest_fusion,0.8058809793282631,0.5734255475676003,0.664,0.532608695652174,0.465462980502411,0.7498474810285674,125.0,1.0960845947265625,1.8880634849519964,Forest surrogate,1.3740682242712683
975314,brits_joint_loss,0.799345556563455,0.5398011989748777,0.656,0.5701992753623188,0.4676346697963008,0.7591039551489902,125.0,1.0762611627578735,1.7720708345069662,BRITS-MI-image,1.331191509328003
975315,complete_fusion,0.817155408405705,0.5272605085776081,0.712,0.553922008068131,0.4997206703910614,0.6711582609141605,125.0,0.0,0.0,Full data,0.0
975315,image_only,0.5735169651305912,0.4022731250004851,0.496,0.4390258479007919,0.3700273271701843,0.9732950188896872,125.0,,,Image only,
975315,mean_impute_fusion,0.7092224871421751,0.4657195154076692,0.64,0.5229941730165845,0.4545326278659612,0.8091161298485259,125.0,0.9059659242630004,8.23091495605887,Mean imputation,2.8689571199407755
975315,missforest_fusion,0.7378268047096322,0.4753098061818628,0.656,0.5298670252502614,0.4677252970153578,0.7535143752970299,125.0,0.9350565671920776,4.235604504661722,Forest surrogate,2.0580584308181638
975315,brits_joint_loss,0.7467793518124418,0.4716444486957603,0.624,0.4528910802330794,0.414129827944983,0.745632762803958,125.0,0.9653013944625854,3.241416224952673,BRITS-MI-image,1.8003933528406155
975316,complete_fusion,0.8227655557352426,0.6058087257391863,0.744,0.545751633986928,0.576658736452551,0.6176755389686014,125.0,0.0,0.0,Full data,0.0
975316,image_only,0.6110070590364917,0.3820116875420662,0.608,0.3823529411764705,0.3564806287222938,0.8627191012118753,125.0,,,Image only,
975316,mean_impute_fusion,0.6587444005875098,0.4048355716110509,0.712,0.3980392156862745,0.3843537414965987,0.7225449064438006,125.0,0.8796272277832031,4.98147021041597,Mean imputation,2.231920744653799
975316,missforest_fusion,0.7129801352710246,0.4247065021982272,0.76,0.4176470588235294,0.4186385147433564,0.6878417623006396,125.0,0.9311187863349916,2.4103646919249417,Forest surrogate,1.5525349245427433
975316,brits_joint_loss,0.7548185727130007,0.4437442713706321,0.744,0.4111111111111111,0.4047138047138047,0.662016568415093,125.0,0.9090519547462464,2.1883692195460083,BRITS-MI-image,1.4793137664288831
975317,complete_fusion,0.9079111951007748,0.6471312211302679,0.84,0.6303630363036303,0.599942104501375,0.5272291672034037,125.0,0.0,0.0,Full data,0.0
975317,image_only,0.7000378429123763,0.4392875732284508,0.6,0.5511551155115512,0.4139918740477399,0.8127959825629015,125.0,,,Image only,
975317,mean_impute_fusion,0.7726824114585842,0.4676500421397525,0.76,0.521923620933522,0.4969841269841269,0.6484978867985203,125.0,0.9177541732788086,7.235606255171179,Mean imputation,2.689908224302677
975317,missforest_fusion,0.7861574461355341,0.4720976553220735,0.728,0.5212949866415213,0.4729166666666666,0.6424589084296475,125.0,1.0054779052734375,3.463265041690291,Forest surrogate,1.8609849654659467
975317,brits_joint_loss,0.7766377092582255,0.49747994785056,0.784,0.582115354392582,0.5668934240362812,0.6311784756167411,125.0,1.013438701629639,3.0072347434895166,BRITS-MI-image,1.7341380404943305
975318,complete_fusion,0.9113040935672516,0.6272451157577258,0.776,0.6968421052631579,0.6128535023929392,0.5619122638780508,125.0,0.0,0.0,Full data,0.0
975318,image_only,0.6943988304093566,0.4942438162464956,0.616,0.4512280701754386,0.4150258806975224,0.8668134424470295,125.0,,,Image only,
975318,mean_impute_fusion,0.8364479532163743,0.4926060840289359,0.68,0.4989473684210526,0.4641132746395904,0.7052797601975836,125.0,0.8999691009521484,5.6988485561997,Mean imputation,2.387226121715264
975318,missforest_fusion,0.8376467836257309,0.482302334699159,0.672,0.4519298245614035,0.425473321858864,0.6945868582669882,125.0,1.0302070379257202,2.526375501569335,Forest surrogate,1.5894576123852235
975318,brits_joint_loss,0.8478397660818713,0.493822475380776,0.672,0.4519298245614035,0.425473321858864,0.6752117971790732,125.0,1.065282940864563,2.203517402884195,BRITS-MI-image,1.4844249401314284
975319,complete_fusion,0.872200935907344,0.6090576541089726,0.8,0.6237472766884532,0.5518452163719408,0.5714815333932481,125.0,0.0,0.0,Full data,0.0
975319,image_only,0.6454487034779599,0.3961181505844899,0.648,0.4525054466230937,0.3961161769672408,0.8504194866264319,125.0,,,Image only,
975319,mean_impute_fusion,0.7294456085743702,0.4748471308398677,0.672,0.538562091503268,0.4624611228826685,0.7382228333262305,125.0,0.9373120665550232,6.818893357536822,Mean imputation,2.6113010851942793
975319,missforest_fusion,0.7654885406237081,0.4958452643334832,0.68,0.5265795206971678,0.4641881897826829,0.6972780965516632,125.0,1.1594228744506836,3.176849872336867,Forest surrogate,1.782371979227924
975319,brits_joint_loss,0.7888917527370333,0.5430786629001925,0.712,0.5701525054466231,0.4982078853046595,0.674699579751315,125.0,1.1693376302719116,2.7752647703190148,BRITS-MI-image,1.66591259384129
975320,complete_fusion,0.873730752965482,0.5885557480412177,0.728,0.5973267866884888,0.5340180516651105,0.678482851436316,125.0,0.0,0.0,Full data,0.0
975320,image_only,0.650870216872276,0.4235098084787171,0.48,0.4057283142389525,0.351246029406949,0.9514772904106829,125.0,,,Image only,
975320,mean_impute_fusion,0.7732291537233197,0.4886618521252244,0.656,0.5375886524822695,0.4698805287974775,0.796532717155935,125.0,0.8744669556617737,4.373661054194306,Mean imputation,2.091329972575898
975320,missforest_fusion,0.8007724029446748,0.4975981793791392,0.632,0.5269503546099291,0.459385110195192,0.7574017944407232,125.0,0.9975680708885192,2.222993212553322,Forest surrogate,1.4909705605924357
975320,brits_joint_loss,0.7870937922241971,0.4749356540027236,0.616,0.4474631751227496,0.4161945542380325,0.7561290121411288,125.0,1.0220599174499512,2.054911004320059,BRITS-MI-image,1.4334960775391257
975321,complete_fusion,0.8873263468466418,0.7430806761480667,0.76,0.6635501797973195,0.6540560803718698,0.6092396315164451,125.0,0.0,0.0,Full data,0.0
975321,image_only,0.5871513728763946,0.4190437102441685,0.528,0.3637354255203225,0.3329372152901564,0.9410519156681492,125.0,,,Image only,
975321,mean_impute_fusion,0.7728632402165122,0.5602754926676466,0.648,0.5152228397079656,0.4853747559629912,0.7917725739771125,125.0,0.8949005007743835,5.73004661297628,Mean imputation,2.393751577122463
975321,missforest_fusion,0.7889567931272109,0.5997070293367627,0.656,0.507921978860194,0.5105943779976929,0.7495426393778735,125.0,1.0914690494537354,2.924209399183584,Forest surrogate,1.7100319877661891
975321,brits_joint_loss,0.787921019187905,0.5858792908253078,0.64,0.5009044350005448,0.4648105006823031,0.7489288742051696,125.0,1.0491594076156616,2.762988693690645,BRITS-MI-image,1.6622240203085277
975322,complete_fusion,0.8869043768710233,0.6258339998210892,0.808,0.6062154489765427,0.5830409356725146,0.5943598388029946,125.0,0.0,0.0,Full data,0.0
975322,image_only,0.6648533732931391,0.4426304616675056,0.544,0.4817570596145226,0.4051386615356633,0.882157304561948,125.0,,,Image only,
975322,mean_impute_fusion,0.7660295844021158,0.4795046493429729,0.648,0.4632003585835949,0.4317998385794996,0.8082614348108018,125.0,0.8484899997711182,4.434768025127207,Mean imputation,2.1058888919235996
975322,missforest_fusion,0.787365933972573,0.5013089403932082,0.648,0.5264305991334229,0.4655943017783253,0.7432730883094052,125.0,0.9200832843780518,1.9978050761091024,Forest surrogate,1.4134373265585929
975322,brits_joint_loss,0.8335896151378526,0.592280829178874,0.704,0.6579411325265202,0.5798456721505855,0.715350490500023,125.0,0.9096412062644958,1.8006345863633606,BRITS-MI-image,1.3418772620338124
975323,complete_fusion,0.8928399395073967,0.65672162054918,0.784,0.664185277088503,0.6380713807870539,0.5984627085375229,125.0,0.0,0.0,Full data,0.0
975323,image_only,0.6611149585532886,0.4118554141674293,0.536,0.3752412462089881,0.355864341602205,0.8991709618630299,125.0,,,Image only,
975323,mean_impute_fusion,0.7548753955300445,0.4743895598487482,0.672,0.4731182795698925,0.4526100184641146,0.7959397524098132,125.0,0.858884334564209,5.236353367532053,Mean imputation,2.2883079704296914
975323,missforest_fusion,0.7890322613994339,0.5304938536449907,0.68,0.6233802040253653,0.5727059895995193,0.7687491854390788,125.0,0.9465559720993042,2.7283018720432364,Forest surrogate,1.6517572073531983
975323,brits_joint_loss,0.7918210558153632,0.4998950048207927,0.664,0.5734767025089605,0.5093479068926372,0.7635492956935964,125.0,0.9241648316383362,2.530921899301585,BRITS-MI-image,1.5908871422264952
975324,complete_fusion,0.8855747845867777,0.544357201707209,0.816,0.526556253569389,0.483325719506624,0.5473449639280091,125.0,0.0,0.0,Full data,0.0
975324,image_only,0.5359510967277958,0.4125243122969042,0.576,0.4437845040928993,0.3778864195315945,0.8918096246915465,125.0,,,Image only,
975324,mean_impute_fusion,0.7601313503074402,0.4337745578960454,0.688,0.425661526746621,0.3906967042136003,0.6933413240457164,125.0,0.885576069355011,5.271602590937642,Mean imputation,2.295997079906166
975324,missforest_fusion,0.800914801931364,0.4926210282951866,0.704,0.5446792309156673,0.4852291522726797,0.6706601590828563,125.0,1.0151976346969604,2.3828928195335655,Forest surrogate,1.5436621455271764
975324,brits_joint_loss,0.8063112821212955,0.4832185906751751,0.704,0.4955644393679803,0.4512774806892454,0.6515585756122028,125.0,1.0218640565872192,1.9848673497693952,BRITS-MI-image,1.4088532037687231
975325,complete_fusion,0.8479050981170652,0.5213466002213959,0.784,0.6038011695906432,0.5622895622895623,0.6087121352595889,125.0,0.0,0.0,Full data,0.0
975325,image_only,0.6965038737398729,0.4671455945676108,0.68,0.5998538011695906,0.5220695970695971,0.8670058651982944,125.0,,,Image only,
975325,mean_impute_fusion,0.7344468407477635,0.4461830639132276,0.664,0.4991228070175439,0.4591651542649728,0.7894714923946079,125.0,0.8313935995101929,4.420952384138258,Mean imputation,2.1026060934322097
975325,missforest_fusion,0.7506729987461375,0.4631140109618636,0.68,0.4228070175438596,0.408286252354049,0.7503112562033318,125.0,0.9179317355155944,2.1784867933518313,Forest surrogate,1.4759697806363894
975325,brits_joint_loss,0.7536200139253199,0.4833342176249872,0.68,0.4644736842105263,0.4458341450743554,0.7338706483779396,125.0,0.92703115940094,1.8316808322959608,BRITS-MI-image,1.3533960367519777
975326,complete_fusion,0.9047102934492992,0.5838000463649088,0.784,0.6853408029878617,0.5837939634549804,0.5668447241240474,125.0,0.0,0.0,Full data,0.0
975326,image_only,0.5646533132653774,0.3863871366836899,0.528,0.3165266106442577,0.3253968253968254,0.9250969137977312,125.0,,,Image only,
975326,mean_impute_fusion,0.8047227959351345,0.4947375722554994,0.76,0.4743230625583567,0.454302154422588,0.6720150110651826,125.0,0.8853440284729004,4.428484176595635,Mean imputation,2.1043963924592806
975326,missforest_fusion,0.8645920708876856,0.5269775454011363,0.792,0.6886087768440708,0.5561015561015561,0.6225365781779516,125.0,0.9757943749427797,2.0026877277488504,Forest surrogate,1.415163498592601
975326,brits_joint_loss,0.8951272980029764,0.5572219571262669,0.8,0.5410830999066293,0.4998719918074756,0.6131151715505152,125.0,0.9902772307395936,1.7643435510075391,BRITS-MI-image,1.328285944745159
975327,complete_fusion,0.8451120732701733,0.5261312761993095,0.744,0.467706302794022,0.4518518518518519,0.6251545067496365,125.0,0.0,0.0,Full data,0.0
975327,image_only,0.645168272402752,0.3933229038897373,0.608,0.3727095516569201,0.3654546995508094,0.8638657529370168,125.0,,,Image only,
975327,mean_impute_fusion,0.7682402206400728,0.4766810976900513,0.736,0.4641975308641975,0.4481481481481482,0.6921678874498842,125.0,0.9866915941238404,7.004652438510111,Mean imputation,2.6466303932566992
975327,missforest_fusion,0.7574712390308759,0.4880816314921459,0.728,0.4606887589343729,0.4459962756052141,0.6964508673916937,125.0,1.0395169258117676,3.608277633016728,Forest surrogate,1.8995466914547607
975327,brits_joint_loss,0.8018139633062185,0.4932633732788682,0.744,0.4500324886289799,0.4428767750801649,0.6568439033656188,125.0,1.0684852600097656,3.2837440595744813,BRITS-MI-image,1.8121103883523435
975328,complete_fusion,0.8661566508407311,0.5658345766211337,0.752,0.6766212853169374,0.5743271221532091,0.6029296825072338,125.0,0.0,0.0,Full data,0.0
975328,image_only,0.4878475875289426,0.3648787357027085,0.568,0.3503147416190894,0.3392341040462427,0.8870636582473006,125.0,,,Image only,
975328,mean_impute_fusion,0.780890124523515,0.4597097899688696,0.696,0.4153125457473283,0.3973815231421722,0.7133141238113522,125.0,0.924113154411316,6.889777815310786,Mean imputation,2.6248386265275023
975328,missforest_fusion,0.7427653645841562,0.4686518416971666,0.704,0.4409310496267018,0.4153005464480874,0.7137440256898905,125.0,1.0161148309707642,3.1661078977141592,Forest surrogate,1.779356034556929
975328,brits_joint_loss,0.7422226433379006,0.4732199255652731,0.68,0.4308300395256917,0.4020833333333333,0.7135097450035827,125.0,1.0549849271774292,2.676726995641727,BRITS-MI-image,1.6360705961668423
975329,complete_fusion,0.88560944360478,0.6331453412251127,0.784,0.6161858974358974,0.5797625412667294,0.6000129951227109,125.0,0.0,0.0,Full data,0.0
975329,image_only,0.7463584997325811,0.4330996465515958,0.624,0.5889423076923076,0.4407647907647907,0.8740683361280187,125.0,,,Image only,
975329,mean_impute_fusion,0.8174403128119918,0.4945435838351009,0.704,0.5440705128205128,0.484534632034632,0.7248967579262978,125.0,0.8705018162727356,4.270734337913073,Mean imputation,2.066575509850311
975329,missforest_fusion,0.8205175102256788,0.519978389544662,0.688,0.6541132478632479,0.5293706904076111,0.6808229791925393,125.0,1.0493451356887815,1.6958221942254763,Forest surrogate,1.3022373801367693
975329,brits_joint_loss,0.8236924366800004,0.5274544226596648,0.672,0.656517094017094,0.5433862433862434,0.6952347576829833,125.0,0.9867087602615356,1.5320050476140272,BRITS-MI-image,1.2377419147843491
975330,complete_fusion,0.8632158970697063,0.6920200394726934,0.808,0.7515548281505727,0.7307794023196946,0.6341756698443398,125.0,0.0,0.0,Full data,0.0
975330,image_only,0.6665180641570484,0.4664998435862359,0.592,0.4999454446262957,0.4314400458978771,0.8925015125944883,125.0,,,Image only,
975330,mean_impute_fusion,0.8231049535888246,0.5555750738594408,0.672,0.5539552645935625,0.4889576489419769,0.7601349501155843,125.0,0.7927525639533997,3.649342406271443,Mean imputation,1.9103252095576404
975330,missforest_fusion,0.8227056141194783,0.5928132513144937,0.68,0.7208401527550464,0.5681159420289855,0.7483672769057979,125.0,0.9463794231414796,1.6656543202959462,Forest surrogate,1.290602309116153
975330,brits_joint_loss,0.8413389575675093,0.5807499926671159,0.712,0.681178396072013,0.5746286393345218,0.7313292716378395,125.0,0.9652047157287598,1.592028517910166,BRITS-MI-image,1.2617561245780289
975331,complete_fusion,0.9019801157177848,0.7212858394442073,0.752,0.5927267847557703,0.5755507662835249,0.6355539885132188,125.0,0.0,0.0,Full data,0.0
975331,image_only,0.5800325693152389,0.4170165610654585,0.576,0.4261943102522812,0.3994206773618538,0.9499557390872192,125.0,,,Image only,
975331,mean_impute_fusion,0.800573925954513,0.5556664119493242,0.664,0.5703166935050993,0.5403340620731925,0.7686460779828831,125.0,0.8732830286026001,4.086154351107733,Mean imputation,2.0214238425198543
975331,missforest_fusion,0.8360711287882155,0.5879387174767272,0.696,0.5760869565217391,0.5414577438529534,0.7474156509615684,125.0,0.9720834493637084,2.143865118580674,Forest surrogate,1.4641943581986219
975331,brits_joint_loss,0.836584846206086,0.5870054469393468,0.664,0.5009393451422437,0.4707608351109855,0.7394274298959477,125.0,0.9881962537765504,1.959449779815196,BRITS-MI-image,1.3998034789981042
975332,complete_fusion,0.8270582236848538,0.5949337685647252,0.664,0.6320785597381343,0.550734555524874,0.6880625393990755,125.0,0.0,0.0,Full data,0.0
975332,image_only,0.6274062395064454,0.4297207608778505,0.584,0.4425531914893617,0.4043679565151958,0.8905063526127648,125.0,,,Image only,
975332,mean_impute_fusion,0.6691421527454472,0.4189147485957528,0.624,0.4157119476268412,0.3869863013698629,0.8287674899719196,125.0,0.8467929363250732,4.390206458294829,Mean imputation,2.095281951980408
975332,missforest_fusion,0.7102294436542892,0.4576413649034945,0.568,0.4354609929078014,0.4013361638361639,0.7995409476753029,125.0,0.8482599854469299,2.1352296581844725,Forest surrogate,1.4612425049198619
975332,brits_joint_loss,0.7043496542604298,0.4547506177146843,0.576,0.4390070921985815,0.4082737708468702,0.7910919782871266,125.0,0.8701077103614807,1.9689767229122983,BRITS-MI-image,1.403202310043815
975333,complete_fusion,0.891536507936508,0.5923693910500517,0.768,0.6433333333333334,0.5584747733085329,0.6003196429519021,125.0,0.0,0.0,Full data,0.0
975333,image_only,0.7194253968253969,0.4425803338631619,0.632,0.6233333333333334,0.4621341811363821,0.8470779380516472,125.0,,,Image only,
975333,mean_impute_fusion,0.744136507936508,0.5140399023769923,0.688,0.6066666666666667,0.4902921227864019,0.7554744588472194,125.0,0.890825629234314,4.690923743542126,Mean imputation,2.1658540448382313
975333,missforest_fusion,0.7941174603174602,0.5302633337644586,0.672,0.6266666666666666,0.4930829606243971,0.7367717284395778,125.0,1.0705525875091553,2.0165294419722963,Forest surrogate,1.420045577427815
975333,brits_joint_loss,0.8094571428571428,0.5172840775695801,0.664,0.4599999999999999,0.4227936038146915,0.7373311391165285,125.0,1.104885816574097,1.822077988405412,BRITS-MI-image,1.3498436903602624
975334,complete_fusion,0.8741373441373442,0.6102055385483415,0.808,0.5917267917267918,0.5789719693374179,0.5445593225546856,125.0,0.0,0.0,Full data,0.0
975334,image_only,0.6357499907499907,0.3851056541705529,0.616,0.3342953342953342,0.3414368084774817,0.834760138093061,125.0,,,Image only,
975334,mean_impute_fusion,0.6854068154068154,0.4730282898827201,0.736,0.4856180856180856,0.4848507370246501,0.6946171471073781,125.0,0.8726999759674072,4.7027556346304245,Mean imputation,2.168583785476232
975334,missforest_fusion,0.7586855736855737,0.5332175819003366,0.728,0.4822510822510823,0.4788668201880637,0.6365319262255801,125.0,1.0255147218704224,2.8785625320141226,Forest surrogate,1.6966327039209526
975334,brits_joint_loss,0.7706389906389907,0.5253133231592044,0.736,0.5231361231361231,0.5352252685586019,0.6227331270338218,125.0,1.0482523441314695,2.323174054366965,BRITS-MI-image,1.524196199433316
975335,complete_fusion,0.8340412869166792,0.5970950969915357,0.704,0.5615419094576423,0.5161003511995613,0.6709035465423302,125.0,0.0,0.0,Full data,0.0
975335,image_only,0.6398778815276297,0.3945530246866431,0.56,0.3701180337666218,0.3460925039872408,0.9072182828058372,125.0,,,Image only,
975335,mean_impute_fusion,0.7067718373768154,0.4254938976421863,0.656,0.414462871656955,0.3882915173237753,0.8003629445246393,125.0,0.8971044421195984,4.746639083750655,Mean imputation,2.1786782882634728
975335,missforest_fusion,0.7610229467552747,0.4990100603164918,0.64,0.4597639324667563,0.431005291005291,0.7570805904792642,125.0,0.9719685316085817,2.149387443346013,Forest surrogate,1.466078934896076
975335,brits_joint_loss,0.7709119565949791,0.4864828748390988,0.68,0.5622889586134767,0.5160475724991854,0.7544791262392907,125.0,1.0033513307571411,1.9474508098424148,BRITS-MI-image,1.3955109493810556
975336,complete_fusion,0.8683069000011837,0.5966886157260849,0.768,0.5698056212240609,0.5305542544886807,0.6450471118946036,125.0,0.0,0.0,Full data,0.0
975336,image_only,0.5126362151389857,0.3733867624753058,0.528,0.3220383504071447,0.3256907701352146,0.9521746812807974,125.0,,,Image only,
975336,mean_impute_fusion,0.7951095002417622,0.4983682313124979,0.664,0.5946939847649068,0.4979203802733214,0.7458149872704762,125.0,0.9288710951805116,12.9493623525722,Mean imputation,3.598522245668658
975336,missforest_fusion,0.8339665208676431,0.5818393671126847,0.704,0.6118334646703442,0.5536088649296197,0.7283563012940272,125.0,1.083866000175476,8.741347870385042,Forest surrogate,2.956577053009957
975336,brits_joint_loss,0.8286184511928568,0.5944204446852818,0.696,0.5906882059364329,0.5430995303741858,0.7046610536979732,125.0,1.073194980621338,8.751506677183482,BRITS-MI-image,2.9582945555139504
975337,complete_fusion,0.8681968253968254,0.635211006049853,0.776,0.6999999999999998,0.6328921974083265,0.6309784210344965,125.0,0.0,0.0,Full data,0.0
975337,image_only,0.6132222222222222,0.373774425535089,0.576,0.3933333333333333,0.3359971777648186,0.8859931199538558,125.0,,,Image only,
975337,mean_impute_fusion,0.7308952380952382,0.4802769673724185,0.648,0.4666666666666666,0.4374879046102943,0.7768155716870171,125.0,0.8122339248657227,3.75463159533792,Mean imputation,1.9376871768523216
975337,missforest_fusion,0.7816253968253969,0.5691413673184521,0.688,0.6366666666666666,0.5675606641123881,0.7386897797769848,125.0,0.9886848330497742,1.715429016924466,Forest surrogate,1.309743874551229
975337,brits_joint_loss,0.7677682539682541,0.5418235945800581,0.656,0.61,0.5321889033753441,0.7396052071662718,125.0,0.971778392791748,1.6441696423489838,BRITS-MI-image,1.282251785863051
975338,complete_fusion,0.8697748861573465,0.6036907691348983,0.768,0.7213450292397661,0.6678719860763103,0.6374231818731703,125.0,0.0,0.0,Full data,0.0
975338,image_only,0.6976547829484407,0.4614766330500581,0.6,0.4399122807017543,0.3966423072679279,0.8559843839658848,125.0,,,Image only,
975338,mean_impute_fusion,0.7714133469959115,0.4748867712764837,0.688,0.5511695906432749,0.4967320261437908,0.7776797412461034,125.0,0.8767176270484924,4.877717836639057,Mean imputation,2.208555599625931
975338,missforest_fusion,0.7917885399773944,0.4823389466869858,0.68,0.5059941520467836,0.468148945072022,0.7222408291337107,125.0,1.0900803804397583,2.7845615173296308,Forest surrogate,1.6687005475308117
975338,brits_joint_loss,0.8086625902749497,0.4911301114497717,0.688,0.5198830409356725,0.477092352092352,0.7012790185098587,125.0,1.14636492729187,2.873050193174374,BRITS-MI-image,1.695007431598568
975339,complete_fusion,0.8885443528426853,0.5716130063135747,0.768,0.5202991452991453,0.4823307854215132,0.5971742507477596,125.0,0.0,0.0,Full data,0.0
975339,image_only,0.7376221457446724,0.4331563214623684,0.576,0.5961538461538461,0.4391627368246877,0.8601921249473554,125.0,,,Image only,
975339,mean_impute_fusion,0.7640248448084797,0.4347440997207519,0.624,0.4110576923076923,0.3866321411231591,0.7445519155061422,125.0,0.8408957123756409,4.257670803848308,Mean imputation,2.0634124172952695
975339,missforest_fusion,0.8092440078555114,0.4753718023962647,0.664,0.4471153846153846,0.415057915057915,0.6987286602644693,125.0,0.9348437786102296,1.9533168371681044,Forest surrogate,1.3976111180038975
975339,brits_joint_loss,0.8034686745116367,0.4720597387872764,0.64,0.3993055555555555,0.3914768806073154,0.692860048459257,125.0,0.950145661830902,1.867589659550096,BRITS-MI-image,1.366597841191803
975340,complete_fusion,0.8668786275239925,0.5339305925418635,0.76,0.5916149068322981,0.5354166666666667,0.5656774436346382,125.0,0.0,0.0,Full data,0.0
975340,image_only,0.6767632925863016,0.4984759650223268,0.712,0.5157497781721384,0.4826280826280826,0.8140731527680637,125.0,,,Image only,
975340,mean_impute_fusion,0.7535868195377059,0.4596523265690512,0.72,0.4392191659272404,0.4229595728451563,0.6809686370987794,125.0,0.8875209093093872,5.869571935515219,Mean imputation,2.422719945745942
975340,missforest_fusion,0.8244251094723299,0.4951354230800129,0.728,0.4426205264714581,0.4270944741532976,0.6441474237629196,125.0,0.9975971579551696,2.9350648608301695,Forest surrogate,1.7132030997024752
975340,brits_joint_loss,0.8158179456022703,0.4809846569972384,0.728,0.4648033126293995,0.4360655737704919,0.6293534950685732,125.0,1.034293293952942,2.4050679159350885,BRITS-MI-image,1.5508281387488068
975341,complete_fusion,0.8334862444731689,0.6440903126387366,0.704,0.5811889973380656,0.5641844956932481,0.6253552771851247,125.0,0.0,0.0,Full data,0.0
975341,image_only,0.6084419794188286,0.4352330710720961,0.624,0.3762200532386868,0.3716407122675602,0.8721538581903069,125.0,,,Image only,
975341,mean_impute_fusion,0.7066025342810366,0.4350445579592216,0.648,0.3753327417923691,0.3643178410794603,0.7579614534306288,125.0,0.8981801271438599,5.710059908084042,Mean imputation,2.3895731644132687
975341,missforest_fusion,0.720481151031632,0.438604869231763,0.616,0.3617272996154984,0.3499197431781701,0.739952967300071,125.0,0.9225575923919678,2.434358770300892,Forest surrogate,1.5602431766557712
975341,brits_joint_loss,0.7279324340694343,0.433855457941579,0.6,0.354924578527063,0.3408952629291613,0.7142548316540531,125.0,0.9372704029083252,1.9666333406895655,BRITS-MI-image,1.4023670492027276
975342,complete_fusion,0.8807436387480984,0.6482970157209286,0.808,0.5980725623582767,0.5665143893508539,0.5909230173605253,125.0,0.0,0.0,Full data,0.0
975342,image_only,0.5828608761400284,0.3819919331481711,0.568,0.3358843537414966,0.3343220862686936,0.8774748426905749,125.0,,,Image only,
975342,mean_impute_fusion,0.6747778974767482,0.4234154989771208,0.664,0.3976757369614512,0.3854119494007185,0.7612798193296406,125.0,0.9142229557037354,7.718722517515001,Mean imputation,2.7782589003753775
975342,missforest_fusion,0.7988928683582458,0.494695016259421,0.696,0.63718820861678,0.5194125159642401,0.7126113239350617,125.0,0.9108899235725404,4.238714642073373,Forest surrogate,2.0588138920440024
975342,brits_joint_loss,0.774458360114291,0.4723497380816598,0.712,0.5677437641723356,0.4968493022074214,0.7102050675293949,125.0,0.9166942834854126,3.842846891264876,BRITS-MI-image,1.9603180586998825
975343,complete_fusion,0.7939697067596453,0.4931482945812922,0.768,0.5105535643170053,0.4879354990583804,0.6680954749430675,125.0,0.0,0.0,Full data,0.0
975343,image_only,0.5837360816489081,0.4051995885483368,0.536,0.4258861011549184,0.3821548821548821,0.9170330890202264,125.0,,,Image only,
975343,mean_impute_fusion,0.6349148643925909,0.4141068835017172,0.592,0.4509757068896854,0.4192955192955193,0.8505091991507753,125.0,0.8554902672767639,4.724084993814277,Mean imputation,2.17349603031942
975343,missforest_fusion,0.7152907005095944,0.4393299010830222,0.6,0.5001194743130227,0.4396886125724002,0.8328607551235511,125.0,1.003390908241272,2.53112822558119,Forest surrogate,1.5909519872017477
975343,brits_joint_loss,0.6869475227366934,0.4214037727094959,0.56,0.4015929908403026,0.3749136510972953,0.8431466679094964,125.0,1.0780034065246582,2.2559229917248507,BRITS-MI-image,1.5019730329552694
975344,complete_fusion,0.8423853923853925,0.5275144603284008,0.816,0.506012506012506,0.4842973458813577,0.6038276599875696,125.0,0.0,0.0,Full data,0.0
975344,image_only,0.591939541939542,0.3993238842751161,0.608,0.3559403559403559,0.3578340088363091,0.8803614375021476,125.0,,,Image only,
975344,mean_impute_fusion,0.6642141192141192,0.4549550643458394,0.64,0.3694083694083694,0.3636363636363636,0.7811767525685106,125.0,0.8961760997772217,4.836159744654562,Mean imputation,2.19912704149955
975344,missforest_fusion,0.7135884485884486,0.4665821278529657,0.672,0.4078884078884079,0.3975308641975308,0.738903037325773,125.0,0.9621711373329164,2.3029183311649257,Forest surrogate,1.5175369290942893
975344,brits_joint_loss,0.7247454397454397,0.4661782111033517,0.688,0.4271284271284272,0.4111111111111111,0.7378103108174219,125.0,0.9491790533065796,2.0466281630220076,BRITS-MI-image,1.4306041251939712
975345,complete_fusion,0.806500166770415,0.5721998305661645,0.72,0.5305673424485305,0.4603450123218686,0.664294763835746,125.0,0.0,0.0,Full data,0.0
975345,image_only,0.6048598216874471,0.4976727813296753,0.52,0.493006443501493,0.3412985095934986,0.9163628025410748,125.0,,,Image only,
975345,mean_impute_fusion,0.6853668275312489,0.4343043611429751,0.672,0.4981926764104982,0.4424242424242424,0.7723870685531684,125.0,0.8698877692222595,4.516438533654483,Mean imputation,2.125191411062656
975345,missforest_fusion,0.739860200215662,0.4757011677765934,0.656,0.5293100738645293,0.4431714522037103,0.7430177546808822,125.0,1.0662145614624023,2.1534120531425227,Forest surrogate,1.4674508690728023
975345,brits_joint_loss,0.7407662897437284,0.4719555470686176,0.696,0.5835297815495836,0.4918560606060606,0.7371439431523609,125.0,1.1077953577041626,1.7321610960774187,BRITS-MI-image,1.3161159128577615
975346,complete_fusion,0.9014774511089066,0.6432195749374757,0.8,0.7428200129954515,0.6387588557080082,0.6097328007187962,125.0,0.0,0.0,Full data,0.0
975346,image_only,0.6267820648855204,0.4036008910919833,0.568,0.4539311241065626,0.3850959393128068,0.8982997368214376,125.0,,,Image only,
975346,mean_impute_fusion,0.772003666899924,0.5692484916296527,0.688,0.6053281351526966,0.5105401844532279,0.732236162450046,125.0,0.8326543569564819,4.280268403127873,Mean imputation,2.0688809543151274
975346,missforest_fusion,0.8191956428498602,0.6672294728013379,0.76,0.672254710851202,0.6662958843159066,0.6618228348942847,125.0,0.9309776425361632,2.190640111311003,Forest surrogate,1.480081116463217
975346,brits_joint_loss,0.8557145661447398,0.7126463467458785,0.752,0.6687459389213775,0.6312769765238446,0.6427890911648744,125.0,0.9505897164344788,1.906731580287256,BRITS-MI-image,1.3808445170573174
975347,complete_fusion,0.7788530072920663,0.4568300025270316,0.72,0.4365393061045234,0.4151631128121013,0.6227894549576538,125.0,0.0,0.0,Full data,0.0
975347,image_only,0.5265837307680418,0.3649025769932419,0.592,0.3047870004391743,0.3181067298714357,0.869734129287993,125.0,,,Image only,
975347,mean_impute_fusion,0.6941495141570609,0.4125524059432819,0.672,0.4052115356463182,0.3923748508259532,0.7028958361856363,125.0,0.8411819934844971,6.616056403740156,Mean imputation,2.5721695907813227
975347,missforest_fusion,0.6899542659468869,0.4087713039345186,0.648,0.4062362758014932,0.3805555555555555,0.709077337323918,125.0,0.8682419657707214,3.6027700316646394,Forest surrogate,1.8980964231736595
975347,brits_joint_loss,0.699056092771241,0.4184202209702004,0.664,0.43522178304787,0.3998411077062762,0.7121446521470525,125.0,0.8725723028182983,3.0317205572503525,BRITS-MI-image,1.7411836655707382
975348,complete_fusion,0.8432008005721116,0.6180240960050388,0.752,0.5523186033824332,0.5104896603450123,0.6302989310947805,125.0,0.0,0.0,Full data,0.0
975348,image_only,0.6138298405628536,0.4441065032535511,0.608,0.4699399890889252,0.4119636884854276,0.9012614014660332,125.0,,,Image only,
975348,mean_impute_fusion,0.7451705073187572,0.5033766708987842,0.64,0.4395526459356246,0.4240900383141762,0.7487376004212278,125.0,0.8581904768943787,4.563821672349805,Mean imputation,2.1363102940232737
975348,missforest_fusion,0.7781835051498743,0.5580935498292785,0.736,0.5823240589198035,0.5535121328224776,0.7071918656149628,125.0,0.9117112159729004,2.1761104607043324,Forest surrogate,1.4751645537716571
975348,brits_joint_loss,0.7741047345851739,0.5461353983078152,0.672,0.5261320240043644,0.4863997113997113,0.6979292781757983,125.0,0.919090986251831,1.9381607660296631,BRITS-MI-image,1.3921784246387612
975349,complete_fusion,0.8920631804559767,0.7013690470128419,0.776,0.6930555555555555,0.6394636015325671,0.6030098304859113,125.0,0.0,0.0,Full data,0.0
975349,image_only,0.6670144342020409,0.446598660253185,0.64,0.4875,0.4344636844636844,0.8762696243380134,125.0,,,Image only,
975349,mean_impute_fusion,0.814097008838815,0.5895200114481655,0.76,0.6020833333333333,0.5756747805928134,0.699540668464979,125.0,0.8320456743240356,4.025984729688396,Mean imputation,2.0064856664547586
975349,missforest_fusion,0.8335961268540647,0.5354243242477478,0.72,0.4902777777777777,0.472255526808439,0.666360041461757,125.0,0.9290280342102052,2.204595473466439,Forest surrogate,1.4847880230748223
975349,brits_joint_loss,0.8489146371533706,0.5658734004671846,0.752,0.5145833333333333,0.5109922756981581,0.6502053399384503,125.0,0.954814910888672,1.9393231914699496,BRITS-MI-image,1.3925958464213333
975350,complete_fusion,0.8548444444444444,0.682969593480036,0.76,0.7166666666666668,0.6384760123361947,0.6469899761585922,125.0,0.0,0.0,Full data,0.0
975350,image_only,0.6818730158730159,0.4194454283143292,0.536,0.4333333333333333,0.3694872993610721,0.9011153529672836,125.0,,,Image only,
975350,mean_impute_fusion,0.7096349206349206,0.4503555851545827,0.6,0.4466666666666666,0.4020768489699125,0.823472838859959,125.0,0.8452164530754089,5.05282501405723,Mean imputation,2.247848974921854
975350,missforest_fusion,0.7518126984126984,0.5133509224838787,0.592,0.4933333333333333,0.4180487648994983,0.7886750687078656,125.0,0.9626932740211488,2.411146641734315,Forest surrogate,1.5527867341442336
975350,brits_joint_loss,0.773384126984127,0.525629020264426,0.656,0.5866666666666668,0.5019677996422183,0.7775622693141286,125.0,0.9914947748184204,2.2543965716876104,BRITS-MI-image,1.501464808674386
975351,complete_fusion,0.9072901509067708,0.5761564445345497,0.792,0.5113453374322939,0.4832451499118166,0.572240542758076,125.0,0.0,0.0,Full data,0.0
975351,image_only,0.6436750645798485,0.4174659038040464,0.672,0.4497145366710584,0.4161370056497175,0.8202668772397802,125.0,,,Image only,
975351,mean_impute_fusion,0.7218353181205893,0.4555012098011046,0.736,0.4766505636070854,0.4387678000581226,0.7578310859491635,125.0,0.9336706399917604,6.830791111869447,Mean imputation,2.6135782199638578
975351,missforest_fusion,0.7543012845515885,0.505985730553384,0.696,0.4709412970282535,0.4275337646124162,0.7538059088823073,125.0,1.0528645515441897,3.321863355856886,Forest surrogate,1.8225979687953364
975351,brits_joint_loss,0.7554734694896533,0.5006922264069503,0.688,0.4675742936612502,0.4182428559731434,0.7382149301138181,125.0,1.1070594787597656,3.2054290933856047,BRITS-MI-image,1.790371216643522
975352,complete_fusion,0.8371857926078977,0.5512710805809258,0.728,0.5714070048309178,0.5469460511477319,0.6439184805772379,125.0,0.0,0.0,Full data,0.0
975352,image_only,0.5878822231041342,0.3855446453817694,0.592,0.3451086956521739,0.3438256658595642,0.9213197425874609,125.0,,,Image only,
975352,mean_impute_fusion,0.6657467834710096,0.4102805938256148,0.624,0.4301026570048309,0.3918474887323563,0.818003970297895,125.0,0.8496895432472229,5.5507721628169,Mean imputation,2.3560076746090832
975352,missforest_fusion,0.7003912697012837,0.4719836315472097,0.584,0.3606582125603865,0.3484342073021318,0.7935396720518535,125.0,0.9675098657608032,2.7209710031146552,Forest surrogate,1.6495366025386207
975352,brits_joint_loss,0.7140790161641868,0.4375416435540463,0.608,0.3931159420289855,0.3772030651340996,0.7862943831192054,125.0,0.9777073264122008,2.5940567179652514,BRITS-MI-image,1.6106075617496807
975353,complete_fusion,0.7766118056443481,0.4535942441213538,0.696,0.5252004581901489,0.4845421245421246,0.6824871882331429,125.0,0.0,0.0,Full data,0.0
975353,image_only,0.6721011972666004,0.473365484616754,0.544,0.3971935853379151,0.355393952452776,0.9098658666849042,125.0,,,Image only,
975353,mean_impute_fusion,0.7453619357785289,0.4363262767413674,0.656,0.4662084765177548,0.4312040785724996,0.7964344451656991,125.0,0.8777187466621399,5.5608942148843505,Mean imputation,2.3581548326783697
975353,missforest_fusion,0.7084304176166712,0.4529220906481551,0.664,0.4315578465063001,0.4042712842712843,0.7922201952049884,125.0,0.9253442287445068,2.9294089722188428,Forest surrogate,1.7115516270971327
975353,brits_joint_loss,0.7393289017615109,0.4483279535687046,0.68,0.4279782359679266,0.4094478675848738,0.7618488048127259,125.0,0.9229028820991516,2.6121366082455504,BRITS-MI-image,1.616210570515349
975354,complete_fusion,0.8825384464960896,0.6328366810807419,0.8,0.6561750911933298,0.6064251537935749,0.6237535713874622,125.0,0.0,0.0,Full data,0.0
975354,image_only,0.5951199360253802,0.4332935117276686,0.608,0.3854090672225116,0.3609123829712065,0.8799559636496525,125.0,,,Image only,
975354,mean_impute_fusion,0.7710628078696647,0.5217972167085038,0.752,0.4526663192635052,0.4306418219461698,0.7219317063979712,125.0,0.8720313906669617,4.210592553207985,Mean imputation,2.0519728441692364
975354,missforest_fusion,0.7802828058376842,0.4918692085235388,0.696,0.4295640090324822,0.3920972644376899,0.6856595033387918,125.0,0.9227367043495178,2.117780110103201,Forest surrogate,1.455259464873258
975354,brits_joint_loss,0.7821030891569792,0.5072473557985823,0.72,0.4394649991314921,0.4064879179079774,0.6916778074751134,125.0,0.921012818813324,1.7766328973141174,BRITS-MI-image,1.3329039340155455
975355,complete_fusion,0.8469196310752288,0.5699642389350997,0.72,0.5500413564929694,0.5196237661662976,0.6490750399560661,125.0,0.0,0.0,Full data,0.0
975355,image_only,0.5981316038835014,0.3898556141872729,0.568,0.398814447201544,0.3803294161334993,0.9202911474706504,125.0,,,Image only,
975355,mean_impute_fusion,0.6848917935848675,0.4651208611465477,0.656,0.4751861042183622,0.4517782870724047,0.7854384516645245,125.0,0.9487097859382628,5.536665921432512,Mean imputation,2.353012095470933
975355,missforest_fusion,0.704448540074726,0.4458409463134059,0.624,0.4943479459608492,0.4551325157172286,0.759404261846052,125.0,1.0199637413024902,2.388936073890433,Forest surrogate,1.5456183467759539
975355,brits_joint_loss,0.7255226303494805,0.4585048093391529,0.632,0.5256410256410255,0.4770484131711052,0.746920066205792,125.0,1.0339492559432983,2.350423076252059,BRITS-MI-image,1.5331089577235073
975356,complete_fusion,0.8869497240612486,0.7118055038498995,0.8,0.6441881100266192,0.6049122807017544,0.5482285826850367,125.0,0.0,0.0,Full data,0.0
975356,image_only,0.5902459997853096,0.385357036355594,0.6,0.3771073646850044,0.3563218390804597,0.885984784503418,125.0,,,Image only,
975356,mean_impute_fusion,0.8014159470631387,0.5325787533481238,0.736,0.5259538598047915,0.499249991591834,0.7112230763283253,125.0,0.8892383575439453,5.442618944286765,Mean imputation,2.3329421219324677
975356,missforest_fusion,0.8235861744652614,0.6379731894047116,0.784,0.6484767820171548,0.5949987990038053,0.6388032066397642,125.0,0.9323932528495787,2.9807681993154187,Forest surrogate,1.726490138783138
975356,brits_joint_loss,0.825787514137953,0.649133608802832,0.776,0.645075421472937,0.6000545553737043,0.6463628567878543,125.0,0.919226884841919,2.4903301299223397,BRITS-MI-image,1.57807798600777
975357,complete_fusion,0.916799197531976,0.682492097590255,0.816,0.6379715522572665,0.6098671914646071,0.5546438810484137,125.0,0.0,0.0,Full data,0.0
975357,image_only,0.6691868745798472,0.5897557187469744,0.672,0.5414965986394558,0.4851851851851852,0.8800503282588138,125.0,,,Image only,
975357,mean_impute_fusion,0.8219307921920035,0.5512446298233469,0.752,0.484230055658627,0.4628389801852979,0.7043518769205548,125.0,0.9455462694168092,6.753544454539667,Mean imputation,2.5987582524235813
975357,missforest_fusion,0.8232256508238939,0.5765449195220235,0.752,0.5357452071737786,0.5138988450816407,0.6807949398846616,125.0,1.0520596504211426,3.300601244441271,Forest surrogate,1.8167556920073957
975357,brits_joint_loss,0.834195701817061,0.5837151874452599,0.776,0.5459492888064318,0.5203899741714868,0.6662329667817429,125.0,1.1088542938232422,2.921528021282994,BRITS-MI-image,1.7092477939968196
975358,complete_fusion,0.809643112148639,0.4794542808416389,0.64,0.3982322025800286,0.3929075562469391,0.6896210427203319,125.0,0.0,0.0,Full data,0.0
975358,image_only,0.5490224178507156,0.3681536707164558,0.424,0.326007326007326,0.2939317285461716,1.023062120930096,125.0,,,Image only,
975358,mean_impute_fusion,0.7124507496651934,0.4454323756384846,0.576,0.3620401337792642,0.3638493194048749,0.8455903925674706,125.0,0.9060710072517396,5.20863212882436,Mean imputation,2.2822427848115456
975358,missforest_fusion,0.7156299989756144,0.4318746151473404,0.6,0.3821070234113712,0.3769063180827887,0.8144986698104127,125.0,1.0370203256607056,2.223787260160881,Forest surrogate,1.491236822292449
975358,brits_joint_loss,0.7382749827480852,0.4482041063110535,0.592,0.3508918617614269,0.3594048324445322,0.7948728179962163,125.0,1.0345128774642944,1.9098454784627563,BRITS-MI-image,1.381971591047644
975359,complete_fusion,0.8733894310749849,0.5833007634068311,0.8,0.5837740923352756,0.5941457922882071,0.618970155868575,125.0,0.0,0.0,Full data,0.0
975359,image_only,0.6221610395241317,0.3979656177502277,0.6,0.3873001643508142,0.3650048771836481,0.8663203173603565,125.0,,,Image only,
975359,mean_impute_fusion,0.8442240147216813,0.579844191539545,0.736,0.5452263558942178,0.518418400379114,0.7207567831916699,125.0,0.8991841673851013,3.998649171669012,Mean imputation,1.9996622644009192
975359,missforest_fusion,0.8361769728061552,0.5435057014996024,0.752,0.5299865531151949,0.5045702930948832,0.6922240507562691,125.0,0.9940939545631408,1.8941070309490968,Forest surrogate,1.3762656106105016
975359,brits_joint_loss,0.846150744475289,0.5092025532488564,0.728,0.4785596892275512,0.4417841624545535,0.6868284716133031,125.0,1.0176904201507568,1.7354447304555287,BRITS-MI-image,1.3173627937874701
975360,complete_fusion,0.8942260864741937,0.6505738938110569,0.784,0.6868421052631578,0.663961038961039,0.6326485378723476,125.0,0.0,0.0,Full data,0.0
975360,image_only,0.5461109262186722,0.4662464839199368,0.56,0.4638888888888888,0.4033653846153846,0.9412393158531304,125.0,,,Image only,
975360,mean_impute_fusion,0.7924215119433217,0.5342169904322128,0.68,0.5685672514619883,0.5197699757869249,0.7574586745544173,125.0,0.8670037388801575,5.1032386124946125,Mean imputation,2.259034885187613
975360,missforest_fusion,0.7986714407840608,0.5163347971131228,0.664,0.5510233918128655,0.4927453448561587,0.755957961297294,125.0,0.9271234273910522,2.4212157269392502,Forest surrogate,1.5560256189855135
975360,brits_joint_loss,0.7929711947311494,0.5049938798679485,0.64,0.4988304093567251,0.451022451022451,0.7683799106658268,125.0,0.977958083152771,2.004564493048571,BRITS-MI-image,1.415826434648178
975361,complete_fusion,0.9014641744121002,0.5886471677268582,0.816,0.6119528619528619,0.5822826372471762,0.5865647397078511,125.0,0.0,0.0,Full data,0.0
975361,image_only,0.634941192311007,0.3980548396854777,0.608,0.3383838383838384,0.3481705560357246,0.8577361778358986,125.0,,,Image only,
975361,mean_impute_fusion,0.8291884148018305,0.5370575234812006,0.784,0.5185185185185185,0.4794696187885042,0.6878989591456227,125.0,0.8536169528961182,4.261917327573445,Mean imputation,2.064441165926858
975361,missforest_fusion,0.8399068079121035,0.5425752728591045,0.752,0.537878787878788,0.5063203463203463,0.6594900304558403,125.0,0.987453043460846,2.4233842024893706,Forest surrogate,1.5567222624763128
975361,brits_joint_loss,0.8409046332700348,0.5827982646938813,0.768,0.5563973063973063,0.5435939946578244,0.6354753153449952,125.0,1.0180091857910156,2.220414568047313,BRITS-MI-image,1.4901055560084706
975362,complete_fusion,0.9274001392161064,0.7468678763314056,0.832,0.7127113526570049,0.6817516604750646,0.577105509581171,125.0,0.0,0.0,Full data,0.0
975362,image_only,0.7213063198792761,0.4664632640144694,0.616,0.533816425120773,0.4488937181085083,0.8913552167398974,125.0,,,Image only,
975362,mean_impute_fusion,0.8130055245486499,0.544669977882215,0.728,0.5333635265700484,0.5016724531102744,0.7401424614604367,125.0,0.9196860194206238,6.5694396132016895,Mean imputation,2.563091807407938
975362,missforest_fusion,0.8425567503363164,0.5353580163813882,0.736,0.5037741545893719,0.4851444851444851,0.6893297061073207,125.0,1.1244431734085083,3.127284881941836,Forest surrogate,1.768413097085021
975362,brits_joint_loss,0.8401859994372561,0.5259858558704297,0.744,0.5292874396135265,0.5053639846743295,0.691929950050177,125.0,1.1117287874221802,2.760578839546015,BRITS-MI-image,1.6614989736819024
975363,complete_fusion,0.8484473409862975,0.6186381667889039,0.728,0.6461377558643359,0.5938697318007663,0.6476370169507828,125.0,0.0,0.0,Full data,0.0
975363,image_only,0.7119045359066979,0.4895866660749905,0.592,0.5023756163155536,0.4226070383227827,0.8490773404115676,125.0,,,Image only,
975363,mean_impute_fusion,0.7481320150949965,0.5384846801183352,0.68,0.5733452861198267,0.5169332034086133,0.7706159849711093,125.0,0.9247669577598572,7.8550415560588,Mean imputation,2.802684705074547
975363,missforest_fusion,0.7705716746582093,0.5349782078228752,0.64,0.5972807410727626,0.5197951273532669,0.7534672691081002,125.0,0.9553096890449524,4.18450138548881,Forest surrogate,2.045605383618456
975363,brits_joint_loss,0.8001761361948035,0.5629858603514997,0.656,0.5409233527566114,0.4765232635269592,0.7373209369345278,125.0,0.9966874718666076,3.2728816346223857,BRITS-MI-image,1.8091107303375284
975364,complete_fusion,0.8230637118872414,0.5620414257793692,0.712,0.5892255892255892,0.5375077752436243,0.6816315025645453,125.0,0.0,0.0,Full data,0.0
975364,image_only,0.6734935217288158,0.4245715490541427,0.568,0.503030303030303,0.4168118180388119,0.8833915256316952,125.0,,,Image only,
975364,mean_impute_fusion,0.7281737434678611,0.4935174135217497,0.696,0.5303030303030303,0.4872763312975463,0.7638139764458958,125.0,0.8697344064712524,4.760566612268585,Mean imputation,2.181872272216819
975364,missforest_fusion,0.7490553672906614,0.5022066212312124,0.672,0.5335016835016835,0.4768037158366171,0.7316547211022364,125.0,1.0542678833007812,2.5416795968811092,Forest surrogate,1.5942645943760745
975364,brits_joint_loss,0.7526095473154296,0.4995468050012818,0.688,0.5535353535353535,0.4989026874301859,0.7217673053005754,125.0,1.073168396949768,2.4047555482081875,BRITS-MI-image,1.5507274255033305
975365,complete_fusion,0.9437523567622178,0.7899656073241772,0.816,0.732608695652174,0.6731741885282349,0.5708229800009585,125.0,0.0,0.0,Full data,0.0
975365,image_only,0.6263733124288929,0.4132526908299915,0.584,0.3804347826086956,0.3770923003347681,0.9026601861464114,125.0,,,Image only,
975365,mean_impute_fusion,0.8115117008595271,0.5964120349369167,0.688,0.5950310559006212,0.5362681137329024,0.772426383752405,125.0,0.846947193145752,4.022835282070056,Mean imputation,2.005700696033697
975365,missforest_fusion,0.8356516112006922,0.6306359808664862,0.712,0.6059006211180125,0.5455561375938537,0.7349001540595056,125.0,0.970450758934021,2.012841123053065,Forest surrogate,1.4187463208949882
975365,brits_joint_loss,0.8406040458371251,0.6172550150091595,0.736,0.696376811594203,0.6080808080808081,0.7259721410344224,125.0,0.9668164849281312,1.8698212850607985,BRITS-MI-image,1.3674140869030122
975366,complete_fusion,0.875254970760234,0.6211755734621422,0.76,0.6996491228070175,0.6184971098265896,0.642974766600196,125.0,0.0,0.0,Full data,0.0
975366,image_only,0.69026783625731,0.4965152584888428,0.656,0.4392982456140351,0.4215030946065428,0.8429789586328513,125.0,,,Image only,
975366,mean_impute_fusion,0.8106666666666668,0.5239937717734363,0.704,0.5628070175438596,0.5122966957712721,0.7636167335197355,125.0,0.8826290965080261,4.462607084335069,Mean imputation,2.112488363124178
975366,missforest_fusion,0.8274771929824561,0.5400460610509271,0.664,0.4919298245614035,0.4594771241830065,0.7260331981718694,125.0,1.0338561534881592,1.9347199918018712,Forest surrogate,1.3909421238146005
975366,brits_joint_loss,0.8308994152046782,0.5450260329363918,0.672,0.5487719298245614,0.4933114035087718,0.7205659526137271,125.0,1.0314384698867798,1.6150156799878082,BRITS-MI-image,1.2708326719075993
975367,complete_fusion,0.861451718447707,0.5968183794191025,0.784,0.5493055555555556,0.5386674738506038,0.5796610539220416,125.0,0.0,0.0,Full data,0.0
975367,image_only,0.5648751944159933,0.4324311808510833,0.552,0.354861111111111,0.3330880713489409,0.9145814431421248,125.0,,,Image only,
975367,mean_impute_fusion,0.6629447384393612,0.4370660959858938,0.664,0.4347222222222222,0.4445101129498292,0.7680544904710375,125.0,0.8859579563140869,4.469507454258204,Mean imputation,2.1141209649067396
975367,missforest_fusion,0.7600353268085428,0.512979427446486,0.624,0.4069444444444444,0.3988927183821449,0.7212006432346101,125.0,1.0060118436813354,2.10873149896328,Forest surrogate,1.4521472029251306
975367,brits_joint_loss,0.7749072967641591,0.525199425915736,0.696,0.4590277777777777,0.4669340463458111,0.6949823311376515,125.0,1.0418018102645874,2.002151093193605,BRITS-MI-image,1.4149738842797082
975368,complete_fusion,0.8487416800813931,0.5319067861064682,0.776,0.6582995951417003,0.5921348314606741,0.6484208953612174,125.0,0.0,0.0,Full data,0.0
975368,image_only,0.6411394896083892,0.4199937712549731,0.512,0.4161268556005398,0.3603072196620584,0.8932136058325348,125.0,,,Image only,
975368,mean_impute_fusion,0.7310246744218035,0.4683431188477007,0.728,0.5574224021592443,0.5183546785515074,0.7630462928027516,125.0,0.8436877727508545,4.448794502072719,Mean imputation,2.1092165612076723
975368,missforest_fusion,0.7814017366648945,0.4607630848355577,0.664,0.4309041835357625,0.4128196228161518,0.7211624602571839,125.0,0.9312085509300232,2.533893665933672,Forest surrogate,1.5918208649008443
975368,brits_joint_loss,0.7929756155593477,0.467661047161186,0.64,0.392442645074224,0.3855363984674329,0.7096584434237818,125.0,0.9651922583580016,2.3053823754052516,BRITS-MI-image,1.5183485684799956
975369,complete_fusion,0.9163461507480646,0.837560408468919,0.824,0.8576248313090419,0.774074074074074,0.5860133169280257,125.0,0.0,0.0,Full data,0.0
975369,image_only,0.7596443145725442,0.5060487999250648,0.648,0.6966261808367071,0.5036331137922325,0.8458618980030631,125.0,,,Image only,
975369,mean_impute_fusion,0.8095141204710582,0.6148922081127893,0.68,0.6401484480431848,0.5697650923408211,0.7186985600639278,125.0,0.8985611796379089,6.245810893055979,Mean imputation,2.499162038175192
975369,missforest_fusion,0.8327590962997662,0.7278049845918355,0.696,0.7549257759784075,0.6511147186147186,0.6977780177271512,125.0,1.0408869981765747,3.405182617054054,Forest surrogate,1.8453136906916543
975369,brits_joint_loss,0.8504765480842035,0.7246902873344441,0.72,0.7747638326585694,0.624886807181889,0.6890062068897752,125.0,1.0034102201461792,2.796700519270058,BRITS-MI-image,1.6723338540106332
975370,complete_fusion,0.8612626862860897,0.5327025037464929,0.784,0.633708216182443,0.5834128245892952,0.6060064301691355,125.0,0.0,0.0,Full data,0.0
975370,image_only,0.5731687782224442,0.3645870368061947,0.504,0.4144538165156722,0.3542843691148776,0.9412154122799308,125.0,,,Image only,
975370,mean_impute_fusion,0.752102632968942,0.4761704208505837,0.696,0.5373320837238363,0.4798007983567802,0.7540906516165994,125.0,0.8797467947006226,5.081437179703914,Mean imputation,2.254204334062002
975370,missforest_fusion,0.8051053137366114,0.4913479563438594,0.712,0.55592002499219,0.4976281827694453,0.6988256305103139,125.0,1.0076905488967896,2.348181626879756,Forest surrogate,1.532377768985101
975370,brits_joint_loss,0.791213295174213,0.4945044306539925,0.672,0.4866187649692804,0.448344755313294,0.7046553498506968,125.0,1.0705646276474,2.091459385138542,BRITS-MI-image,1.4461878803041264
975371,complete_fusion,0.8822183799898363,0.6227095639537003,0.76,0.6397163120567376,0.5904574288829418,0.6285888077785086,125.0,0.0,0.0,Full data,0.0
975371,image_only,0.7003676179966382,0.5141447385342254,0.632,0.5211820330969267,0.4830622878843315,0.9194369771093605,125.0,,,Image only,
975371,mean_impute_fusion,0.7002361077306695,0.4703584985773163,0.592,0.3927186761229315,0.377140119602207,0.7922899324412626,125.0,0.9110157489776612,6.891680688405929,Mean imputation,2.625201075804657
975371,missforest_fusion,0.7589950115575858,0.4714807377105233,0.648,0.4989125295508274,0.4560676644530346,0.739342803199562,125.0,1.0458310842514038,3.679338227892411,Forest surrogate,1.918160115290799
975371,brits_joint_loss,0.7550826159427394,0.4835078902299696,0.664,0.5255791962174942,0.4826641767818238,0.7260280787797811,125.0,1.0697712898254397,2.9857323885949465,BRITS-MI-image,1.7279271942402394
975372,complete_fusion,0.8656895903342594,0.5624834310841265,0.792,0.5523349436392914,0.5111597070359957,0.5613566356807581,125.0,0.0,0.0,Full data,0.0
975372,image_only,0.6165502848660788,0.4866756776513483,0.704,0.5264236568584395,0.4666871479774706,0.8268869160217942,125.0,,,Image only,
975372,mean_impute_fusion,0.7834504654973399,0.5398188310973656,0.792,0.5335968379446641,0.4941305942773294,0.656411631916546,125.0,0.886405885219574,4.727531907557408,Mean imputation,2.174288827998113
975372,missforest_fusion,0.7864257053179949,0.4926634929325051,0.728,0.4732835602400819,0.447776111944028,0.6332713926185743,125.0,1.1120203733444214,2.608010402785399,Forest surrogate,1.614933559867216
975372,brits_joint_loss,0.7762584113051599,0.5208159219483588,0.704,0.5598009076269945,0.4925925925925926,0.6285127971465746,125.0,1.1158961057662964,2.3947054928845937,BRITS-MI-image,1.5474836001989145
975373,complete_fusion,0.9113179981791284,0.7010354377406361,0.784,0.7173611111111112,0.6518817204301075,0.569320744032424,125.0,0.0,0.0,Full data,0.0
975373,image_only,0.6624904214559386,0.4349988285812938,0.576,0.4694444444444444,0.4088780219997905,0.8953283833988807,125.0,,,Image only,
975373,mean_impute_fusion,0.7865260232919843,0.5133531263544152,0.648,0.6381944444444444,0.4961982250311769,0.7490778772074598,125.0,0.9156392812728882,7.095353836943613,Mean imputation,2.663710539256023
975373,missforest_fusion,0.8397853362922499,0.5840685356188854,0.696,0.6479166666666667,0.5518382352941177,0.6785309414826501,125.0,1.0335972309112549,3.495527462173778,Forest surrogate,1.8696329752584537
975373,brits_joint_loss,0.8384792401653959,0.6247780295397561,0.704,0.6409722222222222,0.5516085473325121,0.6554941021424975,125.0,1.034928560256958,2.722760507221982,BRITS-MI-image,1.650078939694093
975374,complete_fusion,0.8719252562887428,0.5702170207298407,0.744,0.5806146572104018,0.5411877394636015,0.6288545319303194,125.0,0.0,0.0,Full data,0.0
975374,image_only,0.5851792390257406,0.401523832266102,0.512,0.3768321513002364,0.350279818634249,0.9356933668672106,125.0,,,Image only,
975374,mean_impute_fusion,0.7028428236268196,0.4478015080028112,0.648,0.4046808510638298,0.3928800807413524,0.8190729640238357,125.0,0.9289510250091552,6.125275174693681,Mean imputation,2.474929327211927
975374,missforest_fusion,0.7317439792572257,0.4843433739584338,0.704,0.5108747044917258,0.4849886986808951,0.7795960546917922,125.0,0.9975221157073976,2.9151668832397895,Forest surrogate,1.7073859795722202
975374,brits_joint_loss,0.7596983249030567,0.4835442337997402,0.72,0.5277541371158393,0.4967023501907222,0.7603442572917156,125.0,1.028334617614746,2.561893974652583,BRITS-MI-image,1.600591757648584
975375,complete_fusion,0.8284450211868856,0.5153716739188776,0.648,0.4465579710144927,0.4036529680365297,0.6968570489833312,125.0,0.0,0.0,Full data,0.0
975375,image_only,0.5154736182329004,0.3640409793690652,0.472,0.2820048309178743,0.2855956032719836,0.948438967832986,125.0,,,Image only,
975375,mean_impute_fusion,0.6663774642790649,0.4167233421209393,0.584,0.4077596618357488,0.3691626747345715,0.8360557397724846,125.0,0.884507417678833,4.373330514718259,Mean imputation,2.0912509449413905
975375,missforest_fusion,0.7022249554494461,0.4232417603525187,0.592,0.4222524154589371,0.3794415533545969,0.8198987300495515,125.0,1.08332097530365,2.0102815706080723,Forest surrogate,1.4178439866953176
975375,brits_joint_loss,0.6998297944865103,0.4234093247361977,0.592,0.4002113526570048,0.3735713444090963,0.826743709629036,125.0,1.1165220737457275,1.77148441819287,BRITS-MI-image,1.3309712311665005
975376,complete_fusion,0.8860894554674458,0.6585286360868775,0.792,0.683940620782726,0.6788956504389465,0.6371081167878722,125.0,0.0,0.0,Full data,0.0
975376,image_only,0.7183942975330536,0.442979673453268,0.504,0.5110661268556005,0.3922222222222222,0.9330459553748413,125.0,,,Image only,
975376,mean_impute_fusion,0.741438071055296,0.4847386791879186,0.688,0.5305668016194333,0.5149579831932773,0.7622500926527149,125.0,0.9582716822624208,7.479300979822852,Mean imputation,2.7348310697048275
975376,missforest_fusion,0.7879333514261745,0.4809671225849878,0.632,0.4168690958164642,0.390624157091223,0.7564953640277373,125.0,1.029589295387268,3.759273668611785,Forest surrogate,1.9388846455144733
975376,brits_joint_loss,0.7801641491593645,0.4635057690558072,0.656,0.4367071524966261,0.404499173729943,0.761783609204091,125.0,0.9974223375320436,3.000969943411518,BRITS-MI-image,1.732330783485509
975377,complete_fusion,0.8207662502770653,0.5340353431651034,0.704,0.4633333333333334,0.4336591394225368,0.6766144986394952,125.0,0.0,0.0,Full data,0.0
975377,image_only,0.6384816535258543,0.4148750562977465,0.552,0.3480555555555555,0.3452250940419852,0.8996663178642132,125.0,,,Image only,
975377,mean_impute_fusion,0.698069480067129,0.4407577190375487,0.592,0.4048611111111111,0.3828196347031964,0.818871167737483,125.0,0.839974582195282,4.427439689953063,Mean imputation,2.1041482100729176
975377,missforest_fusion,0.695121451189006,0.4355485601739277,0.544,0.3643055555555555,0.3571084627422656,0.8214815149490042,125.0,0.9607592821121216,1.947683267946141,Forest surrogate,1.3955942347065429
975377,brits_joint_loss,0.7130174836135653,0.4452103416133714,0.552,0.3973611111111111,0.3728070175438596,0.8099485122902442,125.0,0.9662145376205444,1.6987923241570664,BRITS-MI-image,1.3033772762163174
975378,complete_fusion,0.8879636280037362,0.7940853554894662,0.792,0.5914141414141415,0.5936096718480138,0.573502919633733,125.0,0.0,0.0,Full data,0.0
975378,image_only,0.6076104305830868,0.4016292463638258,0.608,0.406969696969697,0.3825595127105476,0.9073721388194562,125.0,,,Image only,
975378,mean_impute_fusion,0.6917886244266636,0.4772797668062882,0.72,0.4772727272727272,0.4319542024460057,0.7506722486246058,125.0,0.8756872415542603,4.064378864620064,Mean imputation,2.0160304721457125
975378,missforest_fusion,0.7160258854661529,0.4428763042198828,0.72,0.4181818181818182,0.4026889018163014,0.7096365552836704,125.0,1.105722427368164,2.011579714324867,Forest surrogate,1.418301700741019
975378,brits_joint_loss,0.7491471725049315,0.4654942799447156,0.704,0.4351515151515151,0.4103324681745149,0.7060032674311226,125.0,1.0900945663452148,1.91176889967519,BRITS-MI-image,1.3826673134471612
975379,complete_fusion,0.8314503646565541,0.5008273968899126,0.696,0.4532312925170068,0.4189166526915981,0.6422640242814427,125.0,0.0,0.0,Full data,0.0
975379,image_only,0.5915484930709345,0.3844882707625472,0.552,0.3395691609977324,0.3321472996036911,0.8503441622682985,125.0,,,Image only,
975379,mean_impute_fusion,0.6931235231623233,0.4107700033254414,0.632,0.3630952380952381,0.3547709121479613,0.763608632313869,125.0,0.8745147585868835,6.76347265267373,Mean imputation,2.600667732078385
975379,missforest_fusion,0.7536779164887234,0.4306173383375704,0.624,0.4016439909297052,0.3757475083056478,0.7477506591344348,125.0,0.9147030115127563,3.3600186821325853,Forest surrogate,1.8330353739446998
975379,brits_joint_loss,0.7622289909188682,0.4726009655829193,0.624,0.5093537414965986,0.4651211361737677,0.7164178224837703,125.0,0.9484480619430542,2.5857308784886572,BRITS-MI-image,1.6080207954154875
975380,complete_fusion,0.8412857625027815,0.5761550369418219,0.752,0.6241204385534281,0.5827722393305148,0.6602532812705325,125.0,0.0,0.0,Full data,0.0
975380,image_only,0.6253105573828971,0.4183113573547909,0.512,0.5210276550482735,0.4037729119696333,0.9282487521747173,125.0,,,Image only,
975380,mean_impute_fusion,0.7247543649780238,0.4632741420020507,0.68,0.4992636229749632,0.4542336890162977,0.8032951104090696,125.0,0.9018092751502992,6.11062864295626,Mean imputation,2.471968576450004
975380,missforest_fusion,0.7539474256886454,0.5086369550551899,0.672,0.5400098183603338,0.4835217051895598,0.7553075617242669,125.0,1.080349683761597,3.441376829257973,Forest surrogate,1.8550948302601602
975380,brits_joint_loss,0.7675594398030183,0.4995350479789689,0.648,0.510391098019964,0.4642824148100771,0.74957897973111,125.0,1.0355126857757568,2.741559278172457,BRITS-MI-image,1.6557654659318322
975381,complete_fusion,0.822234270266843,0.5464360103635671,0.68,0.6153504880212955,0.517867502030398,0.7090035727667817,125.0,0.0,0.0,Full data,0.0
975381,image_only,0.7081565248768888,0.5108889957012274,0.52,0.4230257320319432,0.3630193141323652,0.8923238734347926,125.0,,,Image only,
975381,mean_impute_fusion,0.7964873283791366,0.5442925218526836,0.664,0.5863649807749186,0.5070641762452107,0.7937951157294748,125.0,0.8525118827819824,5.806564266227441,Mean imputation,2.409681361970383
975381,missforest_fusion,0.7464866943836398,0.507189647662015,0.608,0.449349304939367,0.4035311094134624,0.7751951903388253,125.0,0.9270859360694884,2.584888400780749,Forest surrogate,1.6077588130004914
975381,brits_joint_loss,0.7628082121444684,0.4663335742111713,0.64,0.565069506063295,0.4707893413775766,0.7615728958963872,125.0,0.9584680199623108,2.258109908525627,BRITS-MI-image,1.5027008712733305
975382,complete_fusion,0.8549465616593112,0.6054676561621406,0.696,0.6044603743528475,0.5380142046808714,0.6838888121241028,125.0,0.0,0.0,Full data,0.0
975382,image_only,0.6357462674436561,0.5088589672872197,0.512,0.4519315013938669,0.3778949545078577,0.919460262843256,125.0,,,Image only,
975382,mean_impute_fusion,0.7498311003015304,0.4993337373555787,0.688,0.5745917960971725,0.5226866512744813,0.7906749372428988,125.0,0.8271998167037964,3.4949313515212417,Mean imputation,1.8694735492970318
975382,missforest_fusion,0.8231825579694242,0.6357753153879119,0.688,0.6464356829948228,0.5559178743961353,0.7418544922166387,125.0,0.9151282906532288,1.63206224383802,Forest surrogate,1.2775219152085102
975382,brits_joint_loss,0.8155404993538635,0.5966184000882534,0.656,0.6320987654320988,0.5369799200204203,0.7492788660694102,125.0,0.9247336983680724,1.6445154474747747,BRITS-MI-image,1.282386621684262
975383,complete_fusion,0.8740520719970145,0.6202073616470759,0.744,0.6116743471582181,0.5684754521963824,0.6116250938762756,125.0,0.0,0.0,Full data,0.0
975383,image_only,0.6572412655020091,0.4622832467157968,0.552,0.4133742959549411,0.3808162984376075,0.8890536260729164,125.0,,,Image only,
975383,mean_impute_fusion,0.7606378500698621,0.525094043458868,0.632,0.5174603174603174,0.4731654179286891,0.8089807855474013,125.0,0.923297882080078,7.301157597905316,Mean imputation,2.702065431832715
975383,missforest_fusion,0.7784979575099586,0.5146183759882256,0.632,0.561495135688684,0.4921345811051693,0.7739161368647652,125.0,0.943491518497467,3.9650221138774313,Forest surrogate,1.9912363279825505
975383,brits_joint_loss,0.7864733339408297,0.553483524489235,0.632,0.561495135688684,0.4921345811051693,0.7632634429875378,125.0,0.9619534015655518,3.4901230934760905,BRITS-MI-image,1.8681871141499962
975384,complete_fusion,0.8068295807685671,0.4796105947096847,0.736,0.4492630385487528,0.4388025767336112,0.6121619058562697,125.0,0.0,0.0,Full data,0.0
975384,image_only,0.669755795697781,0.5231154165863655,0.592,0.4328231292517007,0.3703949307397582,0.8513384181118182,125.0,,,Image only,
975384,mean_impute_fusion,0.6710925483649067,0.4208192794487808,0.688,0.4183673469387755,0.4045977011494253,0.719278219092989,125.0,0.8620650172233582,5.645266015807284,Mean imputation,2.3759768550655713
975384,missforest_fusion,0.6827923201598626,0.4340106361604022,0.696,0.4322562358276644,0.4170042971147943,0.6935077956664694,125.0,0.9355901479721068,2.629893053371503,Forest surrogate,1.621694500629358
975384,brits_joint_loss,0.667714180901009,0.4309219326554183,0.68,0.4149659863945578,0.4022099447513812,0.6954551774304766,125.0,0.9646885395050048,2.1807946268293334,BRITS-MI-image,1.4767513761054476
975385,complete_fusion,0.7911958854959883,0.5279285381657152,0.704,0.5173165994322426,0.4760727479397555,0.6670559621994708,125.0,0.0,0.0,Full data,0.0
975385,image_only,0.6316212975553287,0.3865417404328821,0.48,0.3246974450918871,0.3020111832611832,0.893673372484351,125.0,,,Image only,
975385,mean_impute_fusion,0.7373203493260445,0.4675506303067404,0.688,0.4803824891677872,0.4535122336227308,0.7282978903458943,125.0,0.9190585613250732,7.142105096869548,Mean imputation,2.672471720499498
975385,missforest_fusion,0.6776378075509303,0.4190402859127805,0.616,0.427341999103541,0.3967269595176572,0.7646808395639314,125.0,0.981078028678894,4.2062788735610335,Forest surrogate,2.050921469379321
975385,brits_joint_loss,0.6838511744156799,0.4224305234411757,0.632,0.3709846107873898,0.3685997910135841,0.7517527058258512,125.0,0.9572358131408693,3.644121064021707,BRITS-MI-image,1.9089581095513088
975386,complete_fusion,0.8363754385964913,0.5250682136549801,0.712,0.5228070175438596,0.4914990421455938,0.648145512254141,125.0,0.0,0.0,Full data,0.0
975386,image_only,0.7056198830409356,0.4817361454629436,0.648,0.4750877192982456,0.4389029773645158,0.8888169776056452,125.0,,,Image only,
975386,mean_impute_fusion,0.7083029239766082,0.4667309508233623,0.672,0.5389473684210526,0.5066167290886393,0.770432442575936,125.0,0.8889754414558411,5.427763966596492,Mean imputation,2.329756203253141
975386,missforest_fusion,0.7941040935672515,0.4959229779246536,0.68,0.4694736842105262,0.459837063395449,0.7130803413301644,125.0,0.9967475533485411,3.423467702023099,Forest surrogate,1.8502615226024397
975386,brits_joint_loss,0.7890994152046784,0.4727902191895923,0.632,0.4385964912280702,0.4204232804232804,0.7050405333096723,125.0,1.044456124305725,3.144468475841707,BRITS-MI-image,1.773264919813649
975387,complete_fusion,0.8398830457360851,0.4944481668117372,0.744,0.5662168915542228,0.5304554496370354,0.6916364148453016,125.0,0.0,0.0,Full data,0.0
975387,image_only,0.6149763014498261,0.4146715402192613,0.544,0.4047976011994003,0.3665123456790123,0.9266421181814885,125.0,,,Image only,
975387,mean_impute_fusion,0.6946704850054312,0.4588092221565197,0.6,0.4055472263868065,0.3873517786561264,0.797708389557127,125.0,0.8408957123756409,4.352453982918171,Mean imputation,2.0862535758910448
975387,missforest_fusion,0.6857395596278995,0.4290449356021359,0.6,0.4134182908545727,0.3886544772620722,0.7776572975593703,125.0,1.0064469575881958,2.205838761576004,Forest surrogate,1.4852066393522498
975387,brits_joint_loss,0.7045325907982648,0.4409947153245402,0.656,0.4545227386306846,0.4218106995884773,0.7551585294537914,125.0,1.0244553089141846,1.9666276906672244,BRITS-MI-image,1.4023650347421046
975388,complete_fusion,0.8681465626033357,0.5602947766175687,0.808,0.5713048855905999,0.5550877192982456,0.6154092259781776,125.0,0.0,0.0,Full data,0.0
975388,image_only,0.577739214348091,0.3727698665982475,0.512,0.3632034632034632,0.3303161792357314,0.909973777434148,125.0,,,Image only,
975388,mean_impute_fusion,0.6564704882966557,0.4088772665347573,0.672,0.3914656771799629,0.382314952806756,0.77798639659668,125.0,0.9037747979164124,7.394687407249758,Mean imputation,2.7193174524593036
975388,missforest_fusion,0.7593144075321607,0.4343388494840267,0.672,0.3797155225726654,0.3794311335294942,0.7151205227571072,125.0,1.0811395645141602,4.753571593861488,Forest surrogate,2.180268697629145
975388,brits_joint_loss,0.7591108862884175,0.4368142232694337,0.672,0.3562152133580705,0.3595698924731182,0.7007364091945033,125.0,1.139273762702942,4.528756369383589,BRITS-MI-image,2.1280874910077334
975389,complete_fusion,0.9128596491228071,0.6996816670593065,0.832,0.6877192982456141,0.6723961530591365,0.5641656397140808,125.0,0.0,0.0,Full data,0.0
975389,image_only,0.5463356725146199,0.3977222927438313,0.656,0.4056140350877193,0.418997668997669,0.9048427885307506,125.0,,,Image only,
975389,mean_impute_fusion,0.7719894736842106,0.5419459470018919,0.68,0.479298245614035,0.4653618460794974,0.706614318216678,125.0,0.9797471761703492,9.491807460217322,Mean imputation,3.0808777093901862
975389,missforest_fusion,0.8206315789473685,0.5539380957398392,0.696,0.6126315789473685,0.5298638075920024,0.6720083429509943,125.0,1.1045842170715332,5.816839325558884,Forest surrogate,2.4118124565477483
975389,brits_joint_loss,0.8427894736842104,0.5568863889178172,0.704,0.4996491228070175,0.4836051709556603,0.6501649787167136,125.0,1.1160567998886108,5.3059014650229,BRITS-MI-image,2.303454246348926
975390,complete_fusion,0.8598358146677475,0.6413958286553613,0.76,0.6417233560090704,0.592728259394926,0.6348974881451177,125.0,0.0,0.0,Full data,0.0
975390,image_only,0.6163637819800285,0.4196440757267751,0.56,0.4421768707482993,0.384934368969202,0.8983895333211981,125.0,,,Image only,
975390,mean_impute_fusion,0.7201286497504985,0.4844453084488614,0.664,0.4863945578231292,0.4460799131883889,0.788353214142173,125.0,0.8476601839065552,5.214681849668178,Mean imputation,2.2835677895933326
975390,missforest_fusion,0.7691217512646085,0.5103139411751759,0.704,0.5804988662131519,0.5111111111111111,0.7327844353725124,125.0,1.0399338006973269,2.639702587883424,Forest surrogate,1.62471615609725
975390,brits_joint_loss,0.7718020256535664,0.536348559436547,0.664,0.5510204081632654,0.4788027570578793,0.7283305914284603,125.0,1.0381861925125122,2.3474123229533994,BRITS-MI-image,1.5321267320144896
975391,complete_fusion,0.895257187815199,0.6542942640616857,0.784,0.7077485380116958,0.6521885521885521,0.6080489444348945,125.0,0.0,0.0,Full data,0.0
975391,image_only,0.6622262168720189,0.436839300230245,0.568,0.4049707602339181,0.3791308873276086,0.9080849880712488,125.0,,,Image only,
975391,mean_impute_fusion,0.8142692564258637,0.6086968586698688,0.712,0.5720760233918128,0.5755845888261143,0.7299166716124654,125.0,0.8383637070655823,5.805130428790036,Mean imputation,2.409383827618596
975391,missforest_fusion,0.842259672672265,0.6177135052932757,0.752,0.6207602339181286,0.6118710918710919,0.6931658282731402,125.0,0.9481132626533508,2.340904231522322,Forest surrogate,1.5300013828498071
975391,brits_joint_loss,0.836079796170683,0.5858124627574587,0.728,0.579093567251462,0.5831175455116133,0.696813732845182,125.0,0.9814028143882751,2.0517269556832085,BRITS-MI-image,1.432385058454328
975392,complete_fusion,0.8939766160731941,0.5998195176185969,0.808,0.6453535353535353,0.5897394931877691,0.5882701792776306,125.0,0.0,0.0,Full data,0.0
975392,image_only,0.6211697455214246,0.4175698110459696,0.624,0.4268686868686868,0.3671554252199414,0.8264635283704911,125.0,,,Image only,
975392,mean_impute_fusion,0.7144212553676185,0.4222352755159561,0.744,0.4399999999999999,0.4272385555108068,0.7340900810392607,125.0,0.857791543006897,6.974156336863169,Mean imputation,2.6408628015978355
975392,missforest_fusion,0.7344736642246112,0.4429979801067125,0.704,0.5074747474747475,0.4814814814814814,0.6996100354282819,125.0,1.0272698402404783,3.647570279877382,Forest surrogate,1.9098613247765877
975392,brits_joint_loss,0.7227452072853314,0.4227956377884642,0.664,0.4066666666666667,0.384558540983122,0.6969480991191525,125.0,1.0094763040542605,3.116599028360641,BRITS-MI-image,1.76538920025037
975393,complete_fusion,0.8948562744205456,0.5919282241826339,0.816,0.6472222222222223,0.6319394663480685,0.5776579532510624,125.0,0.0,0.0,Full data,0.0
975393,image_only,0.6933973483555252,0.4993716165792444,0.624,0.5013888888888889,0.4374231488906709,0.8396913684279035,125.0,,,Image only,
975393,mean_impute_fusion,0.7789904119722317,0.512628123753605,0.696,0.5215277777777777,0.492816787732042,0.7405614193353545,125.0,0.8844545483589172,5.45654288325887,Mean imputation,2.3359244172829885
975393,missforest_fusion,0.7981499658586548,0.5144987530534065,0.688,0.4972222222222222,0.4897849462365591,0.713020579996706,125.0,0.9957450032234192,3.344024271282703,Forest surrogate,1.828667348448783
975393,brits_joint_loss,0.7999414381093283,0.5279488217275298,0.664,0.4868055555555555,0.4687710437710438,0.7008667394327752,125.0,1.0013747215270996,3.2968699870461147,BRITS-MI-image,1.8157285003673085
975394,complete_fusion,0.8735036607108988,0.6549831798355026,0.768,0.7215277777777778,0.619753086419753,0.6132408083348047,125.0,0.0,0.0,Full data,0.0
975394,image_only,0.5527939000796631,0.3846486002303563,0.512,0.3583333333333334,0.333849204430043,0.9304197117292258,125.0,,,Image only,
975394,mean_impute_fusion,0.7149209058836918,0.4247565477004087,0.608,0.4208333333333333,0.3928509905254091,0.7773461169400223,125.0,0.8820382952690125,5.7864748307733,Mean imputation,2.4055092664076976
975394,missforest_fusion,0.7630366355601077,0.4431145329269427,0.64,0.4555555555555555,0.4251994221468501,0.7409231047727268,125.0,1.0384875535964966,2.754804390968642,Forest surrogate,1.6597603414254245
975394,brits_joint_loss,0.7800688517127575,0.480050102135118,0.672,0.4590277777777777,0.4343398922007922,0.7092879412707368,125.0,1.026085376739502,2.869727603868435,BRITS-MI-image,1.694027037525799
975395,complete_fusion,0.8076867751710236,0.5227585121751374,0.72,0.4660652920962199,0.4316239316239316,0.6738835912539917,125.0,0.0,0.0,Full data,0.0
975395,image_only,0.6746143803696208,0.4504776637358074,0.632,0.4872565864833906,0.434141826287355,0.868206032882817,125.0,,,Image only,
975395,mean_impute_fusion,0.7197708290041751,0.5081931194728911,0.664,0.5010022909507446,0.4869983948635634,0.781302916910421,125.0,0.8959823846817017,5.191893156779003,Mean imputation,2.278572613892084
975395,missforest_fusion,0.734711615491446,0.4848425644973379,0.704,0.5286368843069874,0.4956304619225967,0.7433407579174058,125.0,1.0859622955322266,2.99426706669086,Forest surrogate,1.7303950608721872
975395,brits_joint_loss,0.7383270510074169,0.4640101323260892,0.712,0.5007159221076747,0.4894657815710447,0.7376159346514215,125.0,1.0925922393798828,2.6688658274374237,BRITS-MI-image,1.6336663758054837
975396,complete_fusion,0.9132394920526536,0.6359867818141556,0.76,0.6541666666666667,0.5886648628204009,0.6195274087727208,125.0,0.0,0.0,Full data,0.0
975396,image_only,0.7590217082053033,0.460064503084014,0.592,0.5819444444444444,0.4625086266390614,0.9031478064678344,125.0,,,Image only,
975396,mean_impute_fusion,0.7750715071507152,0.4866223621460979,0.656,0.525,0.4684253578732106,0.8069449258533793,125.0,0.8456248641014099,4.613039202968732,Mean imputation,2.1477986877192965
975396,missforest_fusion,0.8121015420507569,0.4750804937221569,0.664,0.5284722222222222,0.4682964998664071,0.7342863609493495,125.0,0.9544363617897034,2.5491307696684133,Forest surrogate,1.5965997524954127
975396,brits_joint_loss,0.8152547797883237,0.5313692235355604,0.696,0.5527777777777777,0.491449857400617,0.7352931297080773,125.0,0.9763805270195008,2.255400476063763,BRITS-MI-image,1.5017990797918885
975397,complete_fusion,0.8745361934182917,0.5821018380782959,0.792,0.5141969831410825,0.483034681177096,0.6162643486236541,125.0,0.0,0.0,Full data,0.0
975397,image_only,0.5739049735490209,0.4104489011514001,0.536,0.3498964803312629,0.3411764705882352,0.9339231873773702,125.0,,,Image only,
975397,mean_impute_fusion,0.6988503217259542,0.4973008160927386,0.72,0.4835847382431233,0.4433862433862434,0.7547014922809229,125.0,0.8815021514892578,5.324714199193766,Mean imputation,2.3075342249236015
975397,missforest_fusion,0.8002922519535488,0.522999376783231,0.696,0.4622892635314996,0.433015873015873,0.7020175889348157,125.0,0.9599363207817078,2.744745349823648,Forest surrogate,1.6567273009833718
975397,brits_joint_loss,0.7559770384777859,0.4931935377597898,0.656,0.4341910677314404,0.4041261420571766,0.7131845522915424,125.0,0.9605113863945008,2.5367672455289902,BRITS-MI-image,1.5927232168612946
975398,complete_fusion,0.8520443078790638,0.6003391930484326,0.816,0.6368055555555555,0.6424721935557849,0.5814837842020355,125.0,0.0,0.0,Full data,0.0
975398,image_only,0.7495443078790638,0.4998349149529545,0.656,0.5888888888888889,0.4952631578947368,0.8325470813279126,125.0,,,Image only,
975398,mean_impute_fusion,0.7439505804028679,0.4579236467816477,0.688,0.4131944444444444,0.3996608253250424,0.720278958500201,125.0,0.936311900615692,6.708439300735455,Mean imputation,2.5900655012442164
975398,missforest_fusion,0.7736962747998938,0.4836566147310004,0.696,0.40625,0.3979665940450254,0.6848532434773931,125.0,1.106980562210083,3.2628792595482055,Forest surrogate,1.8063441697384819
975398,brits_joint_loss,0.8150815124615911,0.4948692689696756,0.72,0.4166666666666667,0.4109911546093566,0.6427024560659546,125.0,1.085507869720459,2.734571569747797,BRITS-MI-image,1.653654005452107
975399,complete_fusion,0.8416233994679859,0.5457309304984713,0.704,0.4431367243867243,0.4331821617535903,0.6653981834943316,125.0,0.0,0.0,Full data,0.0
975399,image_only,0.5038302797439494,0.3535090608250474,0.56,0.3131313131313131,0.3207022050952686,0.9389095994884976,125.0,,,Image only,
975399,mean_impute_fusion,0.7016530271248458,0.4329310886798957,0.648,0.4188311688311688,0.4055102104637709,0.7807253464684386,125.0,0.8991867303848267,5.688516603139481,Mean imputation,2.3850611319501818
975399,missforest_fusion,0.7895531483069004,0.5038788365702733,0.664,0.4348845598845599,0.4128628431114619,0.718635513654672,125.0,0.8556681871414185,2.8039949321029645,Forest surrogate,1.6745133418706954
975399,brits_joint_loss,0.775084978927158,0.4710021530311294,0.632,0.4443542568542568,0.4181992337164751,0.7373183757710192,125.0,0.8676245212554932,2.2802898947131847,BRITS-MI-image,1.5100628777349587
975400,complete_fusion,0.8072596359651376,0.508200406414458,0.72,0.4588744588744589,0.4249544626593807,0.6649651605721427,125.0,0.0,0.0,Full data,0.0
975400,image_only,0.5858689341514123,0.3923059547655258,0.568,0.3354978354978355,0.3316355404640633,0.9262666167113688,125.0,,,Image only,
975400,mean_impute_fusion,0.7287348831199963,0.4357817157422545,0.68,0.4816326530612245,0.4605027156751295,0.7649403304372419,125.0,0.9107179045677184,5.477805689895955,Mean imputation,2.3404712538067955
975400,missforest_fusion,0.7081595149255806,0.4235494207517354,0.688,0.4217687074829932,0.398175912043978,0.7504584510698553,125.0,1.0514737367630005,2.6076768228765617,Forest surrogate,1.6148302768020426
975400,brits_joint_loss,0.7529151342142558,0.5064561443748924,0.704,0.52708719851577,0.4956304619225967,0.7326627029066018,125.0,1.0146145820617676,2.281031599361225,BRITS-MI-image,1.510308445106901
975401,complete_fusion,0.8439131967375569,0.5529184703636094,0.712,0.6245791245791246,0.546702674641439,0.6424879213098725,125.0,0.0,0.0,Full data,0.0
975401,image_only,0.5169789757168398,0.3555458849759256,0.504,0.3299663299663299,0.3133450911228689,0.937547904671526,125.0,,,Image only,
975401,mean_impute_fusion,0.684587575805581,0.4055558384923641,0.584,0.398989898989899,0.3566380752009495,0.7763308399238739,125.0,1.0188837051391602,9.31138171077258,Mean imputation,3.0514556707860887
975401,missforest_fusion,0.7604697940090702,0.4420713597053727,0.624,0.4393939393939394,0.3908450704225352,0.7395018207964498,125.0,1.0850508213043213,4.940186331941487,Forest surrogate,2.222652994045964
975401,brits_joint_loss,0.7550270738708514,0.4474962313571736,0.648,0.4612794612794613,0.4045584045584046,0.7283487015398539,125.0,1.077568292617798,4.584861895979622,BRITS-MI-image,2.1412290620061234
975402,complete_fusion,0.8558714631826135,0.5492886901017086,0.752,0.6564470342148513,0.5877257181124584,0.6246613216285026,125.0,0.0,0.0,Full data,0.0
975402,image_only,0.7257259015962578,0.552598863181353,0.664,0.5744210369042283,0.4902682988480843,0.8357552189537955,125.0,,,Image only,
975402,mean_impute_fusion,0.7709544902676445,0.5907992851143941,0.704,0.5916031674884207,0.5352585765488991,0.7298194111020446,125.0,0.8489564061164856,4.904950859772355,Mean imputation,2.2147123650199716
975402,missforest_fusion,0.7932773130169443,0.6158201853145081,0.696,0.6102793963842821,0.5322413912922618,0.7215918016510883,125.0,0.9619393348693848,2.281179766635319,Forest surrogate,1.5103574963018918
975402,brits_joint_loss,0.8089864823861713,0.6494175625320586,0.704,0.6137158225011206,0.5427603842698182,0.7020415875835568,125.0,0.9949021339416504,2.0004637826849185,BRITS-MI-image,1.41437752480903
975403,complete_fusion,0.9059185621551622,0.6845834284061181,0.832,0.7240106739340261,0.7015075376884422,0.5291774341941249,125.0,0.0,0.0,Full data,0.0
975403,image_only,0.5824073116308545,0.3963034597344791,0.56,0.2980752853006302,0.3002645502645503,0.8504384128012666,125.0,,,Image only,
975403,mean_impute_fusion,0.7173622958819722,0.4581197050038377,0.744,0.4583546244251406,0.4242726185731367,0.6877861909336597,125.0,0.8825068473815918,6.379865692446703,Mean imputation,2.5258396014883258
975403,missforest_fusion,0.7614811483669316,0.4509346385641162,0.704,0.4135581672628172,0.3904005296259517,0.6768142223528223,125.0,1.0865992307662964,3.3232512811422974,Forest surrogate,1.8229786836774307
975403,brits_joint_loss,0.7569193025005996,0.4513986441650942,0.704,0.5214330324192358,0.4638773659247364,0.6600259394348882,125.0,1.0921915769577026,2.990426509493942,BRITS-MI-image,1.729284970585803
975404,complete_fusion,0.8771164387157687,0.5639051609618965,0.8,0.531786941580756,0.4971014492753623,0.6128478604865929,125.0,0.0,0.0,Full data,0.0
975404,image_only,0.6501050426370794,0.4016294744135254,0.56,0.3764318442153493,0.3549382716049383,0.9039052659052996,125.0,,,Image only,
975404,mean_impute_fusion,0.8333963366881608,0.507513870435499,0.704,0.4696449026345933,0.4311484593837535,0.7126682300920781,125.0,0.8891172409057617,4.954219363897642,Mean imputation,2.225807575667232
975404,missforest_fusion,0.8116089306748321,0.4938044081234943,0.712,0.4835337915234823,0.4361904761904762,0.6975596957557101,125.0,1.0404505729675293,2.2736634743203745,Forest surrogate,1.5078671938603792
975404,brits_joint_loss,0.8244589186459147,0.4935316188741225,0.72,0.4974226804123711,0.4488852188274153,0.6951456199252911,125.0,1.0396358966827393,2.136371347077337,BRITS-MI-image,1.4616331095994428
975405,complete_fusion,0.9157352243845076,0.7233067580661593,0.84,0.7416666666666667,0.7043478260869565,0.567170899657157,125.0,0.0,0.0,Full data,0.0
975405,image_only,0.6548025966389742,0.4120483669442607,0.528,0.4597222222222222,0.3798194274306973,0.8920586500208818,125.0,,,Image only,
975405,mean_impute_fusion,0.8127248112742308,0.5284405245726024,0.728,0.4937499999999999,0.4905615292712067,0.7056223937303614,125.0,0.8896041512489319,4.950890940921851,Mean imputation,2.225059761202348
975405,missforest_fusion,0.8492063559804257,0.6725651301415767,0.728,0.6833333333333332,0.59453083604027,0.6688043174676956,125.0,1.0215404033660889,2.6413429410207807,Forest surrogate,1.6252208899164386
975405,brits_joint_loss,0.8542880581161564,0.6408601032550617,0.72,0.6902777777777778,0.6055607830113835,0.6579741062121844,125.0,1.012604594230652,2.409902846586033,BRITS-MI-image,1.5523861783029482
975406,complete_fusion,0.9186197412844732,0.6192038206244505,0.84,0.6784722222222221,0.6451517517091289,0.5336092982538304,125.0,0.0,0.0,Full data,0.0
975406,image_only,0.5981242175941732,0.4069437070947539,0.632,0.3680555555555555,0.3762626262626262,0.8492767558845438,125.0,,,Image only,
975406,mean_impute_fusion,0.764433917529684,0.4548370044444789,0.712,0.4444444444444444,0.4268189905421856,0.7076889941254061,125.0,0.8396822810173035,6.071645675580338,Mean imputation,2.4640709558737015
975406,missforest_fusion,0.831562725238041,0.5197660429691331,0.704,0.4937499999999999,0.4732690028779414,0.6548170953240962,125.0,0.9143279194831848,2.8977040344855056,Forest surrogate,1.7022643844260814
975406,brits_joint_loss,0.8307137437881719,0.5213644789124271,0.68,0.4833333333333333,0.4603174603174603,0.6499902529039737,125.0,0.995659112930298,2.4971641557891076,BRITS-MI-image,1.5802418029495067
975407,complete_fusion,0.829974654974655,0.5011844042457958,0.712,0.488023088023088,0.4609206822321576,0.6307666440373112,125.0,0.0,0.0,Full data,0.0
975407,image_only,0.5677687127687128,0.3840794071368543,0.56,0.3232323232323232,0.3385620915032679,0.9200023364812792,125.0,,,Image only,
975407,mean_impute_fusion,0.6952436452436452,0.4304798247165736,0.664,0.3795093795093795,0.3638375217322586,0.7693997980007732,125.0,0.8812506794929504,5.027965955859364,Mean imputation,2.2423126356196104
975407,missforest_fusion,0.7612171162171162,0.4598688011248251,0.696,0.443001443001443,0.4133709981167608,0.7089747851845434,125.0,0.9895107746124268,2.231364468983266,Forest surrogate,1.4937752404506062
975407,brits_joint_loss,0.7753476153476152,0.46214242129718,0.696,0.443001443001443,0.4172606434213061,0.6993193772155443,125.0,0.9418606162071228,2.20465782999028,BRITS-MI-image,1.4848090213863465
975408,complete_fusion,0.8677198797465954,0.6687088432098912,0.736,0.5812499999999999,0.5505904455179818,0.6322623049395552,125.0,0.0,0.0,Full data,0.0
975408,image_only,0.6187005424680398,0.4151267406852044,0.592,0.4243055555555555,0.3927514792899408,0.8979055951007586,125.0,,,Image only,
975408,mean_impute_fusion,0.6957120841394483,0.4478090911489873,0.64,0.3923611111111111,0.3781665755421906,0.7775502855164398,125.0,0.8835811614990234,6.36909860695099,Mean imputation,2.5237073140423774
975408,missforest_fusion,0.7565630097492507,0.4687492937485261,0.656,0.4729166666666666,0.4391767227054469,0.7465828735242169,125.0,0.9857533574104308,3.142386900963727,Forest surrogate,1.7726778897937794
975408,brits_joint_loss,0.7440957285383711,0.4444173872981785,0.624,0.3645833333333333,0.3696309739866909,0.7502012936064132,125.0,0.98942768573761,2.9473724326584487,BRITS-MI-image,1.7167913189023436
975409,complete_fusion,0.8609640359640358,0.5255782261142692,0.704,0.5104377104377105,0.4677510398098634,0.6069120985854678,125.0,0.0,0.0,Full data,0.0
975409,image_only,0.5287688237688237,0.3738316750187843,0.664,0.4052910052910053,0.3873416731439521,0.8838323502367413,125.0,,,Image only,
975409,mean_impute_fusion,0.7099089799089798,0.4245730555666319,0.664,0.4303030303030303,0.4219036240541616,0.7657994201808326,125.0,0.938506841659546,7.639493114688547,Mean imputation,2.763963298361349
975409,missforest_fusion,0.6952893402893402,0.4580873606969068,0.648,0.436075036075036,0.4117135166858923,0.7381268777961117,125.0,0.9713461995124816,4.043449019715397,Forest surrogate,2.0108329169066725
975409,brits_joint_loss,0.7228889628889629,0.4310321904622991,0.672,0.4461760461760461,0.4236501125344439,0.7223442768509168,125.0,1.0136268138885498,3.5452644409009486,BRITS-MI-image,1.882887261866984
975410,complete_fusion,0.8548938859120677,0.506027942025261,0.808,0.5498412698412699,0.5015331120594279,0.5859471868862969,125.0,0.0,0.0,Full data,0.0
975410,image_only,0.6132843076115804,0.4111195554259726,0.664,0.3644444444444444,0.3847658797443589,0.8411089795241836,125.0,,,Image only,
975410,mean_impute_fusion,0.6989450993450993,0.4346704812322213,0.704,0.4187301587301587,0.4062799945152886,0.7024403576073502,125.0,0.8436276316642761,3.9575061230123127,Mean imputation,1.9893481653577667
975410,missforest_fusion,0.7468510176691995,0.4775796896082283,0.752,0.4888888888888889,0.4504810413129598,0.6630265698174193,125.0,1.0105499029159546,1.3912611677406648,Forest surrogate,1.1795173452479046
975410,brits_joint_loss,0.8023199043380861,0.4946443324091366,0.76,0.5173015873015873,0.4610952720361131,0.6373704194072365,125.0,1.0627233982086182,1.3023177139805764,BRITS-MI-image,1.1411913573019103
975411,complete_fusion,0.9146633082649194,0.6651170806014002,0.824,0.7505341880341879,0.700312256049961,0.5316336965370608,125.0,0.0,0.0,Full data,0.0
975411,image_only,0.704931369872721,0.4574508751072099,0.64,0.4882478632478633,0.4274170274170274,0.8164853781817596,125.0,,,Image only,
975411,mean_impute_fusion,0.8047412383901925,0.5160862544570727,0.744,0.5894764957264957,0.5348671303727484,0.671093263373762,125.0,0.8776096701622009,8.567911266385636,Mean imputation,2.927099463015501
975411,missforest_fusion,0.7922037142818659,0.5161178908872656,0.728,0.5638354700854701,0.5235108534854934,0.6446738917159853,125.0,1.0089913606643677,4.613382174386188,Forest surrogate,2.1478785287781497
975411,brits_joint_loss,0.849805064421373,0.5474109295360513,0.736,0.5673076923076922,0.5271940947377954,0.6126452066673721,125.0,1.0296165943145752,3.810975673447916,BRITS-MI-image,1.9521720399206408
975412,complete_fusion,0.8422680152091916,0.5588894645543169,0.768,0.703872053872054,0.6123289633927932,0.6591257103027135,125.0,0.0,0.0,Full data,0.0
975412,image_only,0.5894357494357495,0.3858652796791206,0.528,0.3808080808080809,0.3471742721372821,0.9046760344088272,125.0,,,Image only,
975412,mean_impute_fusion,0.7774510456863397,0.4696353461281515,0.712,0.5104377104377105,0.4721161191749427,0.7433583574860955,125.0,0.8979337811470032,6.780590093310979,Mean imputation,2.6039566227783015
975412,missforest_fusion,0.8036714701420583,0.4621417429616998,0.68,0.3792929292929292,0.3788606726149622,0.7152439167543095,125.0,0.9546740055084229,3.47815967953452,Forest surrogate,1.8649824877286436
975412,brits_joint_loss,0.8239674051438758,0.4952724840024284,0.696,0.4904040404040404,0.4558526440879382,0.6939706274641171,125.0,0.9821155071258544,2.944818847540306,BRITS-MI-image,1.7160474490934994
975413,complete_fusion,0.8584054573815436,0.5565753031043456,0.8,0.5632086167800453,0.5505861919235779,0.6063982887219083,125.0,0.0,0.0,Full data,0.0
975413,image_only,0.5357622041524623,0.361836328495472,0.6,0.3180272108843537,0.3471669022227933,0.93296076943528,125.0,,,Image only,
975413,mean_impute_fusion,0.625530267052206,0.4021884402322708,0.688,0.3869047619047618,0.3801925025329281,0.7638084582069671,125.0,0.8652265071868896,5.20785816017639,Mean imputation,2.282073215340908
975413,missforest_fusion,0.7645503361160992,0.4434933494858855,0.728,0.4248866213151927,0.412565445026178,0.6926250043973489,125.0,0.9403066635131836,2.523169210222247,Forest surrogate,1.5884486803866995
975413,brits_joint_loss,0.7450984355340483,0.4370744168070109,0.712,0.4075963718820861,0.4035986340950879,0.6978585482762336,125.0,0.9346710443496704,2.3273088900120618,BRITS-MI-image,1.525551995184714
975414,complete_fusion,0.8662597796596371,0.5546264019293233,0.736,0.4766505636070854,0.439240176945095,0.5861218858490406,125.0,0.0,0.0,Full data,0.0
975414,image_only,0.5759491138930156,0.3822216577306908,0.608,0.452642365685844,0.3903685768092548,0.8644438239968125,125.0,,,Image only,
975414,mean_impute_fusion,0.7467719034529651,0.4396088566358417,0.648,0.4173620260576782,0.3817243920412674,0.7469807090879312,125.0,0.9320073127746582,6.013843090476982,Mean imputation,2.452313823815578
975414,missforest_fusion,0.7609228507932965,0.4570717921478204,0.648,0.4284877763138633,0.3900383141762452,0.7072504804127792,125.0,0.9210959076881408,2.3447467741265147,Forest surrogate,1.5312565997005578
975414,brits_joint_loss,0.7684240145352886,0.4449159577325954,0.656,0.4429805299370516,0.398578811369509,0.715823430375298,125.0,0.9329237937927246,2.3036230436564304,BRITS-MI-image,1.5177691009031744
975415,complete_fusion,0.8101164007958791,0.5511748568289216,0.728,0.515657392253137,0.4957553058676653,0.7136046658909354,125.0,0.0,0.0,Full data,0.0
975415,image_only,0.6435290278495495,0.4919753425905735,0.544,0.4601200218221495,0.3889227023737066,0.9174690654244648,125.0,,,Image only,
975415,mean_impute_fusion,0.7299536261547243,0.4524492919485314,0.68,0.4683578832515002,0.4309664694280079,0.8183021718172496,125.0,0.8319020867347717,4.646792749420645,Mean imputation,2.1556420735875066
975415,missforest_fusion,0.7670061365462875,0.5013211080387799,0.632,0.400709219858156,0.3891472868217054,0.7845267761381716,125.0,0.8519942760467529,2.5868804136657335,Forest surrogate,1.608378193605513
975415,brits_joint_loss,0.764229205807792,0.4869106305528337,0.64,0.4042553191489362,0.394541910331384,0.794499153304148,125.0,0.8323817849159241,2.3283217069140405,BRITS-MI-image,1.5258839100383883
975416,complete_fusion,0.8646244405850668,0.6316495767080604,0.72,0.546594982078853,0.5118931580339265,0.6655348214617438,125.0,0.0,0.0,Full data,0.0
975416,image_only,0.5916538329370398,0.4443774899350912,0.536,0.3509787703336091,0.3551444336254463,0.9508862853582531,125.0,,,Image only,
975416,mean_impute_fusion,0.6618420057698995,0.4723380776315936,0.656,0.484422387648194,0.4535296585816488,0.8403438289312296,125.0,0.8346637487411499,3.7474438854471086,Mean imputation,1.9358315746590944
975416,missforest_fusion,0.7346286501291246,0.4695460566560055,0.648,0.480838158257513,0.4499278499278499,0.7950074281533835,125.0,0.9005651473999023,2.2369735339374808,Forest surrogate,1.4956515416157203
975416,brits_joint_loss,0.7582536301108408,0.4951459632787687,0.624,0.5497656465398401,0.4934213304768815,0.7888895966450027,125.0,0.8917967677116394,1.9513320347671284,BRITS-MI-image,1.3969008679097914
975417,complete_fusion,0.8620677725727525,0.6173729239780891,0.728,0.6439153439153439,0.5956838459832472,0.6718109503225214,125.0,0.0,0.0,Full data,0.0
975417,image_only,0.552637302188237,0.4059023725419901,0.504,0.3592592592592592,0.3491777040164137,0.9745507141175976,125.0,,,Image only,
975417,mean_impute_fusion,0.7911895378066967,0.6172852543013584,0.624,0.5547619047619047,0.4829828068772491,0.7754824575167266,125.0,0.8881880640983582,5.902185590417276,Mean imputation,2.429441415308728
975417,missforest_fusion,0.7867400085240378,0.6436078739378345,0.616,0.551058201058201,0.4805555555555555,0.7876676266632794,125.0,0.8615135550498962,3.3107484123929467,Forest surrogate,1.8195462105681588
975417,brits_joint_loss,0.7875627538374349,0.6238938142447853,0.624,0.562962962962963,0.4938829286655373,0.7749416628564726,125.0,0.8798038363456726,2.766036089965563,BRITS-MI-image,1.6631404300195347
975418,complete_fusion,0.8690524872849329,0.6690773880238835,0.808,0.7061224489795919,0.6899306367391475,0.5981111161660742,125.0,0.0,0.0,Full data,0.0
975418,image_only,0.7181902541305285,0.4398317452252851,0.6,0.5071428571428571,0.4363453815261044,0.870174450741416,125.0,,,Image only,
975418,mean_impute_fusion,0.7838696508107322,0.5594455550840219,0.72,0.5714285714285715,0.5260926367723194,0.7367265776142791,125.0,0.8916144967079163,4.626331240842568,Mean imputation,2.1508908017011388
975418,missforest_fusion,0.7945608123977778,0.6091137517942323,0.712,0.5989795918367347,0.5620289855072463,0.7360593177602266,125.0,1.0271399021148682,2.2313420994165303,Forest surrogate,1.4937677528372777
975418,brits_joint_loss,0.8048551272360797,0.5513091212569298,0.712,0.5857142857142857,0.5328115617443238,0.728601283852848,125.0,1.0331504344940186,1.8679791282090603,BRITS-MI-image,1.3667403294734009
975419,complete_fusion,0.8167614035087719,0.4880633281664203,0.704,0.5487719298245614,0.5007936507936508,0.727943381607076,125.0,0.0,0.0,Full data,0.0
975419,image_only,0.5956947368421053,0.4046329537811619,0.48,0.4056140350877193,0.3359298789235095,0.9328340979974322,125.0,,,Image only,
975419,mean_impute_fusion,0.6373555555555556,0.4234239639749694,0.608,0.447719298245614,0.4132940838112639,0.8481260235789491,125.0,0.8996154069900513,6.50119233412087,Mean imputation,2.5497435820334697
975419,missforest_fusion,0.6721263157894737,0.4402885543822823,0.608,0.4771929824561403,0.427363346275056,0.8393875571815967,125.0,1.062674045562744,3.1730768402339993,Forest surrogate,1.7813132347327347
975419,brits_joint_loss,0.6616035087719297,0.4367629686665541,0.616,0.4708771929824561,0.4270325203252033,0.8245572707441594,125.0,1.11446213722229,2.7562245405321653,BRITS-MI-image,1.660188103960562
975420,complete_fusion,0.8902405695114965,0.6151240113284587,0.752,0.564026402640264,0.5171242671242672,0.6043886851166917,125.0,0.0,0.0,Full data,0.0
975420,image_only,0.662457278195352,0.4188161795054605,0.672,0.4508250825082507,0.4134479717813051,0.8502048243264041,125.0,,,Image only,
975420,mean_impute_fusion,0.6953049525731795,0.4380545175254751,0.616,0.3608910891089108,0.3474660677668196,0.7413195856077733,125.0,0.8520666360855103,4.943788968698024,Mean imputation,2.2234632825162692
975420,missforest_fusion,0.7224480629881169,0.4222714736600646,0.632,0.3674917491749174,0.3536543444920408,0.7142310927306323,125.0,0.9425565004348756,2.5879709762041117,Forest surrogate,1.608717183411712
975420,brits_joint_loss,0.7523936159849751,0.4333603166199362,0.624,0.3775577557755776,0.357966903073286,0.7164402060142022,125.0,0.9368121027946472,2.1930326783452014,BRITS-MI-image,1.4808891512686564
975421,complete_fusion,0.8893205577464812,0.6300391261721685,0.768,0.7265501269983566,0.6417941957688323,0.575436965959757,125.0,0.0,0.0,Full data,0.0
975421,image_only,0.6768138981276061,0.4105869179389694,0.648,0.4521440310772449,0.4213262657535103,0.8785838870908297,125.0,,,Image only,
975421,mean_impute_fusion,0.7926758882247057,0.4993780698967847,0.712,0.5649783355744807,0.5216643393438973,0.7442591213556661,125.0,0.8081972002983093,3.587415296161647,Mean imputation,1.8940473320806022
975421,missforest_fusion,0.7932047739161406,0.4708842293163998,0.688,0.4803824891677872,0.4535122336227308,0.7161710534203957,125.0,0.9628403782844543,2.1230686797929796,Forest surrogate,1.457075385761828
975421,brits_joint_loss,0.7912854728025979,0.4540750663929992,0.68,0.4137158225011205,0.402014652014652,0.7026217952224177,125.0,0.985060214996338,1.883248527214716,BRITS-MI-image,1.3723150247719056
975422,complete_fusion,0.8953540815680315,0.6542883600253239,0.808,0.5883333333333334,0.5767379679144385,0.5595459838870412,125.0,0.0,0.0,Full data,0.0
975422,image_only,0.707227939267281,0.4881263790395589,0.592,0.465,0.4307121492750235,0.8704365426853692,125.0,,,Image only,
975422,mean_impute_fusion,0.8527455416231278,0.5982389611264235,0.784,0.6873611111111111,0.6001985111662531,0.6815742701748035,125.0,0.9027784466743468,5.160599790507439,Mean imputation,2.2716953560078075
975422,missforest_fusion,0.858537543143029,0.6228721255151447,0.744,0.7498611111111111,0.6145320566373198,0.6519139825841318,125.0,1.063493251800537,2.145952716946639,Forest surrogate,1.46490706768267
975422,brits_joint_loss,0.8462585763592033,0.6039665673721949,0.728,0.7133333333333334,0.5761127781945486,0.6649195949652991,125.0,1.1229400634765625,1.9401489421321465,BRITS-MI-image,1.3928922938016948
975423,complete_fusion,0.8951684210526315,0.6553606202540364,0.768,0.703157894736842,0.6550324675324676,0.612464231818762,125.0,0.0,0.0,Full data,0.0
975423,image_only,0.5748760233918128,0.3855912494004356,0.568,0.3375438596491228,0.3340600775193798,0.912627213258702,125.0,,,Image only,
975423,mean_impute_fusion,0.8460526315789473,0.6104838250973355,0.712,0.5424561403508772,0.5059263151748702,0.7019832389138891,125.0,0.920316755771637,7.295115570430298,Mean imputation,2.7009471617249936
975423,missforest_fusion,0.8316023391812865,0.5868725744413235,0.712,0.6589473684210526,0.5719457013574661,0.6857958245899318,125.0,0.9204494953155518,3.6053172654717582,Forest surrogate,1.898767301559556
975423,brits_joint_loss,0.834425730994152,0.5845323470223986,0.728,0.7389473684210527,0.6182598039215687,0.6694774369240516,125.0,0.9712625741958618,3.2535491828559726,BRITS-MI-image,1.8037597353461388
975424,complete_fusion,0.7958412779877818,0.524286730897772,0.704,0.4492147922998986,0.4449796002533397,0.6778797884641733,125.0,0.0,0.0,Full data,0.0
975424,image_only,0.6191270898159096,0.396245344764069,0.48,0.3836541708882134,0.3449009206755686,0.939967966685704,125.0,,,Image only,
975424,mean_impute_fusion,0.7190360057433566,0.4378433551711289,0.608,0.4093633907463694,0.3914954866496323,0.7987587070118191,125.0,0.8478122353553772,7.315216452780865,Mean imputation,2.704665682257396
975424,missforest_fusion,0.7060943602482513,0.4445507858623171,0.624,0.447483958122256,0.4265644955300128,0.7844855224107791,125.0,0.9594954252243042,4.354804638602327,Forest surrogate,2.0868168675287073
975424,brits_joint_loss,0.7274145547314507,0.4572848197418791,0.64,0.4545761567038163,0.4303030303030303,0.7705033018386491,125.0,0.9567314982414246,3.5346856891333105,BRITS-MI-image,1.8800759796171298
975425,complete_fusion,0.8728614869830773,0.5257172734564696,0.76,0.5508967223252937,0.529029029029029,0.6221290708836374,125.0,0.0,0.0,Full data,0.0
975425,image_only,0.5920412799816406,0.4423958897256329,0.584,0.4010513296227582,0.3830403581539272,0.9081680535844632,125.0,,,Image only,
975425,mean_impute_fusion,0.7642444022818502,0.4451102250152638,0.704,0.4168212739641311,0.4022932022932022,0.7443462961033513,125.0,0.932436227798462,6.156919835775393,Mean imputation,2.481314134843751
975425,missforest_fusion,0.7849271349872367,0.485058378135571,0.744,0.5043290043290044,0.458472964405398,0.7222307949105166,125.0,1.015277862548828,3.1544094734381187,Forest surrogate,1.7760657289183075
975425,brits_joint_loss,0.7977986433696097,0.4809704961269309,0.736,0.4891774891774891,0.4464755077658304,0.712964067077686,125.0,1.039852499961853,2.8091712986496793,BRITS-MI-image,1.676058262307632
975426,complete_fusion,0.7981193504859552,0.5812655940949467,0.736,0.6019702176403207,0.5405330490405117,0.6621451882318298,125.0,0.0,0.0,Full data,0.0
975426,image_only,0.6181889825120516,0.4833630258386885,0.616,0.5789232531500573,0.4354978354978355,0.8658364405225086,125.0,,,Image only,
975426,mean_impute_fusion,0.6842351009064546,0.4787618357036998,0.624,0.4944788087056128,0.4267637468504521,0.7808417357122857,125.0,0.8371656537055969,3.369343538595949,Mean imputation,1.8355771677039212
975426,missforest_fusion,0.6974141872624212,0.4471400701272413,0.592,0.470836197021764,0.4100235087447363,0.7621037033787617,125.0,1.037310242652893,2.1768077564139543,Forest surrogate,1.4754008799014438
975426,brits_joint_loss,0.7411001703458693,0.5455039665503043,0.664,0.5512485681557847,0.4712418300653594,0.7349713455067558,125.0,1.0981425046920776,1.8831572951840017,BRITS-MI-image,1.3722817841769968
975427,complete_fusion,0.8636968586968586,0.6343043900286879,0.768,0.6632034632034632,0.5836743393009378,0.6531532566703928,125.0,0.0,0.0,Full data,0.0
975427,image_only,0.5606123506123506,0.3783416467288504,0.536,0.3256373256373256,0.3319510898458267,0.9112712641608284,125.0,,,Image only,
975427,mean_impute_fusion,0.766973396973397,0.5056129862379685,0.68,0.4870610870610871,0.4466510322282628,0.7707279561985981,125.0,0.8761972188949585,6.109274626503998,Mean imputation,2.4716946871537346
975427,missforest_fusion,0.7692472342472342,0.4693738659994246,0.64,0.4327080327080326,0.4030683934315219,0.747598636057963,125.0,0.9752257466316224,3.662715587194088,Forest surrogate,1.9138222454538687
975427,brits_joint_loss,0.7908108558108559,0.5155786261479194,0.72,0.5797017797017797,0.5155677655677656,0.7311811713268792,125.0,0.9919478297233582,3.438289699862152,BRITS-MI-image,1.8542625757594722
975428,complete_fusion,0.8344920828454923,0.5052924478614983,0.752,0.584160756501182,0.5547484530535378,0.6595470519300849,125.0,0.0,0.0,Full data,0.0
975428,image_only,0.5597390465680667,0.3857375034360817,0.6,0.3246808510638297,0.3528524754963558,0.9387580053239224,125.0,,,Image only,
975428,mean_impute_fusion,0.8018524543287917,0.4896198746832436,0.68,0.4806619385342789,0.4572632135705921,0.7578911723240633,125.0,0.8596973419189453,5.391059015380757,Mean imputation,2.321865417155085
975428,missforest_fusion,0.7714442525763451,0.462009609863809,0.624,0.4362647754137116,0.4135176651305683,0.7464917548718735,125.0,0.9624642729759216,2.4520375054431565,Forest surrogate,1.565898306226543
975428,brits_joint_loss,0.791186131409782,0.4776961799397863,0.632,0.4593853427895981,0.4290165334941454,0.7296603112592629,125.0,0.9691046476364136,2.1400789863345526,BRITS-MI-image,1.4629008805570365
975429,complete_fusion,0.8908070350647382,0.6459562129534593,0.8,0.6337868480725622,0.58274231678487,0.6210730154279419,125.0,0.0,0.0,Full data,0.0
975429,image_only,0.647732027283848,0.4074024823713606,0.52,0.3208616780045351,0.315079365079365,0.9304618118832672,125.0,,,Image only,
975429,mean_impute_fusion,0.8211625105882808,0.5433440841145402,0.68,0.6201814058956915,0.5259259259259259,0.7622505404076232,125.0,0.855167031288147,4.306552290427398,Mean imputation,2.0752234314471774
975429,missforest_fusion,0.8275312974192527,0.551147275916337,0.68,0.6077097505668935,0.509591540658979,0.7255426609475033,125.0,0.9449963569641112,1.996712139222729,Forest surrogate,1.4130506499141242
975429,brits_joint_loss,0.8228101782023352,0.5426404994493703,0.672,0.6439909297052154,0.5216728690412901,0.7269166023839693,125.0,1.007323145866394,1.7171347772033378,BRITS-MI-image,1.3103948936115928
975430,complete_fusion,0.8937637236278047,0.7188066499358369,0.8,0.6770655909158823,0.6514478114478114,0.6080242634021509,125.0,0.0,0.0,Full data,0.0
975430,image_only,0.657905125594239,0.4826964295879281,0.52,0.5346780218138353,0.3984543010752688,0.9255015301090508,125.0,,,Image only,
975430,mean_impute_fusion,0.7622011144215642,0.5812871653676018,0.664,0.5744210369042283,0.4887506880760807,0.7421410837061084,125.0,0.8743072748184204,5.797845000628081,Mean imputation,2.407871466799688
975430,missforest_fusion,0.8090743140226359,0.5661135520746513,0.72,0.5573584341849694,0.5141128933272453,0.6707535693059233,125.0,0.9935823678970336,2.735463032815963,Forest surrogate,1.6539235268947483
975430,brits_joint_loss,0.8411731538573894,0.6271591225187317,0.712,0.5649783355744807,0.5353862496175318,0.656683264763557,125.0,1.007634520530701,2.5257070955145027,BRITS-MI-image,1.589247336167188
975431,complete_fusion,0.8556293665633702,0.6175299105191009,0.736,0.6555555555555556,0.5880648969705821,0.6353578855365845,125.0,0.0,0.0,Full data,0.0
975431,image_only,0.6641161387257699,0.4972516542175358,0.536,0.4533625730994151,0.4010212744389959,0.8634696530404894,125.0,,,Image only,
975431,mean_impute_fusion,0.7094892857264496,0.4809539662278692,0.664,0.4366959064327485,0.4296953248683402,0.7394982728256513,125.0,0.8526687622070312,4.731691921887169,Mean imputation,2.1752452555716952
975431,missforest_fusion,0.7491298645565574,0.4893735006042652,0.624,0.4087719298245614,0.3978715728715729,0.7231968857499406,125.0,1.0158371925354004,2.403017144907123,Forest surrogate,1.5501668119615781
975431,brits_joint_loss,0.7464776409087172,0.4974842985629637,0.656,0.4331871345029239,0.4232118758434548,0.7231978966352417,125.0,1.0331178903579712,2.0939394427612847,BRITS-MI-image,1.4470450728160766
975432,complete_fusion,0.8222311886343626,0.4904952662391292,0.696,0.4342044403330249,0.4305026942227679,0.6602897764519914,125.0,0.0,0.0,Full data,0.0
975432,image_only,0.5750535649262933,0.4025281984839619,0.496,0.3455519580635214,0.3383091918123765,0.9579761403649052,125.0,,,Image only,
975432,mean_impute_fusion,0.6866676737924019,0.4247751160324816,0.656,0.4217545482577859,0.4057971014492754,0.8062846955446721,125.0,0.9032992720603944,5.694770705330798,Mean imputation,2.3863718707131123
975432,missforest_fusion,0.6756469353189131,0.4109865546519987,0.608,0.3680234350909652,0.3627450980392157,0.8115723384584084,125.0,1.0029966831207275,2.7040774335717424,Forest surrogate,1.6444079279703507
975432,brits_joint_loss,0.6791576813132508,0.4107158544035844,0.608,0.3461301264261486,0.3492768959435626,0.8031819592138002,125.0,1.0087872743606567,2.4204078010195005,BRITS-MI-image,1.5557659853009709
975433,complete_fusion,0.8715792217897582,0.594866263880162,0.744,0.595050505050505,0.5751336741289147,0.6084915190482971,125.0,0.0,0.0,Full data,0.0
975433,image_only,0.6963221301025535,0.4447560857297044,0.624,0.4741414141414141,0.40839706102864,0.823937182793759,125.0,,,Image only,
975433,mean_impute_fusion,0.7769262267751524,0.5274619396145611,0.736,0.6271717171717172,0.5847568405893431,0.7083472224146472,125.0,0.8553867340087891,3.874673062239847,Mean imputation,1.968418924477167
975433,missforest_fusion,0.8443365625055265,0.5390827456357218,0.696,0.4436363636363636,0.4116402116402116,0.6605031227871567,125.0,0.9351974725723268,1.6081150728556342,Forest surrogate,1.2681147711684595
975433,brits_joint_loss,0.8243503659867817,0.4857297182980192,0.72,0.4772727272727272,0.4355796089385474,0.6609573441511951,125.0,0.8999325633049011,1.4246454979300227,BRITS-MI-image,1.193585144817923
975434,complete_fusion,0.9044944578685148,0.6057333726004237,0.848,0.6383838383838384,0.62288505145648,0.5362446069337706,125.0,0.0,0.0,Full data,0.0
975434,image_only,0.6983181398579138,0.4660413291299672,0.616,0.5667676767676767,0.4184102150203845,0.8229912374663237,125.0,,,Image only,
975434,mean_impute_fusion,0.8009909748447389,0.5893965200557874,0.68,0.6288888888888888,0.4868914833732931,0.6826649072641148,125.0,0.9420698881149292,5.999452069232152,Mean imputation,2.449377894329936
975434,missforest_fusion,0.847907210253096,0.5308793301453921,0.768,0.4854545454545454,0.4604771115409413,0.613697364080351,125.0,1.175782322883606,2.8353452481453028,Forest surrogate,1.6838483447583108
975434,brits_joint_loss,0.8650468562756323,0.5542360900024558,0.784,0.6235353535353535,0.5583360486586293,0.5970034533710642,125.0,1.1673946380615234,2.692050655021742,BRITS-MI-image,1.6407469808053106
975435,complete_fusion,0.839122282917947,0.5211327941017482,0.696,0.5534722222222223,0.5050865800865801,0.6239626555383178,125.0,0.0,0.0,Full data,0.0
975435,image_only,0.6396413736201206,0.4175502356760432,0.552,0.4493055555555556,0.3915343915343914,0.8879564003803696,125.0,,,Image only,
975435,mean_impute_fusion,0.7003295113994158,0.4272363310061771,0.6,0.4381944444444444,0.408639951089373,0.7568530870235035,125.0,0.8815671801567078,5.230466488672246,Mean imputation,2.287021313558806
975435,missforest_fusion,0.731870187018702,0.4314112171437605,0.64,0.4659722222222222,0.4349711591090901,0.7452652841776601,125.0,1.04307758808136,2.8425855410621996,Forest surrogate,1.6859968982955453
975435,brits_joint_loss,0.7470432172527598,0.4345276853159843,0.648,0.40625,0.3934000741564702,0.736914751682561,125.0,1.05710768699646,2.637563479679426,BRITS-MI-image,1.62405772055042
975436,complete_fusion,0.8822280252487452,0.615306288600271,0.76,0.4947079037800687,0.462797619047619,0.5931826249738711,125.0,0.0,0.0,Full data,0.0
975436,image_only,0.5478489517693168,0.3821296045863628,0.576,0.3265979381443298,0.3421804249390456,0.9000336070174729,125.0,,,Image only,
975436,mean_impute_fusion,0.7398389252382831,0.4856211976285629,0.72,0.4478350515463917,0.4250151791135397,0.7046573183493817,125.0,0.9240026473999025,7.246321059633749,Mean imputation,2.6918991548038624
975436,missforest_fusion,0.7720531489842289,0.4737748513192927,0.728,0.4314776632302405,0.4204927211646136,0.6776381041649165,125.0,1.0173686742782593,4.428566232322861,Forest surrogate,2.104415888631062
975436,brits_joint_loss,0.7721503464593544,0.4610149846183184,0.696,0.4078350515463917,0.4017991004497751,0.6709708813372879,125.0,1.021185040473938,3.979520695765515,BRITS-MI-image,1.994873603957282
975437,complete_fusion,0.829958437974951,0.5786096955162,0.736,0.5417761847869375,0.5135291611086409,0.6709932342847257,125.0,0.0,0.0,Full data,0.0
975437,image_only,0.6167021737010216,0.4020463058385924,0.552,0.3174034249303066,0.3297707871210593,0.9077561457809026,125.0,,,Image only,
975437,mean_impute_fusion,0.7157046241435642,0.4622387119880082,0.672,0.4675428116288331,0.4268253968253968,0.819030792110888,125.0,0.8104209303855896,3.7268929996264233,Mean imputation,1.930516252101086
975437,missforest_fusion,0.7501120478059802,0.4698062479313051,0.64,0.4724810832337714,0.4503496503496504,0.7696972940779238,125.0,0.8998063206672668,1.623881571867957,Forest surrogate,1.2743161192843622
975437,brits_joint_loss,0.7522916006306944,0.5118862757451573,0.688,0.5377937076861808,0.526031746031746,0.7658915065762303,125.0,0.8840864300727844,1.6135952761960537,BRITS-MI-image,1.270273701292778
975438,complete_fusion,0.9008824283578292,0.739411201624003,0.776,0.7353801169590642,0.6829607174434761,0.6369667937453327,125.0,0.0,0.0,Full data,0.0
975438,image_only,0.6768182565713449,0.4295170786603839,0.536,0.4429824561403508,0.3893319996139233,0.8707696748919438,125.0,,,Image only,
975438,mean_impute_fusion,0.7389966300920229,0.4839963391731802,0.648,0.523391812865497,0.471345029239766,0.7689435413872756,125.0,0.8581037521362305,5.102655047213798,Mean imputation,2.2589057189740784
975438,missforest_fusion,0.7689073708343855,0.530688412359751,0.688,0.5824561403508772,0.5451298701298701,0.7341371167886344,125.0,0.906715452671051,2.927473388844765,Forest surrogate,1.7109860866894169
975438,brits_joint_loss,0.7931110391003718,0.5598663837907103,0.704,0.662280701754386,0.5885221305326332,0.7366838022628658,125.0,0.930251121520996,2.6071351645878655,BRITS-MI-image,1.614662554401961
975439,complete_fusion,0.8821635116869008,0.6211691802111511,0.76,0.5412457912457912,0.5235183521347043,0.5931658526430404,125.0,0.0,0.0,Full data,0.0
975439,image_only,0.6495102997750836,0.4841425333905593,0.52,0.5084175084175084,0.3991769547325103,0.9123555306979472,125.0,,,Image only,
975439,mean_impute_fusion,0.7401032983557255,0.4645672057765935,0.72,0.547979797979798,0.506991439194829,0.7381462751711964,125.0,0.9016571044921876,4.771417182015722,Mean imputation,2.1843573842244135
975439,missforest_fusion,0.728231805460402,0.5457109216820751,0.696,0.6060606060606061,0.573936539564653,0.7353152303238618,125.0,1.0146702527999878,2.708901608932748,Forest surrogate,1.6458741169763706
975439,brits_joint_loss,0.7700692054178374,0.5540669433375499,0.704,0.5294612794612795,0.4988400488400488,0.7136475678520023,125.0,1.0200505256652832,2.5535834661826993,BRITS-MI-image,1.5979935751381165
975440,complete_fusion,0.899538904483674,0.6064352651866746,0.832,0.558695652173913,0.5145128986936897,0.532214853298666,125.0,0.0,0.0,Full data,0.0
975440,image_only,0.5106403482142238,0.3737717425482594,0.584,0.343768115942029,0.3333623062436621,0.8335659603301872,125.0,,,Image only,
975440,mean_impute_fusion,0.7243213662417954,0.5021645316305697,0.736,0.4517391304347826,0.4292397660818713,0.6767884577368873,125.0,0.9661620259284972,7.397157913130929,Mean imputation,2.7197716656239597
975440,missforest_fusion,0.7935929275916799,0.5513742778511839,0.752,0.6552173913043479,0.5846967846967847,0.6024476012556397,125.0,0.9858137965202332,3.606229394425968,Forest surrogate,1.8990074761374605
975440,brits_joint_loss,0.829849519334068,0.5572345568869729,0.76,0.5063768115942029,0.4625028755463538,0.5975579961874085,125.0,1.0168352127075195,3.2107170934947873,BRITS-MI-image,1.7918473968211655
975441,complete_fusion,0.9301251448655836,0.7055771433853674,0.824,0.5952777777777778,0.5858287365379563,0.5678746390839068,125.0,0.0,0.0,Full data,0.0
975441,image_only,0.6783175295272473,0.4030859106374434,0.584,0.4516666666666666,0.3987240829346092,0.8843674060999629,125.0,,,Image only,
975441,mean_impute_fusion,0.8320078813210475,0.550012325686297,0.712,0.5368055555555555,0.500349744417541,0.714244497613294,125.0,0.9411067366600036,6.4827540947298425,Mean imputation,2.5461253100996113
975441,missforest_fusion,0.8810312371362526,0.5662813055955097,0.768,0.6005555555555556,0.5568246568246568,0.6536530023809517,125.0,1.0650005340576172,3.068955131656251,Forest surrogate,1.7518433524879589
975441,brits_joint_loss,0.8786846363319718,0.581617695072883,0.704,0.5333333333333333,0.4947985347985348,0.6521029898685758,125.0,1.0345314741134644,2.7878444269701568,BRITS-MI-image,1.669683930260502
975442,complete_fusion,0.8191671358944087,0.5255045670043946,0.768,0.483015873015873,0.4501971430418202,0.6511963818806884,125.0,0.0,0.0,Full data,0.0
975442,image_only,0.4618340306158487,0.3884826640036677,0.624,0.3728571428571428,0.3641260973663208,0.910606365459096,125.0,,,Image only,
975442,mean_impute_fusion,0.6932752944025671,0.4129747728108,0.672,0.4053968253968253,0.3850750063564709,0.7871895433030492,125.0,0.8537963032722473,4.9044047603002445,Mean imputation,2.2145890725595674
975442,missforest_fusion,0.7442106176651632,0.4683542020440998,0.688,0.4496825396825397,0.4064427489841855,0.7619987512737277,125.0,0.9782317280769348,2.185236646129561,Forest surrogate,1.4782545944895829
975442,brits_joint_loss,0.6934834135561408,0.4551906634141081,0.656,0.4912698412698413,0.4475928809109503,0.7631047582724289,125.0,0.982025384902954,1.954908822090164,BRITS-MI-image,1.3981805398767944
975443,complete_fusion,0.8633492063492062,0.5183644315677031,0.752,0.5366666666666667,0.4983908436738626,0.6150666517211585,125.0,0.0,0.0,Full data,0.0
975443,image_only,0.5999333333333333,0.4373521566847263,0.552,0.3966666666666666,0.3316399286987522,0.9022471657377942,125.0,,,Image only,
975443,mean_impute_fusion,0.7540222222222223,0.4521805461068451,0.656,0.4033333333333333,0.3865670381627828,0.7377229495731155,125.0,0.8759530782699585,3.754389884547789,Mean imputation,1.937624804895878
975443,missforest_fusion,0.798936507936508,0.4950457898441136,0.656,0.4833333333333333,0.4371577574967405,0.7044912336237532,125.0,1.049177169799805,1.545213897430175,Forest surrogate,1.2430663286527293
975443,brits_joint_loss,0.7900984126984127,0.479124393812564,0.688,0.4966666666666666,0.4589739199908691,0.7006727599364674,125.0,1.0900299549102783,1.475765664689316,BRITS-MI-image,1.2148109584167062
975444,complete_fusion,0.8396873755475905,0.581774462608238,0.76,0.6331342094782955,0.5856445457240255,0.6803725413384694,125.0,0.0,0.0,Full data,0.0
975444,image_only,0.5821110989198547,0.3842853424748692,0.6,0.356431700517722,0.3654242243040329,0.9241290329649584,125.0,,,Image only,
975444,mean_impute_fusion,0.749460191484001,0.4606973475268324,0.608,0.4844285145360414,0.4346229943536248,0.8286266683026413,125.0,0.8649517297744751,6.356132307399705,Mean imputation,2.521137106029679
975444,missforest_fusion,0.793623048383033,0.5012414986843863,0.6,0.463321385902031,0.4248686324158022,0.801264594369141,125.0,0.9177045226097108,3.1682082517110595,Forest surrogate,1.7799461373061432
975444,brits_joint_loss,0.8132987101650696,0.5324321177694609,0.656,0.5146953405017921,0.4705413105413105,0.7694923246257727,125.0,0.925015926361084,2.7755977385836363,BRITS-MI-image,1.666012526538632
975445,complete_fusion,0.8576526315789473,0.6605313797283399,0.816,0.7143859649122808,0.6694139194139194,0.6310110726008106,125.0,0.0,0.0,Full data,0.0
975445,image_only,0.6323239766081872,0.4158786160975201,0.576,0.4435087719298245,0.4083076174729509,0.9180107863019972,125.0,,,Image only,
975445,mean_impute_fusion,0.7327976608187136,0.468721665840784,0.744,0.6,0.5580318993919456,0.7747727803023308,125.0,0.8743464946746826,6.0741744280154055,Mean imputation,2.4645840273797535
975445,missforest_fusion,0.7538923976608188,0.4710701011007077,0.68,0.5087719298245614,0.4675076995972518,0.7306813761374026,125.0,1.0447367429733276,3.2146127609578925,Forest surrogate,1.7929341206407703
975445,brits_joint_loss,0.7707076023391813,0.5068873876095824,0.72,0.6189473684210527,0.5494864612511671,0.7124459419077153,125.0,1.053254008293152,2.9726876396129587,BRITS-MI-image,1.7241483809733311
975446,complete_fusion,0.8903927553927554,0.7627755405866671,0.8,0.7016835016835016,0.6926490922877916,0.6081551647704551,125.0,0.0,0.0,Full data,0.0
975446,image_only,0.673970658970659,0.4745489781112686,0.656,0.4644540644540644,0.4346764346764347,0.8776009696809836,125.0,,,Image only,
975446,mean_impute_fusion,0.8206582306582307,0.5694402580573786,0.736,0.573929773929774,0.5265378878824257,0.700642897318124,125.0,0.9226394295692444,6.046438143524939,Mean imputation,2.4589506183583554
975446,missforest_fusion,0.8025058275058274,0.4930077820138733,0.704,0.4213564213564213,0.4083948591741865,0.6920552228141285,125.0,0.9974989295005798,2.9523873058240007,Forest surrogate,1.7182512347802927
975446,brits_joint_loss,0.801954896954897,0.5057218580167356,0.704,0.4213564213564213,0.4016563146997929,0.6868297991700055,125.0,1.029424071311951,2.4769570033070347,BRITS-MI-image,1.5738351258334002
975447,complete_fusion,0.8873367720151242,0.6592737492293201,0.76,0.5594815940560621,0.5388606737768749,0.6010811285985116,125.0,0.0,0.0,Full data,0.0
975447,image_only,0.7337769078432919,0.4860296284920449,0.688,0.5172239108409321,0.4974708965609193,0.8671568235246923,125.0,,,Image only,
975447,mean_impute_fusion,0.7673172847030889,0.4796321227370847,0.72,0.5183637284701114,0.4959114959114958,0.7727055862265045,125.0,0.8599235415458679,2.897792783129036,Mean imputation,1.7022904520466053
975447,missforest_fusion,0.8081698244208583,0.541120149837742,0.64,0.4752617359000338,0.4401709401709401,0.7221554118662242,125.0,1.0327188968658447,1.2599887904907856,Forest surrogate,1.1224922229088208
975447,brits_joint_loss,0.8027111152787029,0.5229877922775498,0.72,0.6168524147247552,0.5575940793603594,0.7208320957451927,125.0,1.0077533721923828,1.3093538845394104,BRITS-MI-image,1.1442700225643467
975448,complete_fusion,0.8965876426769722,0.6951506955272461,0.768,0.7376064545047064,0.6474659778527182,0.6150070371668219,125.0,0.0,0.0,Full data,0.0
975448,image_only,0.6088862459670855,0.428713834752094,0.592,0.436037651277454,0.3746821489860082,0.9131422249782412,125.0,,,Image only,
975448,mean_impute_fusion,0.7585571279161597,0.4542485689559481,0.664,0.4921858658299716,0.4628571428571429,0.7460021277709561,125.0,0.8474898338317871,4.382097517843456,Mean imputation,2.0933460100622296
975448,missforest_fusion,0.8231310064740075,0.5077330289608323,0.696,0.5280442253100254,0.4838362068965517,0.6917647463791887,125.0,0.9359340667724608,2.1089204180513597,Forest surrogate,1.4522122496561443
975448,brits_joint_loss,0.8368761773348217,0.5126737723083813,0.696,0.4758703122665471,0.4361332154435602,0.6878131556970439,125.0,0.9170997738838196,1.7720298609580891,BRITS-MI-image,1.3311761194365264
975449,complete_fusion,0.8919900168963139,0.6062531874093814,0.752,0.6890096618357487,0.6179775280898876,0.6638072989177983,125.0,0.0,0.0,Full data,0.0
975449,image_only,0.5597801151945037,0.4039237792221766,0.536,0.3648852657004831,0.3465499954425303,0.9471963694279087,125.0,,,Image only,
975449,mean_impute_fusion,0.7655193761662588,0.4840940146669866,0.688,0.5049818840579711,0.4701873333686459,0.8269292366470287,125.0,0.8831602334976196,5.843608472566952,Mean imputation,2.4173556777121052
975449,missforest_fusion,0.8216095908628319,0.5378005972380066,0.68,0.6357185990338164,0.53056884635832,0.7656085223684401,125.0,0.9403607249259948,2.4344448318106027,Forest surrogate,1.5602707559300735
975449,brits_joint_loss,0.8377736901857196,0.5159093868885886,0.688,0.5570652173913043,0.4999840219857476,0.7608913120156943,125.0,0.928999364376068,1.957041870515822,BRITS-MI-image,1.3989431262620442
975450,complete_fusion,0.897469129807036,0.6296226108608662,0.768,0.6824113475177306,0.6249724132077074,0.6233919922429813,125.0,0.0,0.0,Full data,0.0
975450,image_only,0.6099642117931593,0.4080495278623645,0.512,0.3994799054373523,0.3524378809188935,0.9488078176706618,125.0,,,Image only,
975450,mean_impute_fusion,0.7423862495810495,0.4953100865817148,0.68,0.5002364066193853,0.4876956215093117,0.8057338840447972,125.0,0.8659458160400391,4.047060006199568,Mean imputation,2.0117305998069344
975450,missforest_fusion,0.7713644610807031,0.4755396697053403,0.664,0.5029314420803782,0.4650602409638554,0.7675696412224927,125.0,1.1263163089752195,2.275172124570715,Forest surrogate,1.5083673705602076
975450,brits_joint_loss,0.7566335253936852,0.4833232489536964,0.696,0.5366903073286052,0.4945072021995099,0.771937125796362,125.0,1.161680817604065,1.999760390153474,BRITS-MI-image,1.4141288449619696
975451,complete_fusion,0.8558613321544356,0.6014862934375148,0.704,0.6071428571428571,0.5676527258302165,0.6692375960800597,125.0,0.0,0.0,Full data,0.0
975451,image_only,0.6143934290486014,0.3888387046226673,0.528,0.3799603174603174,0.3516705516705516,0.9474181970546204,125.0,,,Image only,
975451,mean_impute_fusion,0.7029554895934207,0.4184603050393509,0.64,0.339781746031746,0.3411922560858731,0.7970137762245704,125.0,0.9063522219657898,7.008466796273777,Mean imputation,2.6473509016134935
975451,missforest_fusion,0.7873944781272367,0.4940151204576919,0.688,0.4226190476190476,0.4033831252984107,0.7553069513106581,125.0,1.0049638748168943,3.5572897738024483,Forest surrogate,1.8860778811603853
975451,brits_joint_loss,0.8019969334624507,0.489050614483518,0.64,0.4409722222222221,0.4263425212577754,0.7422717684674045,125.0,1.025942325592041,2.9646525080674437,BRITS-MI-image,1.7218166302099198
975452,complete_fusion,0.8839089006637978,0.694019272687302,0.792,0.6463344788087056,0.6355362550331103,0.5564421549556247,125.0,0.0,0.0,Full data,0.0
975452,image_only,0.7069757517993063,0.4519738582586785,0.608,0.4664948453608247,0.4181082075818918,0.8471765412342681,125.0,,,Image only,
975452,mean_impute_fusion,0.7752347449900968,0.5324023783796973,0.752,0.5701603665521191,0.5521527652675194,0.6960373259537698,125.0,0.8891407251358032,5.61195747127255,Mean imputation,2.3689570429352553
975452,missforest_fusion,0.8562262221000517,0.7355050876059996,0.792,0.7575887743413517,0.7298863881942514,0.6617098288234776,125.0,1.0472946166992188,2.432158963612813,Forest surrogate,1.5595380609695977
975452,brits_joint_loss,0.8571499672393266,0.6717178804087068,0.776,0.7298109965635738,0.6838927027714213,0.6550512009095729,125.0,1.1029731035232544,2.0908127462741364,BRITS-MI-image,1.4459642963345036
975453,complete_fusion,0.8873581711619437,0.6203809038070979,0.784,0.6020833333333333,0.5683298683298683,0.6002362133997259,125.0,0.0,0.0,Full data,0.0
975453,image_only,0.4997872330336482,0.348455375696251,0.56,0.3055555555555555,0.3164983164983165,0.9295458598207555,125.0,,,Image only,
975453,mean_impute_fusion,0.7813826770608095,0.5212088191644514,0.752,0.5458333333333333,0.5292798852120886,0.7182421012342349,125.0,0.868375837802887,3.7553064661936024,Mean imputation,1.9378613124250152
975453,missforest_fusion,0.8139401957437123,0.5223417541077903,0.704,0.4937499999999999,0.4688356865152445,0.696818843840015,125.0,1.017000436782837,2.113351064137759,Forest surrogate,1.4537369308570787
975453,brits_joint_loss,0.7927404119722317,0.5413435854836476,0.712,0.4972222222222222,0.4725189277675465,0.6875091450964906,125.0,1.0387955904006958,1.8711174784379092,BRITS-MI-image,1.3678879626774663
975454,complete_fusion,0.8875656972649503,0.6666520897794097,0.76,0.6788652482269503,0.6120705993840322,0.6501573688683338,125.0,0.0,0.0,Full data,0.0
975454,image_only,0.6399798975549955,0.4312759113882716,0.52,0.4421749408983451,0.3805704099821747,0.9432969419793926,125.0,,,Image only,
975454,mean_impute_fusion,0.6563430129956352,0.4400127737532559,0.584,0.4185342789598108,0.393538575690401,0.8598101023191919,125.0,0.8555412888526917,5.9022654557245895,Mean imputation,2.4294578522222996
975454,missforest_fusion,0.717461654256761,0.4728660267681892,0.568,0.4928132387706855,0.4283638068448195,0.8363341093230052,125.0,0.9532243609428406,2.771212712547885,Forest surrogate,1.6646959820183038
975454,brits_joint_loss,0.7286880074747812,0.4757105974216742,0.6,0.5069976359338061,0.4455938999885931,0.8262349452410435,125.0,0.9669416546821594,2.4510878520301724,BRITS-MI-image,1.565595047268026
975455,complete_fusion,0.8846029650945252,0.7055896288246412,0.752,0.619962511715089,0.6010466988727858,0.6410970002054203,125.0,0.0,0.0,Full data,0.0
975455,image_only,0.6341497008626837,0.4336169509768002,0.536,0.3813391648443194,0.3409374583439367,0.9144049943263726,125.0,,,Image only,
975455,mean_impute_fusion,0.7377106079114357,0.4563154617821468,0.608,0.4070082265958554,0.3954854864333133,0.7859626295421444,125.0,0.9199355840682985,5.847357024292477,Mean imputation,2.4181308947806106
975455,missforest_fusion,0.8019290508898803,0.5957903873472968,0.664,0.5300426949911485,0.5196969696969697,0.7540492364406391,125.0,1.0241464376449585,2.778712064179954,Forest surrogate,1.6669469290232228
975455,brits_joint_loss,0.8225845859524994,0.5862406887547531,0.656,0.5383213579089868,0.490344684385382,0.738321070493324,125.0,1.0070295333862305,2.543692162764299,BRITS-MI-image,1.5948956588956844
975456,complete_fusion,0.8793855173988255,0.5662476840451586,0.808,0.6364980774918664,0.567612293144208,0.5674210638303584,125.0,0.0,0.0,Full data,0.0
975456,image_only,0.7056119848825865,0.4458229675660184,0.64,0.5539781129843241,0.4513431013431013,0.849804957416913,125.0,,,Image only,
975456,mean_impute_fusion,0.8584676494464917,0.5676231325729929,0.76,0.5361579414374446,0.5067873303167421,0.6474275419231585,125.0,0.8711127638816833,6.230140205863694,Mean imputation,2.4960248808583008
975456,missforest_fusion,0.8493901160363002,0.5490812571920151,0.768,0.6194912747707779,0.5673933909228027,0.6183050043308426,125.0,0.9285352826118468,2.5622369554837925,Forest surrogate,1.6006988959463277
975456,brits_joint_loss,0.8567588358722203,0.5603386196976617,0.768,0.6305826678497485,0.5595643760122841,0.6089305429044108,125.0,0.9487815499305724,2.1807095787795596,BRITS-MI-image,1.4767225801685162
975457,complete_fusion,0.8972580840569684,0.7001384600776165,0.752,0.6625730994152046,0.5908831908831909,0.6088757239797155,125.0,0.0,0.0,Full data,0.0
975457,image_only,0.5785686089617366,0.3925392835539403,0.6,0.4400584795321637,0.3547456551681446,0.9170591578039594,125.0,,,Image only,
975457,mean_impute_fusion,0.8029272803441335,0.5757422054873714,0.712,0.6137426900584796,0.5701483216237314,0.7365006391987889,125.0,0.8463019728660583,5.518671951013145,Mean imputation,2.349185380299551
975457,missforest_fusion,0.8595263080045289,0.6441346893889318,0.728,0.6935672514619883,0.624671817096916,0.6848417745051641,125.0,0.9085529446601868,2.6450509017466475,Forest surrogate,1.6263612457712608
975457,brits_joint_loss,0.8546605618102722,0.6287430411206647,0.752,0.652046783625731,0.6047258297258297,0.6879905960907029,125.0,0.9679570198059082,2.313303933477887,BRITS-MI-image,1.5209549413042738
975458,complete_fusion,0.8977127069465779,0.5779823322437821,0.8,0.6685782556750298,0.6108176423965898,0.6276885033262801,125.0,0.0,0.0,Full data,0.0
975458,image_only,0.658628310942059,0.4058183796363766,0.568,0.4507367582636399,0.3892631696553265,0.9055612766287108,125.0,,,Image only,
975458,mean_impute_fusion,0.7515121120132641,0.4651225929199019,0.712,0.4854639585822382,0.4538568643831802,0.8017134101499376,125.0,0.8440629839897156,3.9908842992226816,Mean imputation,1.9977197749490998
975458,missforest_fusion,0.729619653118117,0.4512043897974657,0.68,0.4623655913978495,0.4429893486991443,0.775988575927181,125.0,0.9465804696083068,1.7694305701723974,Forest surrogate,1.3301994475161976
975458,brits_joint_loss,0.7604841147928706,0.4589520694144033,0.664,0.4376742333731581,0.4275698158051099,0.7618978663182897,125.0,0.8961726427078247,1.4548867184756618,BRITS-MI-image,1.2061868505648956
975459,complete_fusion,0.8646248946758378,0.5243623880292144,0.768,0.5770332187857962,0.5491727802433354,0.5940552783502685,125.0,0.0,0.0,Full data,0.0
975459,image_only,0.5869467954962587,0.4125834815831439,0.624,0.3934707903780068,0.3813193870997338,0.8394191225232915,125.0,,,Image only,
975459,mean_impute_fusion,0.7573671529021961,0.4629748156832101,0.752,0.4902634593356243,0.4696798493408662,0.7291713967202637,125.0,0.9432103633880616,6.7610948014331145,Mean imputation,2.6002105302134892
975459,missforest_fusion,0.7714846143203155,0.4919983332235194,0.696,0.5356529209621993,0.4838362068965517,0.6918482632021927,125.0,0.8684026002883911,3.630958424553928,Forest surrogate,1.9055073929412942
975459,brits_joint_loss,0.7885535892590464,0.488913702908381,0.744,0.4972794959908362,0.4601373370577281,0.680868870042446,125.0,0.8931596279144287,3.230023626376961,BRITS-MI-image,1.797226648583022
975460,complete_fusion,0.8832703553344875,0.6489738488567092,0.792,0.6562325766626843,0.64494301994302,0.6301096875029805,125.0,0.0,0.0,Full data,0.0
975460,image_only,0.6439302070888092,0.4437366359941352,0.512,0.3520509757068897,0.346509162501893,0.9147875080655584,125.0,,,Image only,
975460,mean_impute_fusion,0.8293169950178397,0.6575510133453811,0.696,0.6763042612504977,0.6070094484728631,0.734546104944616,125.0,0.8622238039970398,3.561192783496615,Mean imputation,1.887112286933826
975460,missforest_fusion,0.8418545339282666,0.6544230361504758,0.696,0.6500199123855038,0.5832159856111953,0.6776021711625343,125.0,0.9825515151023864,1.7696131521331375,Forest surrogate,1.330268075289014
975460,brits_joint_loss,0.8580967112053902,0.6365791048816082,0.696,0.6587813620071684,0.5983935742971888,0.6786925764425066,125.0,0.9928483366966248,1.3825431506683394,BRITS-MI-image,1.1758159510179897
975461,complete_fusion,0.8456040535872468,0.5184841794710083,0.704,0.5929705215419501,0.5273188371393754,0.6885952766584673,125.0,0.0,0.0,Full data,0.0
975461,image_only,0.5658257605036316,0.3772676517405852,0.552,0.3990929705215419,0.3658263305322129,0.9471268406362916,125.0,,,Image only,
975461,mean_impute_fusion,0.7225621017637823,0.4284569599276603,0.656,0.4410430839002268,0.3961904761904762,0.8270280644623104,125.0,0.8143123388290405,5.187730792811241,Mean imputation,2.2776590598268305
975461,missforest_fusion,0.7770730799442284,0.4711197643880043,0.68,0.518140589569161,0.4840779789324335,0.7605352299532704,125.0,0.9072830677032472,2.5062517011049112,Forest surrogate,1.5831145571641085
975461,brits_joint_loss,0.787867711187039,0.4961168591174793,0.688,0.546485260770975,0.4980063640496135,0.7502714550888013,125.0,0.9745548963546752,2.3604142621347144,BRITS-MI-image,1.5363639744978124
975462,complete_fusion,0.8325747879417729,0.6125160251744971,0.752,0.5451142631993696,0.5460577673692427,0.6448798087814663,125.0,0.0,0.0,Full data,0.0
975462,image_only,0.5338234958711714,0.3958594960720516,0.528,0.2868400315208826,0.2954588279630676,0.8827273280112332,125.0,,,Image only,
975462,mean_impute_fusion,0.6946058940944061,0.4411398232312959,0.712,0.4299973732597846,0.4213114754098361,0.7309671498117694,125.0,0.8731963038444519,5.243071737450996,Mean imputation,2.289775477519793
975462,missforest_fusion,0.7446736600018116,0.4630491018901146,0.68,0.4422117152613606,0.4167487684729064,0.7258568265495617,125.0,0.9032674431800842,2.807519900776955,Forest surrogate,1.67556554654748
975462,brits_joint_loss,0.7371433250567271,0.4763558766772831,0.672,0.429866036249015,0.4072249589490969,0.717507501691073,125.0,0.9145397543907166,2.482382084482029,BRITS-MI-image,1.5755577058559387
975463,complete_fusion,0.8842514619883041,0.5912295495784621,0.728,0.6028070175438597,0.5448504983388704,0.6102976220069102,125.0,0.0,0.0,Full data,0.0
975463,image_only,0.6806140350877193,0.4062039480348471,0.496,0.495438596491228,0.3773631316325813,0.8971332163204115,125.0,,,Image only,
975463,mean_impute_fusion,0.7778245614035089,0.4855545499396672,0.688,0.4589473684210526,0.4281805745554035,0.7513330505725624,125.0,0.8828932046890259,4.876964739887102,Mean imputation,2.208385097732527
975463,missforest_fusion,0.8373368421052633,0.5236402310778012,0.72,0.5263157894736842,0.4953304597701149,0.685992354393633,125.0,1.0590099096298218,2.331296124607092,Forest surrogate,1.5268582529518226
975463,brits_joint_loss,0.8475309941520468,0.5534788429351548,0.768,0.6498245614035089,0.6034402379229965,0.6684970694746332,125.0,1.0378209352493286,2.101805257112815,BRITS-MI-image,1.4497604136935232
975464,complete_fusion,0.8128222222222222,0.5217526476793842,0.688,0.5221052631578947,0.4837653836082744,0.6852414517981905,125.0,0.0,0.0,Full data,0.0
975464,image_only,0.5927614035087719,0.4277654243038297,0.624,0.4308771929824561,0.3992307257197805,0.8604439338084217,125.0,,,Image only,
975464,mean_impute_fusion,0.7307228070175439,0.4535064718596804,0.672,0.4519298245614035,0.4302325581395349,0.7962765537362836,125.0,0.8911638855934143,4.296660043143138,Mean imputation,2.0728386437788973
975464,missforest_fusion,0.8023964912280702,0.5669630411024715,0.712,0.5957894736842105,0.5498084291187739,0.7273534699527853,125.0,1.146315336227417,2.1076051227412016,Forest surrogate,1.451759319839622
975464,brits_joint_loss,0.7824795321637428,0.5784580753559027,0.712,0.6056140350877194,0.5436392580287929,0.7311734953403978,125.0,1.1450164318084717,1.8083050980083817,BRITS-MI-image,1.3447323518114604
975465,complete_fusion,0.8251650793650794,0.5436876500952562,0.712,0.4933333333333333,0.4567901234567901,0.6784674076475791,125.0,0.0,0.0,Full data,0.0
975465,image_only,0.5093492063492063,0.3688338151614213,0.432,0.2733333333333333,0.2699816561844864,0.9863171425569092,125.0,,,Image only,
975465,mean_impute_fusion,0.6235015873015873,0.3986987553681804,0.568,0.3433333333333333,0.3246578690127077,0.8585008636548299,125.0,0.8556355834007263,4.488335745372918,Mean imputation,2.1185692684859085
975465,missforest_fusion,0.7461809523809523,0.4311395348080276,0.632,0.3699999999999999,0.3519056091394325,0.7875727037190019,125.0,1.0117753744125366,1.9824943521415532,Forest surrogate,1.4080107784181033
975465,brits_joint_loss,0.7439809523809524,0.4638627455826181,0.624,0.4566666666666667,0.4168703160638644,0.7944704209901258,125.0,0.9825541377067566,1.8175297884826749,BRITS-MI-image,1.348157924162698
975466,complete_fusion,0.8763081170406855,0.5816016690279503,0.816,0.531986531986532,0.4998689727463312,0.5252834063394258,125.0,0.0,0.0,Full data,0.0
975466,image_only,0.54591533960466,0.3689991723244755,0.656,0.4621212121212121,0.4275362318840579,0.8637914794471057,125.0,,,Image only,
975466,mean_impute_fusion,0.7489898304108366,0.445293449675862,0.768,0.5,0.4611528822055137,0.6879362007796727,125.0,0.911437690258026,4.557252795118411,Mean imputation,2.1347723052162757
975466,missforest_fusion,0.7849180011580718,0.5702061104768884,0.752,0.537878787878788,0.5318067621732543,0.6454783021516883,125.0,1.0469601154327393,2.2312320404520216,Forest surrogate,1.4937309130000695
975466,brits_joint_loss,0.8173725280962705,0.5985216650479295,0.76,0.5765993265993266,0.550961504719795,0.6156793933456381,125.0,1.0889610052108765,1.9792064297884808,BRITS-MI-image,1.406842716791213
975467,complete_fusion,0.8970087963468668,0.6391691510661054,0.84,0.6531301359629463,0.6747206654682598,0.5204622938454498,125.0,0.0,0.0,Full data,0.0
975467,image_only,0.5468992312299191,0.3740630117027994,0.56,0.3480053787539219,0.3276190476190476,0.8827731146447519,125.0,,,Image only,
975467,mean_impute_fusion,0.7512414094578516,0.4614635867235679,0.688,0.4392649036306588,0.4197956577266922,0.739598695992536,125.0,0.8828380703926086,5.523698141853024,Mean imputation,2.3502549099731764
975467,missforest_fusion,0.8007470156746398,0.485183075149904,0.72,0.4419542805916629,0.4224270353302611,0.6717011492618884,125.0,0.9734248518943788,2.3832707101473294,Forest surrogate,1.543784541361692
975467,brits_joint_loss,0.8061210508407756,0.5101050831290076,0.696,0.4205886747347975,0.4078194119177725,0.6647035858606133,125.0,0.9522815942764282,2.226490915868087,BRITS-MI-image,1.4921430614616304
975468,complete_fusion,0.8532634858313418,0.5464503835870028,0.712,0.5604166666666667,0.5206927575348628,0.640466691329426,125.0,0.0,0.0,Full data,0.0
975468,image_only,0.6704920621372482,0.4512010287945538,0.568,0.5291666666666667,0.4295853156845196,0.9025329464654762,125.0,,,Image only,
975468,mean_impute_fusion,0.7713427506543757,0.4930468276433443,0.672,0.4902777777777777,0.4803201506591337,0.7770884242423747,125.0,0.9303102493286132,7.301684079170134,Mean imputation,2.702162852081668
975468,missforest_fusion,0.8018977846060468,0.4686318187283933,0.688,0.5604166666666667,0.5077907884465261,0.7294387567026368,125.0,0.9716961979866028,3.7658485278317455,Forest surrogate,1.9405794309514222
975468,brits_joint_loss,0.8055223625810858,0.4838207877924693,0.712,0.5284722222222222,0.491731629026711,0.7144286153834468,125.0,0.9785397052764891,3.4270079708300196,BRITS-MI-image,1.8512179695622069
975469,complete_fusion,0.8832442067736186,0.5979761768837234,0.808,0.6296296296296297,0.6270686310924023,0.5848312225684492,125.0,0.0,0.0,Full data,0.0
975469,image_only,0.6597355803238156,0.4427715907345744,0.664,0.5035353535353536,0.4543090164242492,0.8733678540839029,125.0,,,Image only,
975469,mean_impute_fusion,0.7757987763870117,0.5155744737905749,0.728,0.5314814814814816,0.5004140786749484,0.741712442604564,125.0,0.8783761858940125,6.269335416340282,Mean imputation,2.5038640970189023
975469,missforest_fusion,0.8103092985445928,0.5856471526616377,0.768,0.6393939393939395,0.6259149694694125,0.6944967578678858,125.0,0.8524700999259949,3.428553099428447,Forest surrogate,1.851635250104201
975469,brits_joint_loss,0.822862366391778,0.5950299904050258,0.76,0.6094276094276094,0.5819766653099986,0.6932700137249123,125.0,0.8538094162940979,2.9602229832549787,BRITS-MI-image,1.7205298553803066
975470,complete_fusion,0.8365565429386851,0.4983272310636501,0.72,0.4529536900670921,0.4424041062338935,0.625583588117075,125.0,0.0,0.0,Full data,0.0
975470,image_only,0.6324124940235372,0.4087835356775338,0.624,0.4683357879234167,0.4263565891472868,0.9191328361233668,125.0,,,Image only,
975470,mean_impute_fusion,0.7724960354263168,0.4675921347049474,0.704,0.4778268695794469,0.455881394591072,0.7506418021721294,125.0,0.8945914506912231,4.863984621643783,Mean imputation,2.205444313884117
975470,missforest_fusion,0.7911223578487251,0.4926998905831087,0.704,0.5979381443298969,0.5163466453559112,0.7082261620866862,125.0,1.076650857925415,3.143141636205325,Forest surrogate,1.772890756985699
975470,brits_joint_loss,0.8172289128736795,0.5278838462206823,0.696,0.5503190967108492,0.4902199250025337,0.676250159484067,125.0,1.101502537727356,2.9484220620395596,BRITS-MI-image,1.7170969867889117
975471,complete_fusion,0.7871470389342807,0.4789423126901346,0.688,0.5672398818829252,0.5392469817884183,0.6789833755430492,125.0,0.0,0.0,Full data,0.0
975471,image_only,0.5431206854548415,0.3881058387518807,0.544,0.2956400903248219,0.2965611167858359,0.9495882176037704,125.0,,,Image only,
975471,mean_impute_fusion,0.6847848285325057,0.4456574249848989,0.56,0.5350703491401773,0.4285088131241977,0.8260866466739752,125.0,0.8943072557449341,4.490254022677048,Mean imputation,2.1190219495505582
975471,missforest_fusion,0.6534325289529946,0.4167452997799103,0.552,0.3623067569914886,0.3363087786522684,0.8102067351105566,125.0,1.1871358156204224,2.382807107432586,Forest surrogate,1.5436343826931902
975471,brits_joint_loss,0.6635196747082852,0.4469279550944716,0.544,0.3305193677262463,0.3138755980861243,0.8083693711855559,125.0,1.1570863723754885,2.137795937761223,BRITS-MI-image,1.4621203567973544
975472,complete_fusion,0.8046008185301288,0.5369401410219664,0.704,0.5136111111111111,0.5068783068783068,0.6307166148643241,125.0,0.0,0.0,Full data,0.0
975472,image_only,0.45520938697318,0.3690173172986118,0.488,0.2906944444444444,0.2938785270205643,0.9619838026209936,125.0,,,Image only,
975472,mean_impute_fusion,0.6767083483740223,0.3977258756113679,0.616,0.34625,0.3487953303527074,0.7898033308251099,125.0,0.9132169485092164,5.63628239153946,Mean imputation,2.3740855906094582
975472,missforest_fusion,0.7379836167315791,0.4285784133721651,0.624,0.3694444444444444,0.3713320066963581,0.7419926611636343,125.0,1.0159865617752075,2.7505257559910556,Forest surrogate,1.6584709089975187
975472,brits_joint_loss,0.736342924543238,0.4289990180677089,0.584,0.3520833333333333,0.350999493550213,0.7445390928399863,125.0,1.0120060443878174,2.3557437752529973,BRITS-MI-image,1.5348432412637445
975473,complete_fusion,0.8353173886197398,0.5040366516001521,0.712,0.5269444444444445,0.4935342121782799,0.635204823248817,125.0,0.0,0.0,Full data,0.0
975473,image_only,0.5890485893416928,0.3859948915587121,0.528,0.3681944444444444,0.3308702791461412,0.9460804499181272,125.0,,,Image only,
975473,mean_impute_fusion,0.6690295747443082,0.4166393853746585,0.536,0.3913888888888889,0.3515606932302952,0.828238058158731,125.0,0.8540823459625244,4.948111667740941,Mean imputation,2.224435134532122
975473,missforest_fusion,0.7761975871568348,0.4585933223701551,0.712,0.5269444444444445,0.4952773453002412,0.735872378342394,125.0,0.9242337346076964,2.3622609527529135,Forest surrogate,1.5369648508514804
975473,brits_joint_loss,0.7545510275165448,0.4695242125400365,0.672,0.5499999999999999,0.4686654322746048,0.7420214500919702,125.0,0.9521774649620056,2.1952434499081637,BRITS-MI-image,1.481635397089366
975474,complete_fusion,0.8792711781151378,0.6190295041390662,0.736,0.6886389669894823,0.6067635189669088,0.648174523404773,125.0,0.0,0.0,Full data,0.0
975474,image_only,0.5868543572756776,0.3802911587727742,0.488,0.3841507862126418,0.3318293425566543,0.9219290732384088,125.0,,,Image only,
975474,mean_impute_fusion,0.7430222256477652,0.4507613864664042,0.656,0.4627720504009163,0.4330221721862588,0.7734698395731131,125.0,0.8494911193847656,4.3193242838408565,Mean imputation,2.0782984106814055
975474,missforest_fusion,0.8179522125043683,0.5045952491324543,0.68,0.4847964177861084,0.4527649375107002,0.7100143034085906,125.0,0.9279870390892028,2.0532246008089,Forest surrogate,1.4329077432999306
975474,brits_joint_loss,0.8023724981207302,0.5020900940493433,0.648,0.4880245756534416,0.4522499752205371,0.7129729672304995,125.0,0.9419699311256408,1.9269590104002323,BRITS-MI-image,1.3881494913734012
975475,complete_fusion,0.8340315789473683,0.5100463206818028,0.664,0.4287719298245614,0.408309330540281,0.677106030205457,125.0,0.0,0.0,Full data,0.0
975475,image_only,0.676880701754386,0.4167819863695532,0.552,0.4035087719298246,0.3721494570332949,0.8890432926761291,125.0,,,Image only,
975475,mean_impute_fusion,0.7024479532163742,0.4379122340795987,0.608,0.4575438596491228,0.4176677489177489,0.80591854199729,125.0,0.917380392551422,8.06068376725414,Mean imputation,2.83913433413323
975475,missforest_fusion,0.7129251461988303,0.4311567100078937,0.584,0.4666666666666666,0.4146778127570266,0.7916317368334195,125.0,0.9615532159805298,4.072826703403833,Forest surrogate,2.0181245510135972
975475,brits_joint_loss,0.7134105263157896,0.4284120722670162,0.576,0.3901754385964913,0.3648092536981426,0.7847357598633563,125.0,0.9876474738121032,3.536440130413295,BRITS-MI-image,1.8805425096001673
975476,complete_fusion,0.9039906589590494,0.5989361695989263,0.816,0.5687666370896185,0.5209471766848816,0.5649811451013921,125.0,0.0,0.0,Full data,0.0
975476,image_only,0.6259408955155238,0.4109315026763238,0.632,0.3685300207039337,0.3757575757575758,0.8474118346080631,125.0,,,Image only,
975476,mean_impute_fusion,0.7715862898572347,0.4707765057521161,0.696,0.4511978704525288,0.4246632996632997,0.7143824633639425,125.0,0.94044291973114,6.8358939936457235,Mean imputation,2.614554262899457
975476,missforest_fusion,0.8373659973564758,0.5099095442613965,0.736,0.5014788524105294,0.4611742424242424,0.6726696259518565,125.0,0.9900056719779968,3.4657563435673433,Forest surrogate,1.8616541954851185
975476,brits_joint_loss,0.8197023662474665,0.5204107225534108,0.752,0.4639160011830819,0.4570002734481815,0.6635532508224238,125.0,1.004534363746643,2.9282477636616537,BRITS-MI-image,1.7112123666166201
975477,complete_fusion,0.8738603174603176,0.6344179450100454,0.776,0.62,0.5639520538906008,0.5868362056628287,125.0,0.0,0.0,Full data,0.0
975477,image_only,0.5994444444444446,0.3826188197805774,0.592,0.4533333333333333,0.3875218419159214,0.9356701314638776,125.0,,,Image only,
975477,mean_impute_fusion,0.7541428571428571,0.535937979844682,0.656,0.5833333333333334,0.4850262932902334,0.7589389812271151,125.0,0.8995128870010376,7.388459160678963,Mean imputation,2.718172025586122
975477,missforest_fusion,0.803847619047619,0.5491664580230102,0.688,0.5966666666666667,0.5063563887093299,0.7087847296374564,125.0,0.96692156791687,3.865028851424845,Forest surrogate,1.9659676628634677
975477,brits_joint_loss,0.7742285714285715,0.5007066804148365,0.68,0.5566666666666666,0.4928571428571429,0.7189064876501707,125.0,1.020785570144653,3.182464557227352,BRITS-MI-image,1.7839463437074985
975478,complete_fusion,0.8226444444444444,0.5351306005977311,0.8,0.6049122807017544,0.5845148065043353,0.6211980391213513,125.0,0.0,0.0,Full data,0.0
975478,image_only,0.6282397660818714,0.4216310684055066,0.568,0.4540350877192982,0.3903826281605395,0.8920215005067907,125.0,,,Image only,
975478,mean_impute_fusion,0.708387134502924,0.454379979655165,0.64,0.3985964912280701,0.3806526806526806,0.7640621596534303,125.0,0.8991504907608032,5.734883038985495,Mean imputation,2.3947615829108115
975478,missforest_fusion,0.7286807017543859,0.4772673960751246,0.656,0.4491228070175439,0.4306566098128417,0.7326663597158456,125.0,0.9474828243255616,2.818926917364871,Forest surrogate,1.6789660262688078
975478,brits_joint_loss,0.7416011695906434,0.4815037776993519,0.648,0.4554385964912281,0.433391279153991,0.7289068295068282,125.0,0.9839197993278505,2.551899006590137,BRITS-MI-image,1.5974664336348783
975479,complete_fusion,0.8732399662380032,0.6546128724395752,0.712,0.6124999999999999,0.599889258028793,0.6599838920853734,125.0,0.0,0.0,Full data,0.0
975479,image_only,0.6124467015667084,0.4596757980663102,0.552,0.4381944444444444,0.3914241622574956,0.9414401640517212,125.0,,,Image only,
975479,mean_impute_fusion,0.753790827358598,0.4937595894947907,0.672,0.5111111111111111,0.4903032587752366,0.7798042168885406,125.0,0.9098368883132936,5.991219626513211,Mean imputation,2.447696800364214
975479,missforest_fusion,0.7749579397594931,0.5403756875109876,0.672,0.5534722222222223,0.5301136363636364,0.7205248168240923,125.0,1.0337988138198853,3.082020154456828,Forest surrogate,1.7555683280512975
975479,brits_joint_loss,0.7728527939000797,0.5629943312646307,0.64,0.5395833333333333,0.5424141749723145,0.7330493832032089,125.0,1.0577796697616575,2.6740077568217084,BRITS-MI-image,1.6352393576543185
975480,complete_fusion,0.8889656265892975,0.6855665202416975,0.784,0.66413110698825,0.5816370026271378,0.5976141312478109,125.0,0.0,0.0,Full data,0.0
975480,image_only,0.6550988775098808,0.4318150994831717,0.68,0.4536178107606678,0.4317951732471179,0.8787679752118077,125.0,,,Image only,
975480,mean_impute_fusion,0.7356577575948821,0.4471269922566543,0.648,0.3812615955473098,0.3651933701657459,0.7475896954358399,125.0,0.8951308131217957,5.8981004887251425,Mean imputation,2.428600520613702
975480,missforest_fusion,0.8002808649202547,0.4693141528661081,0.672,0.4267161410018552,0.3971886826455217,0.7014840626820895,125.0,1.0216057300567627,2.6954626007912785,Forest surrogate,1.6417864053497575
975480,brits_joint_loss,0.8107432969592008,0.5148816872811882,0.648,0.4282622139764997,0.3879873788595898,0.6988926078908498,125.0,1.0173389911651611,2.509377639716943,BRITS-MI-image,1.5841015244348902
975481,complete_fusion,0.827845757158384,0.5281376483673742,0.784,0.5326759300761991,0.52046783625731,0.6127160634683688,125.0,0.0,0.0,Full data,0.0
975481,image_only,0.589047895267475,0.4182559636629793,0.6,0.3793515613327357,0.3849929108954084,0.9089547049625436,125.0,,,Image only,
975481,mean_impute_fusion,0.7182341264609833,0.5278442862291506,0.688,0.5024951441804871,0.4656981436642454,0.7500653328715043,125.0,0.8757440447807312,4.298252995176279,Mean imputation,2.073222852270416
975481,missforest_fusion,0.7596331549204173,0.4956832329207581,0.704,0.520424323920514,0.4794735278481408,0.7086921066668549,125.0,1.009919047355652,1.9636724379975776,Forest surrogate,1.4013109711971778
975481,brits_joint_loss,0.7644256635868153,0.4967246945676526,0.696,0.4537576572538473,0.440257841573631,0.6935320303414692,125.0,1.0050814151763916,1.7883468377942366,BRITS-MI-image,1.337290857590164
975482,complete_fusion,0.8383009148675522,0.5179929828846507,0.712,0.4057239057239057,0.3947990543735225,0.6450020284742433,125.0,0.0,0.0,Full data,0.0
975482,image_only,0.556453198333163,0.3679928204127785,0.52,0.3813131313131313,0.3344392401769451,0.9204140678153604,125.0,,,Image only,
975482,mean_impute_fusion,0.687109856571463,0.4168568496681508,0.64,0.3636363636363636,0.3610605140659785,0.7765157161894918,125.0,0.8495295643806458,4.704062139256315,Mean imputation,2.1688849990850865
975482,missforest_fusion,0.7305555498406336,0.4312574578031569,0.632,0.4166666666666667,0.3837453822108553,0.7528433906322736,125.0,0.974477469921112,2.201527769436545,Forest surrogate,1.4837546190110227
975482,brits_joint_loss,0.7197608625234397,0.4407788410533265,0.616,0.3653198653198653,0.3516195011753213,0.7588086410108759,125.0,1.000256896018982,2.0835795426513455,BRITS-MI-image,1.4434609598639463
975483,complete_fusion,0.8631050431050431,0.663403030707184,0.712,0.6521404521404522,0.5854401414007512,0.6604169502549824,125.0,0.0,0.0,Full data,0.0
975483,image_only,0.6195883745883747,0.4415641428611336,0.536,0.3514189514189514,0.3269041720734536,0.9385890555822538,125.0,,,Image only,
975483,mean_impute_fusion,0.8348677248677249,0.5627108746455164,0.696,0.6446368446368447,0.5675070028011204,0.794581670704485,125.0,0.8858174085617065,6.43581057546787,Mean imputation,2.536889941536264
975483,missforest_fusion,0.7898347948347948,0.5086090251866376,0.608,0.4442520442520443,0.4006410256410257,0.7851519703496227,125.0,1.0756865739822388,2.90232608662137,Forest surrogate,1.7036214622448762
975483,brits_joint_loss,0.8334776334776336,0.5525488373844762,0.648,0.6252044252044252,0.5094739819004525,0.7563046053881272,125.0,1.1196177005767822,2.665239265339735,BRITS-MI-image,1.6325560527405285
975484,complete_fusion,0.9031070816633706,0.7739428331551942,0.792,0.6775486827033218,0.6126871552403467,0.6498588565438301,125.0,0.0,0.0,Full data,0.0
975484,image_only,0.5809895785079332,0.4104347869145068,0.552,0.5106216807247735,0.4156047265987024,0.9375204943789944,125.0,,,Image only,
975484,mean_impute_fusion,0.737252779262647,0.5411351622459902,0.64,0.5367072789753202,0.4809104432733546,0.8025200993141474,125.0,0.873848021030426,5.159414657480932,Mean imputation,2.271434493328155
975484,missforest_fusion,0.7907939061801067,0.5439833637373462,0.648,0.4593356242840778,0.4307682317033574,0.7695415681182538,125.0,0.9993302822113036,2.4452038564661858,Forest surrogate,1.563714761862337
975484,brits_joint_loss,0.7730752919967331,0.5472085613290749,0.664,0.5013537436217849,0.4599665978976324,0.772267052313454,125.0,1.001099705696106,2.0596036398762747,BRITS-MI-image,1.4351319242063687
975485,complete_fusion,0.8750964780668896,0.6140646376549289,0.784,0.7111317254174397,0.6567022867270533,0.5986512645535551,125.0,0.0,0.0,Full data,0.0
975485,image_only,0.6303966608381772,0.3860377128878453,0.568,0.4620284477427335,0.3897539707256306,0.9125279715850504,125.0,,,Image only,
975485,mean_impute_fusion,0.7408142250722,0.4532456592502809,0.664,0.4350649350649351,0.3979797979797979,0.7754826278946592,125.0,0.882542073726654,5.286335303834454,Mean imputation,2.2992031888970694
975485,missforest_fusion,0.8424914123735205,0.5975635808998966,0.736,0.6437229437229437,0.5813519813519813,0.6978964644966901,125.0,0.8779885768890381,2.232671265023809,Forest surrogate,1.4942125903042742
975485,brits_joint_loss,0.8586280556483978,0.5934282950650768,0.72,0.6369202226345084,0.5719748088169141,0.6901976185124998,125.0,0.8782181739807129,1.804600748396597,BRITS-MI-image,1.3433542899758786
975486,complete_fusion,0.8786297196932397,0.6429940275898249,0.784,0.625438596491228,0.6203553898980797,0.5661453331683745,125.0,0.0,0.0,Full data,0.0
975486,image_only,0.6811498850715393,0.5023051564591356,0.544,0.4828070175438596,0.3850885896527286,0.940973233928237,125.0,,,Image only,
975486,mean_impute_fusion,0.7429845086263569,0.513863872095678,0.68,0.4730409356725146,0.4519494164884235,0.7672903057000384,125.0,0.9321416020393372,7.405389755037232,Mean imputation,2.7212845781059416
975486,missforest_fusion,0.7641009820147854,0.4863700585573284,0.664,0.4283625730994152,0.408048048048048,0.723767215584674,125.0,1.068524718284607,3.6010421595173883,Forest surrogate,1.8976412093747828
975486,brits_joint_loss,0.7993915499069538,0.5205224972150946,0.712,0.6096491228070176,0.533789616475521,0.7088865497155954,125.0,1.0579873323440552,3.1322200047239983,BRITS-MI-image,1.7698079005146288
975487,complete_fusion,0.8669052516111341,0.6409769481045727,0.704,0.6257575757575757,0.5672743603778087,0.6776788343851966,125.0,0.0,0.0,Full data,0.0
975487,image_only,0.695102805691041,0.4429522963252523,0.56,0.5252525252525252,0.4150651249335459,0.9024270163184104,125.0,,,Image only,
975487,mean_impute_fusion,0.72952204658087,0.4971040309137794,0.592,0.5387205387205387,0.4495903737839222,0.829248367598122,125.0,0.88022780418396,4.023112925278952,Mean imputation,2.00576990835912
975487,missforest_fusion,0.7391083208730267,0.4892334588762185,0.592,0.5909090909090908,0.4579826952708308,0.8072510092671183,125.0,0.9449644088745116,1.888136636315869,Forest surrogate,1.3740948425475836
975487,brits_joint_loss,0.7452293675823088,0.5070854366635836,0.6,0.5942760942760942,0.4672021419009371,0.8114072381320655,125.0,0.9526367783546448,1.7454776626563158,BRITS-MI-image,1.3211652669731806
975488,complete_fusion,0.8906130793146844,0.6347579817451678,0.736,0.7010869565217391,0.5804195804195804,0.6452497109835786,125.0,0.0,0.0,Full data,0.0
975488,image_only,0.679319216442199,0.4643345656469885,0.536,0.4390096618357488,0.3836559139784947,0.945315064106882,125.0,,,Image only,
975488,mean_impute_fusion,0.808463196622977,0.5221665364857527,0.704,0.6351147342995169,0.5429626870304837,0.7490667173929014,125.0,0.8184725642204285,4.014117873368997,Mean imputation,2.0035263595393493
975488,missforest_fusion,0.8134213268015852,0.5656557708902974,0.624,0.5783514492753623,0.4795623578585039,0.7277751296313709,125.0,0.9333332180976868,1.868539109481761,Forest surrogate,1.3669451742779448
975488,brits_joint_loss,0.7964989844013567,0.5631039867836506,0.648,0.5777475845410628,0.4818808287478364,0.7265769341532107,125.0,0.9462848901748656,1.6191487540053764,BRITS-MI-image,1.2724577611871353
975489,complete_fusion,0.8159268766523492,0.4789536749044621,0.68,0.4358284775138203,0.409702380952381,0.6337925716482758,125.0,0.0,0.0,Full data,0.0
975489,image_only,0.6102830604825226,0.4240383525728142,0.608,0.4871358135365307,0.4194108056739814,0.885485207126165,125.0,,,Image only,
975489,mean_impute_fusion,0.7643758435691622,0.4544409639684875,0.64,0.3633647093978784,0.3625016958350291,0.7333358149240924,125.0,0.9673470258712769,6.237280008244292,Mean imputation,2.4974547059444925
975489,missforest_fusion,0.7169981409566665,0.4413286838265184,0.64,0.407590019423278,0.386031746031746,0.7209794527197012,125.0,1.0311741828918457,2.869340757192427,Forest surrogate,1.6939128540726136
975489,brits_joint_loss,0.7639534280767438,0.4522717127522271,0.632,0.3820409382937397,0.3743579866461222,0.7011926500805875,125.0,0.9825109839439392,2.342587135573351,BRITS-MI-image,1.5305512521877047
975490,complete_fusion,0.8834276479596012,0.6144607343971824,0.8,0.6371287128712871,0.5898798368426855,0.5438075560585933,125.0,0.0,0.0,Full data,0.0
975490,image_only,0.7570217281468407,0.4446735040848114,0.648,0.6145214521452145,0.5231185114887987,0.8561330761271966,125.0,,,Image only,
975490,mean_impute_fusion,0.7971549167903803,0.5286495858079863,0.744,0.6140264026402641,0.6084656084656085,0.6795647144033333,125.0,0.8741573691368103,6.425374004721017,Mean imputation,2.5348321452753075
975490,missforest_fusion,0.8393081840651598,0.5056180986369092,0.776,0.4938943894389438,0.4567157298561032,0.6175809817606437,125.0,0.8910911679267883,2.8578823100376773,Forest surrogate,1.6905272284224462
975490,brits_joint_loss,0.8412189076050463,0.5223757609251353,0.744,0.4405940594059405,0.424248866213152,0.6239059223276652,125.0,0.9203927516937256,2.3393642487203503,BRITS-MI-image,1.5294980381551164
975491,complete_fusion,0.904785806149742,0.6912925057812558,0.792,0.6024503212311371,0.5687333742582361,0.5985050857709748,125.0,0.0,0.0,Full data,0.0
975491,image_only,0.6566431042759252,0.4117860103526605,0.584,0.4657702076796653,0.3991267579740785,0.8560041490308875,125.0,,,Image only,
975491,mean_impute_fusion,0.7026971885422331,0.5454584360396163,0.656,0.5298670252502614,0.4712170819082857,0.7746235292769161,125.0,0.838261067867279,4.466183044152744,Mean imputation,2.113334579320734
975491,missforest_fusion,0.7634721798475853,0.5927886436438067,0.736,0.608456596444046,0.5672083968173354,0.7282073484214973,125.0,0.9014313817024232,2.306754531405964,Forest surrogate,1.518800359298734
975491,brits_joint_loss,0.7737239040244814,0.5668325907711159,0.752,0.5932167936650231,0.55231799920069,0.7214977239101741,125.0,0.890977144241333,2.117041298095569,BRITS-MI-image,1.4550056007093475
975492,complete_fusion,0.9135170327377564,0.7169100406837995,0.8,0.5673611111111111,0.5652536972333927,0.527212532696686,125.0,0.0,0.0,Full data,0.0
975492,image_only,0.6728661185084026,0.4407593833903897,0.56,0.3687499999999999,0.3457747284162378,0.859566285527028,125.0,,,Image only,
975492,mean_impute_fusion,0.8081660407420053,0.5492133762057451,0.688,0.4659722222222222,0.447962885121355,0.6797847680430892,125.0,0.919438362121582,5.470004191565292,Mean imputation,2.33880400879708
975492,missforest_fusion,0.8268274629187057,0.5536493428039334,0.688,0.5187499999999999,0.4868992573910606,0.6269551866305971,125.0,1.0813783407211304,2.9576671519300923,Forest surrogate,1.7197869495754676
975492,brits_joint_loss,0.8472281495390918,0.6059045328167405,0.736,0.6972222222222223,0.590635234119147,0.6261905773173726,125.0,1.0713074207305908,2.746579168898422,BRITS-MI-image,1.6572806548374424
975493,complete_fusion,0.8689899867993174,0.6308784625191288,0.784,0.6743295019157088,0.6203943115707822,0.623462450410619,125.0,0.0,0.0,Full data,0.0
975493,image_only,0.7026737821565409,0.5121091694816903,0.528,0.545338441890166,0.4260533825751216,0.9223244373343484,125.0,,,Image only,
975493,mean_impute_fusion,0.7944396015111025,0.5942137880091861,0.712,0.6694763729246488,0.5777658655707436,0.7604606634404752,125.0,0.864668607711792,4.213235106367637,Mean imputation,2.0526166486627835
975493,missforest_fusion,0.8004330467819312,0.5339049690020018,0.688,0.5780332056194125,0.5286269097010785,0.7386103182995993,125.0,0.9958720803260804,2.5909771660269425,Forest surrogate,1.6096512560262681
975493,brits_joint_loss,0.8041757220129431,0.5375085382059218,0.68,0.6183908045977011,0.5425546992647711,0.735499006864177,125.0,0.961854875087738,2.2602202886040956,BRITS-MI-image,1.5034029029518652
975494,complete_fusion,0.8701345029239765,0.6698629868039402,0.776,0.6673684210526316,0.6278026163272065,0.6288169517265978,125.0,0.0,0.0,Full data,0.0
975494,image_only,0.5564140350877192,0.36692870859261,0.512,0.303157894736842,0.300509287880126,0.942489470626132,125.0,,,Image only,
975494,mean_impute_fusion,0.8072362573099415,0.6475946412735242,0.704,0.6792982456140351,0.6259718671422109,0.7580266471494221,125.0,0.859866738319397,3.8089743639822378,Mean imputation,1.9516593872861723
975494,missforest_fusion,0.8046444444444445,0.609509291940142,0.72,0.5698245614035088,0.5458825543571306,0.7117892742352501,125.0,0.908014178276062,1.9027623583964663,Forest surrogate,1.3794065239792315
975494,brits_joint_loss,0.8041345029239766,0.5871155249514505,0.704,0.616140350877193,0.5741407063725026,0.7103792225702695,125.0,0.9541215300559998,1.7645941135738652,BRITS-MI-image,1.3283802594038596
975495,complete_fusion,0.9118704629728152,0.7354515737057751,0.776,0.7450076804915514,0.6640462985290572,0.5733132324825546,125.0,0.0,0.0,Full data,0.0
975495,image_only,0.6986467629796076,0.4651109663120196,0.608,0.4353558627752176,0.3999330655957161,0.8602163686475874,125.0,,,Image only,
975495,mean_impute_fusion,0.7940937985729306,0.6719612282753603,0.656,0.649641577060932,0.5215959992750165,0.726247573763047,125.0,0.832433819770813,7.2017464209199655,Mean imputation,2.6836069795929443
975495,missforest_fusion,0.8458701731793684,0.7412197095475133,0.696,0.6592421915002561,0.5916738001483764,0.6658308975916749,125.0,0.8313463926315308,3.55887427199048,Forest surrogate,1.8864978854985446
975495,brits_joint_loss,0.8581741399806067,0.7548220232350061,0.728,0.7235023041474654,0.6260277190509749,0.648372855952281,125.0,0.8485144972801208,3.1463466489677105,BRITS-MI-image,1.7737944212810317
975496,complete_fusion,0.8848957741859987,0.6886856413776695,0.8,0.6730994152046783,0.6839544513457557,0.5707359936944553,125.0,0.0,0.0,Full data,0.0
975496,image_only,0.6684022106323857,0.4436782717618901,0.592,0.4986842105263158,0.4351779001660985,0.9049192397544918,125.0,,,Image only,
975496,mean_impute_fusion,0.7264432849742294,0.4976475133266476,0.672,0.4817251461988303,0.4562434691745036,0.7443467407446093,125.0,0.8667205572128296,5.121684036026591,Mean imputation,2.263113792107368
975496,missforest_fusion,0.8030187583110368,0.5461924528407982,0.728,0.527046783625731,0.5099307018347224,0.6811164905429247,125.0,1.06168532371521,3.02127923603728,Forest surrogate,1.7381827395407194
975496,brits_joint_loss,0.7981940217462702,0.5728754847305519,0.72,0.5652046783625732,0.5449084156592915,0.679552506000969,125.0,1.0611395835876465,2.933674097014908,BRITS-MI-image,1.712797155828707
975497,complete_fusion,0.8450292397660819,0.5270921873153017,0.752,0.5207017543859649,0.5112836438923396,0.6274455499859138,125.0,0.0,0.0,Full data,0.0
975497,image_only,0.5361052631578948,0.3727793784100063,0.568,0.3080701754385965,0.3274096826093315,0.9182739653629484,125.0,,,Image only,
975497,mean_impute_fusion,0.6387216374269006,0.4112799879333071,0.584,0.3543859649122807,0.3436532507739938,0.7920463358018852,125.0,0.9079827070236206,4.750765770844989,Mean imputation,2.179625144570733
975497,missforest_fusion,0.7241695906432749,0.4653185887577304,0.664,0.3992982456140351,0.3903786468032278,0.7244183229222455,125.0,1.025224685668945,2.1391931309470142,Forest surrogate,1.462598075667753
975497,brits_joint_loss,0.7503754385964913,0.4647853371604482,0.656,0.4056140350877193,0.3956989247311828,0.7122473038159345,125.0,1.039809226989746,2.0089021598768215,BRITS-MI-image,1.4173574566342895
975498,complete_fusion,0.8120413343382805,0.5349788596946286,0.744,0.5839060710194731,0.5402597402597403,0.6404001697415617,125.0,0.0,0.0,Full data,0.0
975498,image_only,0.6068039592819905,0.3916190133221303,0.576,0.3900343642611683,0.3540051102953483,0.8798209877649452,125.0,,,Image only,
975498,mean_impute_fusion,0.7256101212611554,0.4436476529380024,0.704,0.406930126002291,0.4062799945152886,0.7365849494756808,125.0,0.8345730900764465,4.515191079617913,Mean imputation,2.1248978986336997
975498,missforest_fusion,0.7435941913912907,0.5395340836211336,0.736,0.5110252004581901,0.4868366927190456,0.695300741650964,125.0,0.9860065579414368,2.171638954165666,Forest surrogate,1.473648178557442
975498,brits_joint_loss,0.7731854253841504,0.5338649845187616,0.728,0.5075887743413516,0.4821249623440737,0.681200665316088,125.0,0.963579535484314,1.8990449538404128,BRITS-MI-image,1.3780584000108316
975499,complete_fusion,0.8450206725451274,0.6430155180080644,0.76,0.5966532197818616,0.5911983411983411,0.6284169205140839,125.0,0.0,0.0,Full data,0.0
975499,image_only,0.6483422393311127,0.4188564094030884,0.568,0.4177797699088599,0.3789366313910493,0.9174893871073964,125.0,,,Image only,
975499,mean_impute_fusion,0.7323699705491041,0.4893609730906802,0.632,0.4673838338562677,0.4411721611721611,0.7914873148400993,125.0,0.9045416712760924,6.2091836539616,Mean imputation,2.4918233593016983
975499,missforest_fusion,0.7814940899413703,0.52218225161584,0.6,0.4757507844016136,0.4340415060290377,0.7612960982332679,125.0,1.0047539472579956,2.851679208973192,Forest surrogate,1.6886915671528628
975499,brits_joint_loss,0.7642386522814714,0.505773640035422,0.608,0.4681308830121022,0.4392770566755654,0.7673236989362688,125.0,1.034488558769226,2.6108804506081187,BRITS-MI-image,1.6158219117861097
