seed,scenario,scenario_label,target_missing,n_imputations,method,method_label,imputation_rmse,trajectory_summary_rmse,coefficient_fit_success,coefficient_n_used,coefficient_n_fit_draws,selected_variance_factor,task_auroc,task_auprc,task_log_loss,cell_interval_coverage,cell_interval_width,runtime_seconds,missing_rate
1200000,baseline_harder,Baseline harder irregularity,0.2,50,brits_mi_refined,BRITS-MI,0.5777358412742615,0.4818910118139624,1.0,500,50,,0.7259294871794871,0.6821504308566841,0.6160813621094842,0.8989010989010989,2.0731496810913086,8.654973983764648,0.2
1200001,baseline_harder,Baseline harder irregularity,0.2,50,brits_mi_refined,BRITS-MI,0.6026827096939087,0.5118712239683632,1.0,500,50,,0.8026534792906983,0.7832581128799104,0.5459112561353764,0.8922914466737064,2.2692761421203613,19.158029079437256,0.2
1200002,baseline_harder,Baseline harder irregularity,0.2,50,brits_mi_refined,BRITS-MI,0.5881107449531555,0.4656104455289995,1.0,500,50,,0.7995469442837864,0.7757166036079656,0.5526044926439185,0.8888888888888888,2.234254837036133,17.181757926940918,0.2
1200003,baseline_harder,Baseline harder irregularity,0.2,50,brits_mi_refined,BRITS-MI,0.5989093780517578,0.5107394817765966,1.0,500,50,,0.7840416166466586,0.777278430133296,0.5614953834297424,0.8985005767012687,2.2955877780914307,16.694793939590454,0.2
1200004,baseline_harder,Baseline harder irregularity,0.2,50,brits_mi_refined,BRITS-MI,0.5832997560501099,0.4666780192360094,1.0,500,50,,0.7731751619488515,0.717306265686168,0.5794554915997323,0.8917345750873108,2.108518123626709,17.406040906906128,0.2
1200005,baseline_harder,Baseline harder irregularity,0.2,50,brits_mi_refined,BRITS-MI,0.5816009044647217,0.4967452754858276,1.0,500,50,,0.7801824331906573,0.7684545591133001,0.5736142692813972,0.8987473903966597,2.2438082695007324,16.769301176071167,0.2
1200006,baseline_harder,Baseline harder irregularity,0.2,50,brits_mi_refined,BRITS-MI,0.6173192858695984,0.523743372009486,1.0,500,50,,0.778656506147541,0.7754041895462751,0.5702477245204407,0.8755707762557078,2.2769927978515625,15.611350059509276,0.2
1200007,baseline_harder,Baseline harder irregularity,0.2,50,brits_mi_refined,BRITS-MI,0.5949926376342773,0.4973106855861287,1.0,500,50,,0.7590765429721967,0.7150211675681268,0.6037259251667734,0.875,2.2569284439086914,16.622386932373047,0.2
1200008,baseline_harder,Baseline harder irregularity,0.2,50,brits_mi_refined,BRITS-MI,0.5953938364982605,0.4838321581918135,1.0,500,50,,0.8071778402248094,0.7763209970636256,0.5468490035814518,0.875139353400223,2.232458114624023,16.229610919952393,0.2
1200009,baseline_harder,Baseline harder irregularity,0.2,50,brits_mi_refined,BRITS-MI,0.6007512211799622,0.5092195904480982,1.0,500,50,,0.7940217040242878,0.7546182433215533,0.5653873500282376,0.9065315315315317,2.2833263874053955,15.71277379989624,0.2
1200010,baseline_harder,Baseline harder irregularity,0.2,50,brits_mi_refined,BRITS-MI,0.5873967409133911,0.5051860534848323,1.0,500,50,,0.7496741177038574,0.6978707961303989,0.5968710141852414,0.8631016042780749,2.063274383544922,14.766525983810425,0.2
1200011,baseline_harder,Baseline harder irregularity,0.2,50,brits_mi_refined,BRITS-MI,0.5932971835136414,0.5118548392914198,1.0,500,50,,0.7090358841331604,0.6778049388950169,0.6232059403948299,0.8648351648351649,2.119323968887329,18.17643690109253,0.2
1200012,baseline_harder,Baseline harder irregularity,0.2,50,brits_mi_refined,BRITS-MI,0.6270414590835571,0.534793918831337,1.0,500,50,,0.8215256211180124,0.7814829555758341,0.5303220378772976,0.8468271334792122,2.1195075511932373,18.15305876731873,0.2
1200013,baseline_harder,Baseline harder irregularity,0.2,50,brits_mi_refined,BRITS-MI,0.5930692553520203,0.5077762209866846,1.0,500,50,,0.7814262820512821,0.7342514964700458,0.5703469535289337,0.871244635193133,2.1424031257629395,13.540223121643066,0.2
1200014,baseline_harder,Baseline harder irregularity,0.2,50,brits_mi_refined,BRITS-MI,0.6218823790550232,0.5120368715609056,1.0,500,50,,0.6650020072260137,0.6154427653367514,0.6571361294709084,0.8489042675893888,2.0991899967193604,15.775670051574709,0.2
1200015,baseline_harder,Baseline harder irregularity,0.2,50,brits_mi_refined,BRITS-MI,0.6345252990722656,0.5442132089675411,1.0,500,50,,0.7502898550724637,0.7190856460370533,0.5973214376627223,0.8536853685368537,2.174114942550659,14.231240034103394,0.2
1200016,baseline_harder,Baseline harder irregularity,0.2,50,brits_mi_refined,BRITS-MI,0.5804209113121033,0.4728487549644891,1.0,500,50,,0.7909678041256989,0.7678646068153531,0.5574867761072856,0.8825503355704698,2.232696533203125,16.868921995162964,0.2
1200017,baseline_harder,Baseline harder irregularity,0.2,50,brits_mi_refined,BRITS-MI,0.557673454284668,0.4599547507404319,1.0,500,50,,0.8121567308770077,0.8004593092120749,0.5413886491062183,0.8997722095671982,2.154989004135132,19.702752828598022,0.2
1200018,baseline_harder,Baseline harder irregularity,0.2,50,brits_mi_refined,BRITS-MI,0.5988998413085938,0.499827907709266,1.0,500,50,,0.7893486889192531,0.7325344536564704,0.5602766916131465,0.8492849284928493,2.081535816192627,18.343809127807617,0.2
1200019,baseline_harder,Baseline harder irregularity,0.2,50,brits_mi_refined,BRITS-MI,0.5787152647972107,0.4956683761567799,1.0,500,50,,0.7592770929635337,0.7261920056775216,0.5839770585948466,0.8719101123595505,2.125257968902588,18.99253487586975,0.2
1200020,baseline_harder,Baseline harder irregularity,0.2,50,brits_mi_refined,BRITS-MI,0.6111356616020203,0.508097567159502,1.0,500,50,,0.8047280415145108,0.7886012021549691,0.5471175668427473,0.8905882352941177,2.20090651512146,20.53212285041809,0.2
1200021,baseline_harder,Baseline harder irregularity,0.2,50,brits_mi_refined,BRITS-MI,0.60041743516922,0.491947215123572,1.0,500,50,,0.6823469175506808,0.6831130461051316,0.6305861299892069,0.9097744360902256,2.2829623222351074,20.99626898765564,0.2
1200022,baseline_harder,Baseline harder irregularity,0.2,50,brits_mi_refined,BRITS-MI,0.5968760251998901,0.5011428113157054,1.0,500,50,,0.7967198411173042,0.7486907292280582,0.5657396412947447,0.8745874587458746,2.2105650901794434,19.274604082107544,0.2
1200023,baseline_harder,Baseline harder irregularity,0.2,50,brits_mi_refined,BRITS-MI,0.6246797442436218,0.5336150542924473,1.0,500,50,,0.7091156462585034,0.6901668908314452,0.622617059239917,0.8702882483370288,2.156831979751587,16.665385961532593,0.2
1200024,baseline_harder,Baseline harder irregularity,0.2,50,brits_mi_refined,BRITS-MI,0.5655598640441895,0.4515305800704925,1.0,500,50,,0.7771215568572396,0.7429049491618676,0.5708569071253878,0.925638179800222,2.256406784057617,15.29610013961792,0.2
1200025,baseline_harder,Baseline harder irregularity,0.2,50,brits_mi_refined,BRITS-MI,0.6040652394294739,0.5187774687850741,1.0,500,50,,0.7543817527010805,0.770662649337348,0.5816020640678358,0.864184008762322,2.0695126056671143,17.299288988113403,0.2
1200026,baseline_harder,Baseline harder irregularity,0.2,50,brits_mi_refined,BRITS-MI,0.590950071811676,0.5164474676894734,1.0,500,50,,0.7260096153846154,0.717025537558448,0.5962667976852335,0.8716861081654295,2.2856383323669434,17.849724054336548,0.2
1200027,baseline_harder,Baseline harder irregularity,0.2,50,brits_mi_refined,BRITS-MI,0.578072726726532,0.5020166542187164,1.0,500,50,,0.5665466186474589,0.5661259338305702,0.708251088673645,0.9072052401746724,2.385101556777954,17.95893406867981,0.2
1200028,baseline_harder,Baseline harder irregularity,0.2,50,brits_mi_refined,BRITS-MI,0.6078560948371887,0.5250592448706893,1.0,500,50,,0.7818794678477797,0.7318005805687734,0.5620908977289603,0.881283422459893,2.290564775466919,18.10061001777649,0.2
1200029,baseline_harder,Baseline harder irregularity,0.2,50,brits_mi_refined,BRITS-MI,0.5962761044502258,0.5093307548079864,1.0,500,50,,0.7538016860698515,0.7312585586992093,0.5916080570928934,0.8409090909090909,2.043112277984619,17.512189388275146,0.2
1200030,baseline_harder,Baseline harder irregularity,0.2,50,brits_mi_refined,BRITS-MI,0.5847905874252319,0.4777007624745195,1.0,500,50,,0.7968307322929172,0.7761241499172578,0.5609706284300918,0.8609865470852018,2.10921573638916,17.03932785987854,0.2
1200031,baseline_harder,Baseline harder irregularity,0.2,50,brits_mi_refined,BRITS-MI,0.5834089517593384,0.4811150122985442,1.0,500,50,,0.8056687990460689,0.7860171036792714,0.5428508465358746,0.8227027027027027,1.929474949836731,18.828233003616333,0.2
1200032,baseline_harder,Baseline harder irregularity,0.2,50,brits_mi_refined,BRITS-MI,0.5902391672134399,0.4864289968417633,1.0,500,50,,0.7450340136054423,0.7468295998209307,0.5895079104911738,0.8568306010928962,2.016425848007202,20.265134811401367,0.2
1200033,baseline_harder,Baseline harder irregularity,0.2,50,brits_mi_refined,BRITS-MI,0.5895944237709045,0.4949753294879355,1.0,500,50,,0.81014853472501,0.7828119531973626,0.5475547405276447,0.876993166287016,2.1921443939208984,18.946492195129395,0.2
1200034,baseline_harder,Baseline harder irregularity,0.2,50,brits_mi_refined,BRITS-MI,0.5598848462104797,0.4586032842329833,1.0,500,50,,0.7135306214253583,0.7342210850174034,0.6095542155069497,0.8928571428571429,2.245335817337036,12.73015284538269,0.2
1200035,baseline_harder,Baseline harder irregularity,0.2,50,brits_mi_refined,BRITS-MI,0.6127287745475769,0.5166690366859987,1.0,500,50,,0.7721984574502562,0.7148636560206736,0.5841155102143989,0.8633333333333333,2.1544103622436523,8.589020252227783,0.2
1200036,baseline_harder,Baseline harder irregularity,0.2,50,brits_mi_refined,BRITS-MI,0.5928300023078918,0.5019488097520434,1.0,500,50,,0.7916479568926807,0.7521567577254233,0.5651154820520438,0.8779134295227525,2.266155481338501,9.212334871292114,0.2
1200037,baseline_harder,Baseline harder irregularity,0.2,50,brits_mi_refined,BRITS-MI,0.5852550268173218,0.4905157265252726,1.0,500,50,,0.7800641025641026,0.776086196392265,0.5740519220600088,0.8858131487889274,2.105815887451172,7.824041843414307,0.2
1200038,baseline_harder,Baseline harder irregularity,0.2,50,brits_mi_refined,BRITS-MI,0.587672770023346,0.4843548034122079,1.0,500,50,,0.7765539452495974,0.7382274080800576,0.5622984584372778,0.8618346545866364,2.1003849506378174,7.797530174255371,0.2
1200039,baseline_harder,Baseline harder irregularity,0.2,50,brits_mi_refined,BRITS-MI,0.6343467831611633,0.5365221671263586,1.0,500,50,,0.7968157573420731,0.7775274709059469,0.5544202813936622,0.852017937219731,2.1771161556243896,7.31805419921875,0.2
1200040,baseline_harder,Baseline harder irregularity,0.2,50,brits_mi_refined,BRITS-MI,0.6052055358886719,0.5121354041040689,1.0,500,50,,0.7817315100154083,0.7547340433790415,0.5742474241836591,0.8695652173913043,2.13663911819458,7.233163118362427,0.2
1200041,baseline_harder,Baseline harder irregularity,0.2,50,brits_mi_refined,BRITS-MI,0.6099289059638977,0.5230766392852305,1.0,500,50,,0.7928276573787411,0.7244509376654977,0.5655531074229606,0.8604143947655398,2.0931124687194824,7.274805068969727,0.2
1200042,baseline_harder,Baseline harder irregularity,0.2,50,brits_mi_refined,BRITS-MI,0.6255943775177002,0.5468365941631304,1.0,500,50,,0.7900415203834623,0.762460692352581,0.5640828536163977,0.886240520043337,2.3762691020965576,7.56821084022522,0.2
1200043,baseline_harder,Baseline harder irregularity,0.2,50,brits_mi_refined,BRITS-MI,0.6079670190811157,0.5250620361936137,1.0,500,50,,0.7684639999999999,0.7520658136573914,0.590243936898924,0.8547008547008547,2.125854730606079,7.7509989738464355,0.2
1200044,baseline_harder,Baseline harder irregularity,0.2,50,brits_mi_refined,BRITS-MI,0.584054708480835,0.4826441448812942,1.0,500,50,,0.7748848484848485,0.7389172259425305,0.574973769122505,0.9016759776536312,2.2517688274383545,7.768983840942383,0.2
1200045,baseline_harder,Baseline harder irregularity,0.2,50,brits_mi_refined,BRITS-MI,0.5871499180793762,0.4804233251547793,1.0,500,50,,0.7433371772695239,0.7324250657555604,0.5985854515226934,0.9034994697773064,2.323862791061402,8.307507991790771,0.2
1200046,baseline_harder,Baseline harder irregularity,0.2,50,brits_mi_refined,BRITS-MI,0.6151771545410156,0.5066696301595501,1.0,500,50,,0.8092494876635846,0.761338669859221,0.5511457490974883,0.8801369863013698,2.267775535583496,8.655971050262451,0.2
1200047,baseline_harder,Baseline harder irregularity,0.2,50,brits_mi_refined,BRITS-MI,0.6028439998626709,0.5145120359144987,1.0,500,50,,0.7932841614906831,0.7523189232380538,0.5601791737847197,0.8617256637168141,2.1419835090637207,8.434306144714355,0.2
1200048,baseline_harder,Baseline harder irregularity,0.2,50,brits_mi_refined,BRITS-MI,0.6001935005187988,0.5180398859120595,1.0,500,50,,0.8210614642332705,0.7785207323184993,0.527102135064354,0.8582251082251082,2.2210757732391357,8.588304996490479,0.2
1200049,baseline_harder,Baseline harder irregularity,0.2,50,brits_mi_refined,BRITS-MI,0.5775973796844482,0.4972292405461528,1.0,500,50,,0.7117379610655739,0.6820867997511562,0.6252122679801305,0.891647855530474,2.323146343231201,8.339611768722534,0.2
1200050,baseline_harder,Baseline harder irregularity,0.2,50,brits_mi_refined,BRITS-MI,0.6012409329414368,0.5073459852452441,1.0,500,50,,0.7615145294759125,0.7203253878440212,0.5924969229159792,0.8906581740976646,2.21868634223938,9.04893398284912,0.2
1200051,baseline_harder,Baseline harder irregularity,0.2,50,brits_mi_refined,BRITS-MI,0.6010048985481262,0.5058309137648668,1.0,500,50,,0.7883346273291927,0.7549596021635999,0.5563597577311916,0.8979370249728555,2.33699369430542,10.137696027755736,0.2
1200052,baseline_harder,Baseline harder irregularity,0.2,50,brits_mi_refined,BRITS-MI,0.587857186794281,0.4847591397809647,1.0,500,50,,0.8026656314699792,0.7565866878256694,0.5480667462308032,0.9001148105625718,2.2879738807678223,8.599518060684204,0.2
1200053,baseline_harder,Baseline harder irregularity,0.2,50,brits_mi_refined,BRITS-MI,0.5765337347984314,0.4846915822207582,1.0,500,50,,0.824401698404529,0.7826073348114136,0.5206818310921758,0.8895089285714286,2.269976854324341,8.108837842941284,0.2
1200054,baseline_harder,Baseline harder irregularity,0.2,50,brits_mi_refined,BRITS-MI,0.6135244965553284,0.5234059626874906,1.0,500,50,,0.783722125827389,0.7465811935475715,0.5634174087343393,0.8461538461538461,2.1201114654541016,9.080254316329956,0.2
1200055,baseline_harder,Baseline harder irregularity,0.2,50,brits_mi_refined,BRITS-MI,0.6036087274551392,0.4666429470217562,1.0,500,50,,0.7611474149529117,0.7293204422079571,0.5856426239945509,0.8976190476190476,2.304286479949951,7.6495771408081055,0.2
1200056,baseline_harder,Baseline harder irregularity,0.2,50,brits_mi_refined,BRITS-MI,0.6047940254211426,0.492761267091817,1.0,500,50,,0.7377349616438802,0.6782624253793585,0.6094422589222324,0.8864168618266979,2.2938499450683594,8.239021062850952,0.2
1200057,baseline_harder,Baseline harder irregularity,0.2,50,brits_mi_refined,BRITS-MI,0.6063441634178162,0.503824873395394,1.0,500,50,,0.8243903220124578,0.80434697199192,0.5181131579044008,0.8604395604395605,2.0002567768096924,8.84420394897461,0.2
1200058,baseline_harder,Baseline harder irregularity,0.2,50,brits_mi_refined,BRITS-MI,0.5932447910308838,0.5135290121184823,1.0,500,50,,0.7898197446917699,0.7666954124415766,0.5586816302024156,0.8640883977900552,2.213411331176758,7.577399969100952,0.2
1200059,baseline_harder,Baseline harder irregularity,0.2,50,brits_mi_refined,BRITS-MI,0.5827195644378662,0.4773604573052173,1.0,500,50,,0.7636459650189628,0.7317486670476514,0.5755866983430915,0.8405627198124267,2.0014939308166504,9.16196608543396,0.2
1200060,baseline_harder,Baseline harder irregularity,0.2,50,brits_mi_refined,BRITS-MI,0.56256502866745,0.4729128171456287,1.0,500,50,,0.7642421200887147,0.7488145757809196,0.5719955261151949,0.9276169265033408,2.194620370864868,9.241030931472778,0.2
1200061,baseline_harder,Baseline harder irregularity,0.2,50,brits_mi_refined,BRITS-MI,0.5971669554710388,0.5038433313019216,1.0,500,50,,0.7874413915603846,0.7875158818910488,0.5584403919567058,0.8796400449943758,2.281576156616211,8.386816024780273,0.2
1200062,baseline_harder,Baseline harder irregularity,0.2,50,brits_mi_refined,BRITS-MI,0.589669942855835,0.4821602451645327,1.0,500,50,,0.757963417175652,0.7220106677553053,0.589787988338704,0.8626760563380281,2.0892210006713867,7.972245216369629,0.2
1200063,baseline_harder,Baseline harder irregularity,0.2,50,brits_mi_refined,BRITS-MI,0.5648621916770935,0.4711261219965848,1.0,500,50,,0.8277567879098361,0.8178509675050631,0.5273755621867378,0.910414333706607,2.23144006729126,8.421801090240479,0.2
1200064,baseline_harder,Baseline harder irregularity,0.2,50,brits_mi_refined,BRITS-MI,0.5960257649421692,0.501306370241255,1.0,500,50,,0.7796558623449379,0.7567078510885316,0.5630809327811939,0.8677966101694915,2.120083808898926,9.248743057250977,0.2
1200065,baseline_harder,Baseline harder irregularity,0.2,50,brits_mi_refined,BRITS-MI,0.5807508230209351,0.4918762026299484,1.0,500,50,,0.8202739020582887,0.7871704978450439,0.5262259304891624,0.8542600896860987,2.15238356590271,9.10207200050354,0.2
1200066,baseline_harder,Baseline harder irregularity,0.2,50,brits_mi_refined,BRITS-MI,0.5899960398674011,0.5019060371864849,1.0,500,50,,0.7908173076923077,0.745531188395385,0.562228209453229,0.8849162011173184,2.1781749725341797,9.292130947113035,0.2
1200067,baseline_harder,Baseline harder irregularity,0.2,50,brits_mi_refined,BRITS-MI,0.5890659689903259,0.4963238240976939,1.0,500,50,,0.7418487394957982,0.7296059927772869,0.6000484680697763,0.8658536585365854,2.100590229034424,8.587437152862549,0.2
1200068,baseline_harder,Baseline harder irregularity,0.2,50,brits_mi_refined,BRITS-MI,0.6054610013961792,0.4968928944436461,1.0,500,50,,0.7744446584488957,0.7750642364243048,0.567636207799472,0.8842794759825328,2.287846088409424,8.613210916519165,0.2
1200069,baseline_harder,Baseline harder irregularity,0.2,50,brits_mi_refined,BRITS-MI,0.584746778011322,0.4914230544005149,1.0,500,50,,0.778902384165542,0.758793514943399,0.5723105710843693,0.8950276243093923,2.197932004928589,9.13789415359497,0.2
1200070,baseline_harder,Baseline harder irregularity,0.2,50,brits_mi_refined,BRITS-MI,0.5971719622612,0.4994140194857258,1.0,500,50,,0.8050539768601442,0.7482259960042934,0.5488186008978138,0.8734321550741163,2.2363030910491943,9.183223009109495,0.2
1200071,baseline_harder,Baseline harder irregularity,0.2,50,brits_mi_refined,BRITS-MI,0.5785038471221924,0.4908276534678681,1.0,500,50,,0.7846263529716767,0.751263169595002,0.5549147151666728,0.876803551609323,2.280513048171997,8.978073120117188,0.2
1200072,baseline_harder,Baseline harder irregularity,0.2,50,brits_mi_refined,BRITS-MI,0.5470165014266968,0.4645776417675666,1.0,500,50,,0.7307791537667699,0.6940229769765929,0.6039312053614353,0.8881789137380192,2.0649306774139404,7.318620920181274,0.2
1200073,baseline_harder,Baseline harder irregularity,0.2,50,brits_mi_refined,BRITS-MI,0.5848831534385681,0.4939601053784276,1.0,500,50,,0.7620916708053638,0.7417849861972701,0.5856164214935972,0.8916309012875536,2.2297370433807373,8.978928089141846,0.2
1200074,baseline_harder,Baseline harder irregularity,0.2,50,brits_mi_refined,BRITS-MI,0.5824416279792786,0.5043767040156896,1.0,500,50,,0.7869917653113742,0.729583160952155,0.5638906490470305,0.8640256959314775,2.121742010116577,8.09085988998413,0.2
1200075,baseline_harder,Baseline harder irregularity,0.2,50,brits_mi_refined,BRITS-MI,0.5871401429176331,0.502930825889543,1.0,500,50,,0.7316971178589808,0.6829949331670034,0.6155505829445589,0.8910256410256411,2.2596895694732666,6.893295049667358,0.2
1200076,baseline_harder,Baseline harder irregularity,0.2,50,brits_mi_refined,BRITS-MI,0.5917558073997498,0.4864603662111662,1.0,500,50,,0.7418532298415549,0.6843660378016834,0.6108396938326464,0.8346368715083798,1.9844251871109009,8.648467779159546,0.2
1200077,baseline_harder,Baseline harder irregularity,0.2,50,brits_mi_refined,BRITS-MI,0.5835051536560059,0.4981137171333146,1.0,500,50,,0.7857601438109912,0.732024335960183,0.5717508118595562,0.8736383442265795,2.183903217315674,9.077389001846312,0.2
1200078,baseline_harder,Baseline harder irregularity,0.2,50,brits_mi_refined,BRITS-MI,0.5991315245628357,0.4949806509775978,1.0,500,50,,0.8035556838038442,0.7707034619603915,0.5527350444584583,0.8511111111111112,2.145951986312866,9.056850910186768,0.2
1200079,baseline_harder,Baseline harder irregularity,0.2,50,brits_mi_refined,BRITS-MI,0.5618923902511597,0.4599098139161897,1.0,500,50,,0.7833181214071833,0.7598771949210008,0.564719894710777,0.8855555555555555,2.1261672973632812,9.189710140228271,0.2
1200080,baseline_harder,Baseline harder irregularity,0.2,50,brits_mi_refined,BRITS-MI,0.5830108523368835,0.4997090164039527,1.0,500,50,,0.757313872351322,0.7519164029329126,0.6025845130744645,0.8843159065628476,2.08940052986145,8.892214059829712,0.2
1200081,baseline_harder,Baseline harder irregularity,0.2,50,brits_mi_refined,BRITS-MI,0.5946823358535767,0.5062862400465052,1.0,500,50,,0.7855687111801243,0.728911738276368,0.576639589779044,0.8695652173913043,2.239075183868408,8.83714509010315,0.2
1200082,baseline_harder,Baseline harder irregularity,0.2,50,brits_mi_refined,BRITS-MI,0.5846222043037415,0.4848959030524586,1.0,500,50,,0.7873982958549555,0.7671867191170825,0.5635653931002034,0.8961625282167043,2.3194634914398193,8.817378044128418,0.2
1200083,baseline_harder,Baseline harder irregularity,0.2,50,brits_mi_refined,BRITS-MI,0.5921470522880554,0.4981857326732836,1.0,500,50,,0.795031753159279,0.7612019609954688,0.555008024234292,0.8673245614035088,2.2169675827026367,8.20486307144165,0.2
1200084,baseline_harder,Baseline harder irregularity,0.2,50,brits_mi_refined,BRITS-MI,0.6198052763938904,0.5272545118493939,1.0,500,50,,0.7467896811764898,0.6739058717485908,0.5944959889545585,0.8296703296703297,2.0655457973480225,8.31487512588501,0.2
1200085,baseline_harder,Baseline harder irregularity,0.2,50,brits_mi_refined,BRITS-MI,0.594380259513855,0.485265099661831,1.0,500,50,,0.7958089120835007,0.8044517351115785,0.5509718683615491,0.8653846153846154,2.051464080810547,9.635315179824827,0.2
1200086,baseline_harder,Baseline harder irregularity,0.2,50,brits_mi_refined,BRITS-MI,0.5779749155044556,0.4655219171406155,1.0,500,50,,0.7915165489743959,0.778616075245764,0.5734426879706767,0.9,2.0958662033081055,7.77842903137207,0.2
1200087,baseline_harder,Baseline harder irregularity,0.2,50,brits_mi_refined,BRITS-MI,0.5751818418502808,0.4826971994884154,1.0,500,50,,0.7847485559768956,0.7527286845142076,0.5572122077757924,0.8958333333333334,2.263460159301758,8.698659181594849,0.2
1200088,baseline_harder,Baseline harder irregularity,0.2,50,brits_mi_refined,BRITS-MI,0.6053522825241089,0.5345417013086863,1.0,500,50,,0.7910411893814384,0.7552941763146132,0.5602366832058108,0.8345864661654135,2.13012170791626,7.784897089004517,0.2
1200089,baseline_harder,Baseline harder irregularity,0.2,50,brits_mi_refined,BRITS-MI,0.6401112079620361,0.5450654550956034,1.0,500,50,,0.7396639576883384,0.7007552593700401,0.6007831415515688,0.8370288248337029,2.0408546924591064,6.37117600440979,0.2
1200090,baseline_harder,Baseline harder irregularity,0.2,50,brits_mi_refined,BRITS-MI,0.5793409943580627,0.4890224673634633,1.0,500,50,,0.778295243582357,0.76339079806734,0.5711619242501039,0.857630979498861,2.1630494594573975,7.337177753448486,0.2
1200091,baseline_harder,Baseline harder irregularity,0.2,50,brits_mi_refined,BRITS-MI,0.5954387187957764,0.4670160169060179,1.0,500,50,,0.7584447770321374,0.7112618758435806,0.5916117584103989,0.8802325581395349,2.2248711585998535,7.273699283599853,0.2
1200092,baseline_harder,Baseline harder irregularity,0.2,50,brits_mi_refined,BRITS-MI,0.5844618678092957,0.4874624649374441,1.0,500,50,,0.8206691307060913,0.8127166395876344,0.5281959345414664,0.8722707423580786,2.213109016418457,6.189429998397827,0.2
1200093,baseline_harder,Baseline harder irregularity,0.2,50,brits_mi_refined,BRITS-MI,0.590578019618988,0.5037839489729538,1.0,500,50,,0.7838746876801844,0.7412926706797724,0.5729974735607937,0.8669673055242391,2.265974521636963,7.377422094345093,0.2
1200094,baseline_harder,Baseline harder irregularity,0.2,50,brits_mi_refined,BRITS-MI,0.577220618724823,0.4786332907222983,1.0,500,50,,0.7862985194077632,0.7495960699330793,0.5656885388463763,0.8882618510158014,2.204638957977295,6.886814117431641,0.2
1200095,baseline_harder,Baseline harder irregularity,0.2,50,brits_mi_refined,BRITS-MI,0.6065922975540161,0.5443248310620975,1.0,500,50,,0.7558817810616373,0.6864417907225697,0.5981920403054746,0.8868534482758621,2.286818027496338,7.835299968719482,0.2
1200096,baseline_harder,Baseline harder irregularity,0.2,50,brits_mi_refined,BRITS-MI,0.5829259753227234,0.4690731496026135,1.0,500,50,,0.8174594274179336,0.8035985799788891,0.5521444338763326,0.8602029312288614,2.237309694290161,7.62123966217041,0.2
1200097,baseline_harder,Baseline harder irregularity,0.2,50,brits_mi_refined,BRITS-MI,0.6013405919075012,0.521022602972,1.0,500,50,,0.7564804147465438,0.7331412619129265,0.6012855567235823,0.8649553571428571,2.278588056564331,7.824826955795288,0.2
1200098,baseline_harder,Baseline harder irregularity,0.2,50,brits_mi_refined,BRITS-MI,0.5790647268295288,0.4871535641637846,1.0,500,50,,0.802797516164138,0.7845109234576827,0.5636429195560217,0.8830734966592427,2.257157802581787,6.946075916290283,0.2
1200099,baseline_harder,Baseline harder irregularity,0.2,50,brits_mi_refined,BRITS-MI,0.596903383731842,0.5134868428636089,1.0,500,50,,0.8126884341522868,0.8268867886412578,0.5240109870620969,0.8914988814317674,2.17824649810791,7.847332954406738,0.2
1200100,baseline_harder,Baseline harder irregularity,0.2,50,brits_mi_refined,BRITS-MI,0.5915759801864624,0.4970901099089905,1.0,500,50,,0.7770097286226318,0.762717670558704,0.5682873985831501,0.8934337997847147,2.160563707351685,8.505626678466797,0.2
1200101,baseline_harder,Baseline harder irregularity,0.2,50,brits_mi_refined,BRITS-MI,0.5905829668045044,0.4722116905388283,1.0,500,50,,0.7938543818353591,0.7410675178939772,0.5635178638633785,0.8399545970488081,2.028021812438965,8.729967832565308,0.2
1200102,baseline_harder,Baseline harder irregularity,0.2,50,brits_mi_refined,BRITS-MI,0.6071355938911438,0.5143370399263759,1.0,500,50,,0.7854566440629058,0.7675136464135437,0.5638019547026862,0.8701298701298701,2.091392993927002,9.377920150756836,0.2
1200103,baseline_harder,Baseline harder irregularity,0.2,50,brits_mi_refined,BRITS-MI,0.5947336554527283,0.4924799304899876,1.0,500,50,,0.783786389049547,0.7348912387317034,0.5627613615234889,0.8758389261744967,2.1993396282196045,11.43773102760315,0.2
1200104,baseline_harder,Baseline harder irregularity,0.2,50,brits_mi_refined,BRITS-MI,0.6251447796821594,0.5148314625523231,1.0,500,50,,0.7723510466988728,0.7318122038171058,0.5778738920371966,0.8587075575027382,2.224391460418701,11.874757289886476,0.2
1200105,baseline_harder,Baseline harder irregularity,0.2,50,brits_mi_refined,BRITS-MI,0.5959896445274353,0.5030979243036988,1.0,500,50,,0.6850505891393442,0.6898818649403087,0.6335966485506285,0.8600427350427351,2.104400634765625,11.21134901046753,0.2
1200106,baseline_harder,Baseline harder irregularity,0.2,50,brits_mi_refined,BRITS-MI,0.6011348962783813,0.51057232121117,1.0,500,50,,0.7976914702868851,0.788577552452495,0.5420097417137495,0.8462389380530974,2.189340353012085,12.248892784118652,0.2
1200107,baseline_harder,Baseline harder irregularity,0.2,50,brits_mi_refined,BRITS-MI,0.5798735618591309,0.4928587816131617,1.0,500,50,,0.8049959194123953,0.7939399143366855,0.5423466944530103,0.8667400881057269,2.135981798171997,12.155993938446043,0.2
1200108,baseline_harder,Baseline harder irregularity,0.2,50,brits_mi_refined,BRITS-MI,0.5824147462844849,0.4941037617136934,1.0,500,50,,0.7932766924270789,0.7715610903373771,0.5728747523720004,0.8971861471861472,2.3109230995178223,11.280433893203735,0.2
1200109,baseline_harder,Baseline harder irregularity,0.2,50,brits_mi_refined,BRITS-MI,0.6081491708755493,0.5023040766041337,1.0,500,50,,0.7811243371409344,0.75956968861923,0.567509037332944,0.8775956284153006,2.2199130058288574,12.232622861862184,0.2
1200110,baseline_harder,Baseline harder irregularity,0.2,50,brits_mi_refined,BRITS-MI,0.5725308656692505,0.4908847862140327,1.0,500,50,,0.782245280299755,0.7616250076663317,0.5744982704438761,0.8828729281767956,2.156801700592041,12.675430059432983,0.2
1200111,baseline_harder,Baseline harder irregularity,0.2,50,brits_mi_refined,BRITS-MI,0.5842085480690002,0.4973471817283497,1.0,500,50,,0.812592,0.809056269984084,0.5315540668201936,0.8572996706915478,1.9843045473098757,11.296236038208008,0.2
1200112,baseline_harder,Baseline harder irregularity,0.2,50,brits_mi_refined,BRITS-MI,0.5909728407859802,0.4836736046217725,1.0,500,50,,0.7910259077307132,0.7699097537041819,0.5559743548454479,0.8642266824085005,2.1547772884368896,11.678344011306764,0.2
1200113,baseline_harder,Baseline harder irregularity,0.2,50,brits_mi_refined,BRITS-MI,0.5959391593933105,0.5003962315578911,1.0,500,50,,0.8362339743589744,0.8252848931611292,0.5078470075328821,0.8590455049944506,2.156061887741089,10.67211127281189,0.2
1200114,baseline_harder,Baseline harder irregularity,0.2,50,brits_mi_refined,BRITS-MI,0.6110444068908691,0.5267589124576678,1.0,500,50,,0.7639235644324948,0.7449822446472872,0.5724154276159844,0.8369098712446352,2.097390651702881,11.1369891166687,0.2
1200115,baseline_harder,Baseline harder irregularity,0.2,50,brits_mi_refined,BRITS-MI,0.5875970125198364,0.4952869860666268,1.0,500,50,,0.8291835974810187,0.7774427961972191,0.525092313146468,0.8472222222222222,2.1457784175872803,12.099774837493896,0.2
1200116,baseline_harder,Baseline harder irregularity,0.2,50,brits_mi_refined,BRITS-MI,0.5698843598365784,0.4922887893543757,1.0,500,50,,0.7388274674520028,0.7156832293890427,0.5983200168368887,0.8822894168466523,2.1840367317199707,16.514051914215088,0.2
1200117,baseline_harder,Baseline harder irregularity,0.2,50,brits_mi_refined,BRITS-MI,0.577864408493042,0.4786375350359354,1.0,500,50,,0.7824858757062146,0.7368483083087606,0.5764574592514773,0.8982300884955752,2.26336932182312,16.64678931236267,0.2
1200118,baseline_harder,Baseline harder irregularity,0.2,50,brits_mi_refined,BRITS-MI,0.5887668132781982,0.478206282922299,1.0,500,50,,0.7519322782480677,0.740403247716495,0.5892292317449922,0.849015317286652,1.918832778930664,11.219122171401978,0.2
1200119,baseline_harder,Baseline harder irregularity,0.2,50,brits_mi_refined,BRITS-MI,0.6123435497283936,0.531623309407997,1.0,500,50,,0.7179445772236936,0.6383911782120897,0.6136021830931417,0.8585005279831045,2.100520133972168,12.118023157119753,0.2
1200120,baseline_harder,Baseline harder irregularity,0.2,50,brits_mi_refined,BRITS-MI,0.6227459907531738,0.5407927613776493,1.0,500,50,,0.7251216700819672,0.7096129634805944,0.6053793283429844,0.8655097613882863,2.1223459243774414,12.435870885849,0.2
1200121,baseline_harder,Baseline harder irregularity,0.2,50,brits_mi_refined,BRITS-MI,0.5723884105682373,0.4889686862941368,1.0,500,50,,0.7528284072906499,0.7598170909223997,0.5933059190006693,0.8868131868131868,2.277272939682007,9.60670804977417,0.2
1200122,baseline_harder,Baseline harder irregularity,0.2,50,brits_mi_refined,BRITS-MI,0.6150890588760376,0.51701453963847,1.0,500,50,,0.7894711546163828,0.7932070922126725,0.5508337887098318,0.8961038961038961,2.246807336807251,9.714895248413086,0.2
1200123,baseline_harder,Baseline harder irregularity,0.2,50,brits_mi_refined,BRITS-MI,0.6031123399734497,0.5046909817918925,1.0,500,50,,0.8092589009287925,0.7898874511975595,0.5390065773405075,0.8639825897714908,2.2568247318267822,11.457222938537598,0.2
1200124,baseline_harder,Baseline harder irregularity,0.2,50,brits_mi_refined,BRITS-MI,0.5671113133430481,0.4809885588094736,1.0,500,50,,0.7427443808056986,0.7118905769501481,0.6098920669320068,0.8488499452354874,1.989116668701172,11.476113080978394,0.2
1200125,baseline_harder,Baseline harder irregularity,0.2,50,brits_mi_refined,BRITS-MI,0.6101044416427612,0.5088525740659373,1.0,500,50,,0.7647962367397879,0.7610208045064859,0.5825612910739648,0.8394241417497231,2.1554956436157227,10.536278009414673,0.2
1200126,baseline_harder,Baseline harder irregularity,0.2,50,brits_mi_refined,BRITS-MI,0.5675630569458008,0.4584323728013287,1.0,500,50,,0.8120999743983615,0.8099659970720976,0.541407640053161,0.8835690968443961,2.1149628162384033,12.454232215881348,0.2
1200127,baseline_harder,Baseline harder irregularity,0.2,50,brits_mi_refined,BRITS-MI,0.6256389617919922,0.5073044280853205,1.0,500,50,,0.7900649350649351,0.7433116710254395,0.5570383833410506,0.8413793103448276,2.164027214050293,17.508655786514282,0.2
1200128,baseline_harder,Baseline harder irregularity,0.2,50,brits_mi_refined,BRITS-MI,0.5874261856079102,0.4834437794482051,1.0,500,50,,0.7477997402972154,0.7386964460244683,0.5888980945801174,0.8848996832101372,2.1801698207855225,13.285385370254517,0.2
1200129,baseline_harder,Baseline harder irregularity,0.2,50,brits_mi_refined,BRITS-MI,0.5969261527061462,0.5111494768890962,1.0,500,50,,0.763163388197511,0.7398057942551801,0.5803969703694815,0.8545454545454545,2.0678787231445312,10.258997917175291,0.2
1200130,baseline_harder,Baseline harder irregularity,0.2,50,brits_mi_refined,BRITS-MI,0.5682100653648376,0.477422652024956,1.0,500,50,,0.7373628840849318,0.704837266716191,0.6017518836198874,0.864804469273743,2.10465669631958,10.781721115112305,0.2
1200131,baseline_harder,Baseline harder irregularity,0.2,50,brits_mi_refined,BRITS-MI,0.5968220233917236,0.492747922628375,1.0,500,50,,0.7498359763805988,0.7404925416247135,0.5892580339230421,0.9012345679012346,2.298628330230713,10.831454992294312,0.2
1200132,baseline_harder,Baseline harder irregularity,0.2,50,brits_mi_refined,BRITS-MI,0.5860552787780762,0.4899164201768088,1.0,500,50,,0.74818782474822,0.7141929184172073,0.5971013875290277,0.8914819136522754,2.396674633026123,9.720838069915771,0.2
1200133,baseline_harder,Baseline harder irregularity,0.2,50,brits_mi_refined,BRITS-MI,0.5984864830970764,0.4845941923715587,1.0,500,50,,0.8079086031034983,0.774246225701106,0.5414421796410308,0.8313679245283019,2.0735080242156982,10.527777910232544,0.2
1200134,baseline_harder,Baseline harder irregularity,0.2,50,brits_mi_refined,BRITS-MI,0.6002639532089233,0.5150685825164488,1.0,500,50,,0.764078683259735,0.7158303932165149,0.5995720717633116,0.8758099352051836,2.106938362121582,9.933279037475586,0.2
1200135,baseline_harder,Baseline harder irregularity,0.2,50,brits_mi_refined,BRITS-MI,0.6069276928901672,0.5191005686754672,1.0,500,50,,0.6992190000640164,0.6868652232907178,0.623943390676366,0.8649835345773875,2.231104612350464,8.89906096458435,0.2
1200136,baseline_harder,Baseline harder irregularity,0.2,50,brits_mi_refined,BRITS-MI,0.5799312591552734,0.4832744292854083,1.0,500,50,,0.8231949516304696,0.7797248379317795,0.5273998177680754,0.8707557502738226,2.176009178161621,11.00825309753418,0.2
1200137,baseline_harder,Baseline harder irregularity,0.2,50,brits_mi_refined,BRITS-MI,0.6124349236488342,0.502683534219074,1.0,500,50,,0.7603760568577433,0.7013251456590656,0.5871990309313369,0.8588754134509372,2.0858287811279297,11.303164958953856,0.2
1200138,baseline_harder,Baseline harder irregularity,0.2,50,brits_mi_refined,BRITS-MI,0.6032592058181763,0.5038689579201561,1.0,500,50,,0.8349202285129059,0.8026350620286367,0.5176483192907422,0.8469055374592834,2.170794725418091,10.913320064544678,0.2
1200139,baseline_harder,Baseline harder irregularity,0.2,50,brits_mi_refined,BRITS-MI,0.605209231376648,0.5065311655829594,1.0,500,50,,0.7448759180146882,0.7273607411411342,0.6026578534112749,0.8867924528301887,2.1467790603637695,11.972583055496216,0.2
1200140,baseline_harder,Baseline harder irregularity,0.2,50,brits_mi_refined,BRITS-MI,0.5952364206314087,0.4981887833409399,1.0,500,50,,0.7675820388271694,0.7417224745027706,0.5824272307258038,0.8943270300333704,2.1243784427642822,17.153677225112915,0.2
1200141,baseline_harder,Baseline harder irregularity,0.2,50,brits_mi_refined,BRITS-MI,0.6071349382400513,0.5131545874823014,1.0,500,50,,0.7880188028428872,0.7743208984202221,0.5570017068828106,0.8717105263157895,2.207058906555176,18.534185886383057,0.2
1200142,baseline_harder,Baseline harder irregularity,0.2,50,brits_mi_refined,BRITS-MI,0.5959687829017639,0.5064278707548854,1.0,500,50,,0.8124529932310253,0.7987664855599488,0.5337610007939713,0.8636363636363636,2.267515182495117,14.06814432144165,0.2
1200143,baseline_harder,Baseline harder irregularity,0.2,50,brits_mi_refined,BRITS-MI,0.6220478415489197,0.5302619432550898,1.0,500,50,,0.7555960895374326,0.7239913649413976,0.5888185020037049,0.8696629213483146,2.2064096927642822,14.77320408821106,0.2
1200144,baseline_harder,Baseline harder irregularity,0.2,50,brits_mi_refined,BRITS-MI,0.5900810956954956,0.4720976436543581,1.0,500,50,,0.6385869123645168,0.6119896561999967,0.6545254235369992,0.8413793103448276,2.033323287963867,15.79127597808838,0.2
1200145,baseline_harder,Baseline harder irregularity,0.2,50,brits_mi_refined,BRITS-MI,0.5910983085632324,0.495785786455169,1.0,500,50,,0.8135456365867837,0.7859519197063284,0.5338854553547779,0.8731428571428571,2.197878122329712,10.741021156311035,0.2
1200146,baseline_harder,Baseline harder irregularity,0.2,50,brits_mi_refined,BRITS-MI,0.5669236779212952,0.482887872109363,1.0,500,50,,0.7930884904569115,0.7416358166486376,0.5579809723640387,0.8660235798499464,2.1044487953186035,9.460250854492188,0.2
1200147,baseline_harder,Baseline harder irregularity,0.2,50,brits_mi_refined,BRITS-MI,0.6212559938430786,0.5192080707969471,1.0,500,50,,0.7626472848360656,0.733605460823771,0.593933780295445,0.8416184971098266,2.13527774810791,9.203732967376707,0.2
1200148,baseline_harder,Baseline harder irregularity,0.2,50,brits_mi_refined,BRITS-MI,0.5866283178329468,0.489528149800991,1.0,500,50,,0.7889235694277713,0.7769919796102568,0.5594440163554005,0.8917410714285714,2.3063464164733887,8.945649862289429,0.2
1200149,baseline_harder,Baseline harder irregularity,0.2,50,brits_mi_refined,BRITS-MI,0.5828609466552734,0.4767273503669966,1.0,500,50,,0.8243582969047734,0.795434440660113,0.5213017785927493,0.8790960451977401,2.150141954421997,9.17499589920044,0.2
1200150,baseline_harder,Baseline harder irregularity,0.2,50,brits_mi_refined,BRITS-MI,0.6144619584083557,0.5453928206713515,1.0,500,50,,0.7603205128205127,0.7230992018016559,0.5836369158730801,0.8410087719298246,2.113194227218628,9.166358709335327,0.2
1200151,baseline_harder,Baseline harder irregularity,0.2,50,brits_mi_refined,BRITS-MI,0.5702749490737915,0.4799869772524352,1.0,500,50,,0.7897274868229225,0.7697987975835454,0.5648510998508192,0.8933951332560834,2.168735980987549,10.767866849899292,0.2
1200152,baseline_harder,Baseline harder irregularity,0.2,50,brits_mi_refined,BRITS-MI,0.5702185034751892,0.4472389405241226,1.0,500,50,,0.6777615976700645,0.6581831130776165,0.643920709785185,0.8909512761020881,2.0524673461914062,10.110056161880491,0.2
1200153,baseline_harder,Baseline harder irregularity,0.2,50,brits_mi_refined,BRITS-MI,0.5953588485717773,0.512601802825957,1.0,500,50,,0.6868589897438359,0.6645726822544282,0.6345419116756483,0.8680089485458613,2.153404474258423,8.890921115875244,0.2
1200154,baseline_harder,Baseline harder irregularity,0.2,50,brits_mi_refined,BRITS-MI,0.5713450908660889,0.4787113613237493,1.0,500,50,,0.8034252391098864,0.7633560170479573,0.5573489234940657,0.899343544857768,2.255915403366089,10.04374885559082,0.2
1200155,baseline_harder,Baseline harder irregularity,0.2,50,brits_mi_refined,BRITS-MI,0.6009635925292969,0.5193479038518057,1.0,500,50,,0.7433173076923077,0.7101837894806783,0.5994537694963455,0.8249158249158249,2.128021478652954,9.06864881515503,0.2
1200156,baseline_harder,Baseline harder irregularity,0.2,50,brits_mi_refined,BRITS-MI,0.6332703232765198,0.5103826729076878,1.0,500,50,,0.7725676910498726,0.7445446837887955,0.5770060962847466,0.8473988439306358,2.2250990867614746,9.086830139160156,0.2
1200157,baseline_harder,Baseline harder irregularity,0.2,50,brits_mi_refined,BRITS-MI,0.5880407094955444,0.4874655206264646,1.0,500,50,,0.752880323563061,0.6966068386732343,0.5905008142373774,0.875,2.190832138061523,8.941861152648926,0.2
1200158,baseline_harder,Baseline harder irregularity,0.2,50,brits_mi_refined,BRITS-MI,0.5507516860961914,0.4731048585621636,1.0,500,50,,0.799551282051282,0.7870397634331041,0.5433986955309108,0.8974069898534386,2.168912172317505,8.641815900802612,0.2
1200159,baseline_harder,Baseline harder irregularity,0.2,50,brits_mi_refined,BRITS-MI,0.6516284346580505,0.5813292319467166,1.0,500,50,,0.6459463351413622,0.6728485603514942,0.649352111079197,0.8285101822079314,2.1346018314361572,10.846521139144896,0.2
1200160,baseline_harder,Baseline harder irregularity,0.2,50,brits_mi_refined,BRITS-MI,0.6125907897949219,0.5207116335323962,1.0,500,50,,0.8034077305301826,0.736678828452776,0.5418379099396324,0.8924611973392461,2.3323886394500732,9.776576042175291,0.2
1200161,baseline_harder,Baseline harder irregularity,0.2,50,brits_mi_refined,BRITS-MI,0.5968101620674133,0.4847145643595356,1.0,500,50,,0.6437648734843211,0.6129715341271711,0.6487515411833188,0.8738738738738738,2.1357979774475098,8.252075672149658,0.2
1200162,baseline_harder,Baseline harder irregularity,0.2,50,brits_mi_refined,BRITS-MI,0.6034232378005981,0.4938475562350701,1.0,500,50,,0.7539495798319329,0.69171094571097,0.5922021784327248,0.8435072142064373,2.0183377265930176,8.426831007003784,0.2
1200163,baseline_harder,Baseline harder irregularity,0.2,50,brits_mi_refined,BRITS-MI,0.5786120891571045,0.4792275054539513,1.0,500,50,,0.7440652341739578,0.7104960360401154,0.5956076884534134,0.8660612939841089,2.0879125595092773,7.103035926818848,0.2
1200164,baseline_harder,Baseline harder irregularity,0.2,50,brits_mi_refined,BRITS-MI,0.5578612089157104,0.4530316375155994,1.0,500,50,,0.8112352715163934,0.8002563849785341,0.5405198777413481,0.8950276243093923,2.167396306991577,7.9090588092803955,0.2
1200165,baseline_harder,Baseline harder irregularity,0.2,50,brits_mi_refined,BRITS-MI,0.593289852142334,0.4839522848038646,1.0,500,50,,0.7934726522187823,0.7532902390119907,0.5620563701722606,0.8898978433598184,2.0970520973205566,8.049113750457764,0.2
1200166,baseline_harder,Baseline harder irregularity,0.2,50,brits_mi_refined,BRITS-MI,0.5607935786247253,0.4710560488437652,1.0,500,50,,0.8446634615384616,0.8273313370777013,0.5110995526671721,0.9042316258351892,2.2294886112213135,8.53919506072998,0.2
1200167,baseline_harder,Baseline harder irregularity,0.2,50,brits_mi_refined,BRITS-MI,0.63506019115448,0.5221579556130298,1.0,500,50,,0.7568307322929172,0.7369004906353088,0.5863636007970259,0.8754246885617214,2.319387435913086,7.924826860427856,0.2
1200168,baseline_harder,Baseline harder irregularity,0.2,50,brits_mi_refined,BRITS-MI,0.599233865737915,0.5032229202360463,1.0,500,50,,0.7861864745898359,0.7535693796833953,0.5651660647668059,0.8773480662983425,2.1229312419891357,7.784279823303223,0.2
1200169,baseline_harder,Baseline harder irregularity,0.2,50,brits_mi_refined,BRITS-MI,0.5853034257888794,0.4723227142074864,1.0,500,50,,0.7669087353115631,0.7404190800497659,0.577444329475165,0.863689776733255,2.2045319080352783,9.338626146316528,0.2
1200170,baseline_harder,Baseline harder irregularity,0.2,50,brits_mi_refined,BRITS-MI,0.5745711922645569,0.4783970707949652,1.0,500,50,,0.8086179564778787,0.7857060851932415,0.5476898374010375,0.8456375838926175,2.1135737895965576,10.189046859741213,0.2
1200171,baseline_harder,Baseline harder irregularity,0.2,50,brits_mi_refined,BRITS-MI,0.6071997880935669,0.5142738864657035,1.0,500,50,,0.6539255702280912,0.6582487478191585,0.6477355254282545,0.8331503841931943,2.0256996154785156,12.169919967651367,0.2
1200172,baseline_harder,Baseline harder irregularity,0.2,50,brits_mi_refined,BRITS-MI,0.5982879400253296,0.5031879694700597,1.0,500,50,,0.7918049343529072,0.7815174229270393,0.5600556362689689,0.8837988826815643,2.3494386672973633,11.879684925079346,0.2
1200173,baseline_harder,Baseline harder irregularity,0.2,50,brits_mi_refined,BRITS-MI,0.5656555891036987,0.4781643764894344,1.0,500,50,,0.7805907172995781,0.7255520706305494,0.5752574547327864,0.8854961832061069,2.101273536682129,10.646493911743164,0.2
1200174,baseline_harder,Baseline harder irregularity,0.2,50,brits_mi_refined,BRITS-MI,0.6115192174911499,0.5083505117918807,1.0,500,50,,0.7462359397750365,0.7258403804241974,0.6060829009419648,0.8741573033707866,2.3497121334075928,9.466253995895386,0.2
1200175,baseline_harder,Baseline harder irregularity,0.2,50,brits_mi_refined,BRITS-MI,0.5778473615646362,0.4987208291345856,1.0,500,50,,0.7528890600924498,0.694667044596418,0.5883857734322807,0.8511326860841424,1.9764105081558228,8.45757007598877,0.2
1200176,baseline_harder,Baseline harder irregularity,0.2,50,brits_mi_refined,BRITS-MI,0.6137462854385376,0.5250121081475199,1.0,500,50,,0.7823060675883258,0.7501809274572722,0.5690469756729941,0.8826695371367062,2.1855380535125732,9.153992891311646,0.2
1200177,baseline_harder,Baseline harder irregularity,0.2,50,brits_mi_refined,BRITS-MI,0.6200015544891357,0.5265143313825019,1.0,500,50,,0.8145807941497208,0.7825820382102215,0.5376530606994608,0.8946188340807175,2.464116334915161,8.00908899307251,0.2
1200178,baseline_harder,Baseline harder irregularity,0.2,50,brits_mi_refined,BRITS-MI,0.595538318157196,0.490175297865175,1.0,500,50,,0.7644720178265121,0.7104944911128546,0.5965880183096252,0.8876889848812095,2.2206032276153564,7.63720703125,0.2
1200179,baseline_harder,Baseline harder irregularity,0.2,50,brits_mi_refined,BRITS-MI,0.5901651382446289,0.508720366370179,1.0,500,50,,0.7623559210631782,0.7256902889281833,0.5903569025557033,0.8378970427163198,1.9930042028427124,10.039135932922363,0.2
1200180,baseline_harder,Baseline harder irregularity,0.2,50,brits_mi_refined,BRITS-MI,0.6104487180709839,0.5202600968373627,1.0,500,50,,0.806494957180554,0.7487903698770272,0.5457981131352934,0.8443960826985855,2.0045440196990967,16.04836368560791,0.2
1200181,baseline_harder,Baseline harder irregularity,0.2,50,brits_mi_refined,BRITS-MI,0.5971325635910034,0.5260325887250357,1.0,500,50,,0.7524326227514243,0.7314057196588318,0.5935684643914987,0.8618490967056323,2.1017768383026123,11.58545422554016,0.2
1200182,baseline_harder,Baseline harder irregularity,0.2,50,brits_mi_refined,BRITS-MI,0.5845201015472412,0.491879507227222,1.0,500,50,,0.7310191409000705,0.7045599538522999,0.6077272203799804,0.8940914158305463,2.3174238204956055,9.33528184890747,0.2
1200183,baseline_harder,Baseline harder irregularity,0.2,50,brits_mi_refined,BRITS-MI,0.6246950626373291,0.5074958662976662,1.0,500,50,,0.6104320797785368,0.5380700760893252,0.6809286623862344,0.8286985539488321,2.118081331253052,8.46747899055481,0.2
1200184,baseline_harder,Baseline harder irregularity,0.2,50,brits_mi_refined,BRITS-MI,0.614301860332489,0.5211396199095628,1.0,500,50,,0.7744631791324397,0.7413140621845908,0.5727266565826362,0.8569807037457434,2.0973525047302246,8.847456932067871,0.2
1200185,baseline_harder,Baseline harder irregularity,0.2,50,brits_mi_refined,BRITS-MI,0.5671506524085999,0.4812053499355801,1.0,500,50,,0.776857506566332,0.7134430295386096,0.5756697818277597,0.8700873362445415,2.235349416732788,7.659611225128174,0.2
1200186,baseline_harder,Baseline harder irregularity,0.2,50,brits_mi_refined,BRITS-MI,0.5625105500221252,0.4755480897660384,1.0,500,50,,0.7900062843423193,0.718719853392965,0.5601533815319585,0.8973774230330672,2.233125686645508,8.97268009185791,0.2
1200187,baseline_harder,Baseline harder irregularity,0.2,50,brits_mi_refined,BRITS-MI,0.5746722221374512,0.482808429852459,1.0,500,50,,0.7673705339221196,0.7301985488990131,0.5758014191839803,0.878987898789879,2.1726815700531006,11.804007053375244,0.2
1200188,baseline_harder,Baseline harder irregularity,0.2,50,brits_mi_refined,BRITS-MI,0.5779843330383301,0.4927078728560785,1.0,500,50,,0.8392407701309736,0.8091918400862528,0.5104582969397494,0.8899470899470899,2.345787763595581,9.351695775985718,0.2
1200189,baseline_harder,Baseline harder irregularity,0.2,50,brits_mi_refined,BRITS-MI,0.6171847581863403,0.5209985531571287,1.0,500,50,,0.7477280000000001,0.7300971952750374,0.5968376160523504,0.8508670520231214,2.2038371562957764,9.962820768356323,0.2
1200190,baseline_harder,Baseline harder irregularity,0.2,50,brits_mi_refined,BRITS-MI,0.6183545589447021,0.5154923645318551,1.0,500,50,,0.7583139233954451,0.7228523318291156,0.5880792521273962,0.8451327433628318,2.1632626056671143,12.846593141555786,0.2
1200191,baseline_harder,Baseline harder irregularity,0.2,50,brits_mi_refined,BRITS-MI,0.5994951725006104,0.4888230399615654,1.0,500,50,,0.7402480992396958,0.7344049861431311,0.5978511039124113,0.8585858585858586,2.162118911743164,12.770490169525146,0.2
1200192,baseline_harder,Baseline harder irregularity,0.2,50,brits_mi_refined,BRITS-MI,0.5712903141975403,0.4635726983785569,1.0,500,50,,0.7731844846357594,0.693281752743362,0.586494308990187,0.8812989921612542,2.092237949371338,10.381680011749268,0.2
1200193,baseline_harder,Baseline harder irregularity,0.2,50,brits_mi_refined,BRITS-MI,0.6243718862533569,0.5654055410642815,1.0,500,50,,0.756193585557903,0.7501695706490029,0.5811380102718222,0.8528784648187633,2.0788238048553467,9.433024883270264,0.2
1200194,baseline_harder,Baseline harder irregularity,0.2,50,brits_mi_refined,BRITS-MI,0.6120139360427856,0.519604502940295,1.0,500,50,,0.6136043308347747,0.5953680964702063,0.6836947629572362,0.8903654485049833,2.376934766769409,9.011471033096312,0.2
1200195,baseline_harder,Baseline harder irregularity,0.2,50,brits_mi_refined,BRITS-MI,0.6150104999542236,0.528743944916419,1.0,500,50,,0.7896153414825614,0.7818285011435582,0.5622366418864226,0.8548571428571429,2.1251628398895264,8.036233901977539,0.2
1200196,baseline_harder,Baseline harder irregularity,0.2,50,brits_mi_refined,BRITS-MI,0.5689577460289001,0.4985748252333672,1.0,500,50,,0.7664590675743091,0.740101453826033,0.583575122741321,0.9213973799126638,2.3479983806610107,7.86578631401062,0.2
1200197,baseline_harder,Baseline harder irregularity,0.2,50,brits_mi_refined,BRITS-MI,0.630859911441803,0.5455345977391197,1.0,500,50,,0.7623565861451322,0.711774749901964,0.6033633491967523,0.8029782359679267,2.0515332221984863,8.172785758972168,0.2
1200198,baseline_harder,Baseline harder irregularity,0.2,50,brits_mi_refined,BRITS-MI,0.596392810344696,0.4851410617015532,1.0,500,50,,0.7796634615384616,0.7771213860054136,0.5566748085603176,0.8672985781990521,2.2028849124908447,7.5771989822387695,0.2
1200199,baseline_harder,Baseline harder irregularity,0.2,50,brits_mi_refined,BRITS-MI,0.6011720895767212,0.5082153491275082,1.0,500,50,,0.7834568177817606,0.7918030673446965,0.5646930932733201,0.8620689655172413,2.1859030723571777,8.759299039840698,0.2
1200000,baseline_harder,Baseline harder irregularity,0.2,50,mice,MICE,0.7428437127108499,0.5662922533945896,1.0,500,50,,,,,,,,0.2
1200001,baseline_harder,Baseline harder irregularity,0.2,50,mice,MICE,0.709994739132724,0.599898581948286,1.0,500,50,,,,,,,,0.2
1200002,baseline_harder,Baseline harder irregularity,0.2,50,mice,MICE,0.7492930553153071,0.5823438068957713,1.0,500,50,,,,,,,,0.2
1200003,baseline_harder,Baseline harder irregularity,0.2,50,mice,MICE,0.751722726125965,0.5899936374738051,1.0,500,50,,,,,,,,0.2
1200004,baseline_harder,Baseline harder irregularity,0.2,50,mice,MICE,0.7726505982835624,0.6335657068837188,1.0,500,50,,,,,,,,0.2
1200005,baseline_harder,Baseline harder irregularity,0.2,50,mice,MICE,0.7692936800603667,0.6955767998073866,1.0,500,50,,,,,,,,0.2
1200006,baseline_harder,Baseline harder irregularity,0.2,50,mice,MICE,0.7841304819096844,0.618369934630173,1.0,500,50,,,,,,,,0.2
1200007,baseline_harder,Baseline harder irregularity,0.2,50,mice,MICE,0.7967192152245223,0.6741213581233279,1.0,500,50,,,,,,,,0.2
1200008,baseline_harder,Baseline harder irregularity,0.2,50,mice,MICE,0.8551118653118953,0.7461793609466509,1.0,500,50,,,,,,,,0.2
1200009,baseline_harder,Baseline harder irregularity,0.2,50,mice,MICE,0.7099353846225156,0.5631097703856216,1.0,500,50,,,,,,,,0.2
1200010,baseline_harder,Baseline harder irregularity,0.2,50,mice,MICE,0.8195930264099717,0.7489731149016344,1.0,500,50,,,,,,,,0.2
1200011,baseline_harder,Baseline harder irregularity,0.2,50,mice,MICE,0.7396801159778659,0.6482194799924001,1.0,500,50,,,,,,,,0.2
1200012,baseline_harder,Baseline harder irregularity,0.2,50,mice,MICE,0.8611057985299125,0.7095206444636136,1.0,500,50,,,,,,,,0.2
1200013,baseline_harder,Baseline harder irregularity,0.2,50,mice,MICE,0.7569795349661672,0.6643720490822514,1.0,500,50,,,,,,,,0.2
1200014,baseline_harder,Baseline harder irregularity,0.2,50,mice,MICE,0.8419425209879308,0.6499312991799614,1.0,500,50,,,,,,,,0.2
1200015,baseline_harder,Baseline harder irregularity,0.2,50,mice,MICE,0.797232136172902,0.6395030353021858,1.0,500,50,,,,,,,,0.2
1200016,baseline_harder,Baseline harder irregularity,0.2,50,mice,MICE,0.7344419415466631,0.5944415961804891,1.0,500,50,,,,,,,,0.2
1200017,baseline_harder,Baseline harder irregularity,0.2,50,mice,MICE,0.8044275112602469,0.6728618487366844,1.0,500,50,,,,,,,,0.2
1200018,baseline_harder,Baseline harder irregularity,0.2,50,mice,MICE,0.7744638369317207,0.6362806045619812,1.0,500,50,,,,,,,,0.2
1200019,baseline_harder,Baseline harder irregularity,0.2,50,mice,MICE,0.8329756278775352,0.6779236573373045,1.0,500,50,,,,,,,,0.2
1200020,baseline_harder,Baseline harder irregularity,0.2,50,mice,MICE,0.9195135589146268,0.8103998573936678,1.0,500,50,,,,,,,,0.2
1200021,baseline_harder,Baseline harder irregularity,0.2,50,mice,MICE,0.7243206370689724,0.5880513236494194,1.0,500,50,,,,,,,,0.2
1200022,baseline_harder,Baseline harder irregularity,0.2,50,mice,MICE,0.7779621794916912,0.6193496957354652,1.0,500,50,,,,,,,,0.2
1200023,baseline_harder,Baseline harder irregularity,0.2,50,mice,MICE,0.8065632526910946,0.6640956298420186,1.0,500,50,,,,,,,,0.2
1200024,baseline_harder,Baseline harder irregularity,0.2,50,mice,MICE,0.6985497793925651,0.5816171320796144,1.0,500,50,,,,,,,,0.2
1200025,baseline_harder,Baseline harder irregularity,0.2,50,mice,MICE,0.8200932943384863,0.7259220398394235,1.0,500,50,,,,,,,,0.2
1200026,baseline_harder,Baseline harder irregularity,0.2,50,mice,MICE,0.8632404111027611,0.7325553626147872,1.0,500,50,,,,,,,,0.2
1200027,baseline_harder,Baseline harder irregularity,0.2,50,mice,MICE,0.7422925545206055,0.61977637213561,1.0,500,50,,,,,,,,0.2
1200028,baseline_harder,Baseline harder irregularity,0.2,50,mice,MICE,0.8271225276354846,0.7605928827397996,1.0,500,50,,,,,,,,0.2
1200029,baseline_harder,Baseline harder irregularity,0.2,50,mice,MICE,0.7341132161775371,0.6577774222169294,1.0,500,50,,,,,,,,0.2
1200030,baseline_harder,Baseline harder irregularity,0.2,50,mice,MICE,0.7886245512786789,0.686514622451912,1.0,500,50,,,,,,,,0.2
1200031,baseline_harder,Baseline harder irregularity,0.2,50,mice,MICE,0.7938120571004513,0.6150751671246083,1.0,500,50,,,,,,,,0.2
1200032,baseline_harder,Baseline harder irregularity,0.2,50,mice,MICE,0.7982193115968715,0.6722333189557231,1.0,500,50,,,,,,,,0.2
1200033,baseline_harder,Baseline harder irregularity,0.2,50,mice,MICE,0.7307582813125767,0.5978675182650255,1.0,500,50,,,,,,,,0.2
1200034,baseline_harder,Baseline harder irregularity,0.2,50,mice,MICE,0.8101798583001704,0.6876367953201001,1.0,500,50,,,,,,,,0.2
1200035,baseline_harder,Baseline harder irregularity,0.2,50,mice,MICE,0.8805294470590326,0.7569904716610025,1.0,500,50,,,,,,,,0.2
1200036,baseline_harder,Baseline harder irregularity,0.2,50,mice,MICE,0.8004538079613177,0.6436988037518319,1.0,500,50,,,,,,,,0.2
1200037,baseline_harder,Baseline harder irregularity,0.2,50,mice,MICE,0.8142132519613322,0.6934127260272802,1.0,500,50,,,,,,,,0.2
1200038,baseline_harder,Baseline harder irregularity,0.2,50,mice,MICE,0.7936937609053689,0.6516961758699102,1.0,500,50,,,,,,,,0.2
1200039,baseline_harder,Baseline harder irregularity,0.2,50,mice,MICE,0.9442846585259084,0.8580969725234604,1.0,500,50,,,,,,,,0.2
1200040,baseline_harder,Baseline harder irregularity,0.2,50,mice,MICE,0.7509722030320509,0.6392044777024977,1.0,500,50,,,,,,,,0.2
1200041,baseline_harder,Baseline harder irregularity,0.2,50,mice,MICE,0.863961697908548,0.7155741091515547,1.0,500,50,,,,,,,,0.2
1200042,baseline_harder,Baseline harder irregularity,0.2,50,mice,MICE,0.915496247675106,0.8246121318842053,1.0,500,50,,,,,,,,0.2
1200043,baseline_harder,Baseline harder irregularity,0.2,50,mice,MICE,0.8018951943559639,0.6308728984456661,1.0,500,50,,,,,,,,0.2
1200044,baseline_harder,Baseline harder irregularity,0.2,50,mice,MICE,0.7818357362940112,0.6182854851814221,1.0,500,50,,,,,,,,0.2
1200045,baseline_harder,Baseline harder irregularity,0.2,50,mice,MICE,0.7603647934398128,0.6012051070349167,1.0,500,50,,,,,,,,0.2
1200046,baseline_harder,Baseline harder irregularity,0.2,50,mice,MICE,0.7837396267971992,0.6191426741660044,1.0,500,50,,,,,,,,0.2
1200047,baseline_harder,Baseline harder irregularity,0.2,50,mice,MICE,0.7333926723082171,0.6342679777967706,1.0,500,50,,,,,,,,0.2
1200048,baseline_harder,Baseline harder irregularity,0.2,50,mice,MICE,0.8405846064918722,0.7198480747233141,1.0,500,50,,,,,,,,0.2
1200049,baseline_harder,Baseline harder irregularity,0.2,50,mice,MICE,0.7249341743359619,0.6330997070773207,1.0,500,50,,,,,,,,0.2
1200050,baseline_harder,Baseline harder irregularity,0.2,50,mice,MICE,0.737349908496472,0.6296274779751692,1.0,500,50,,,,,,,,0.2
1200051,baseline_harder,Baseline harder irregularity,0.2,50,mice,MICE,0.7831429239179748,0.6347129390759799,1.0,500,50,,,,,,,,0.2
1200052,baseline_harder,Baseline harder irregularity,0.2,50,mice,MICE,0.7194164267068459,0.5752385903218473,1.0,500,50,,,,,,,,0.2
1200053,baseline_harder,Baseline harder irregularity,0.2,50,mice,MICE,0.777114521012472,0.6494328865990011,1.0,500,50,,,,,,,,0.2
1200054,baseline_harder,Baseline harder irregularity,0.2,50,mice,MICE,0.7641192878914229,0.632499010937489,1.0,500,50,,,,,,,,0.2
1200055,baseline_harder,Baseline harder irregularity,0.2,50,mice,MICE,0.6968091337193539,0.4866976915060506,1.0,500,50,,,,,,,,0.2
1200056,baseline_harder,Baseline harder irregularity,0.2,50,mice,MICE,0.9550216306914608,0.863310284574269,1.0,500,50,,,,,,,,0.2
1200057,baseline_harder,Baseline harder irregularity,0.2,50,mice,MICE,0.8731239998813326,0.7639283530148088,1.0,500,50,,,,,,,,0.2
1200058,baseline_harder,Baseline harder irregularity,0.2,50,mice,MICE,0.7289395751076571,0.6383983515124781,1.0,500,50,,,,,,,,0.2
1200059,baseline_harder,Baseline harder irregularity,0.2,50,mice,MICE,0.7916366724732254,0.667286439609802,1.0,500,50,,,,,,,,0.2
1200060,baseline_harder,Baseline harder irregularity,0.2,50,mice,MICE,0.7051988609756137,0.573673431601006,1.0,500,50,,,,,,,,0.2
1200061,baseline_harder,Baseline harder irregularity,0.2,50,mice,MICE,0.8394813005064516,0.762384638547318,1.0,500,50,,,,,,,,0.2
1200062,baseline_harder,Baseline harder irregularity,0.2,50,mice,MICE,0.7322782785627766,0.6071203875514104,1.0,500,50,,,,,,,,0.2
1200063,baseline_harder,Baseline harder irregularity,0.2,50,mice,MICE,0.7845946601894126,0.6389213265037587,1.0,500,50,,,,,,,,0.2
1200064,baseline_harder,Baseline harder irregularity,0.2,50,mice,MICE,0.866493896623342,0.7410685193511276,1.0,500,50,,,,,,,,0.2
1200065,baseline_harder,Baseline harder irregularity,0.2,50,mice,MICE,0.7815250713378855,0.6792235964181708,1.0,500,50,,,,,,,,0.2
1200066,baseline_harder,Baseline harder irregularity,0.2,50,mice,MICE,0.7621689091793765,0.6648694577869875,1.0,500,50,,,,,,,,0.2
1200067,baseline_harder,Baseline harder irregularity,0.2,50,mice,MICE,0.7653224343307208,0.6759231261159984,1.0,500,50,,,,,,,,0.2
1200068,baseline_harder,Baseline harder irregularity,0.2,50,mice,MICE,0.9264924615624812,0.8092819494502741,1.0,500,50,,,,,,,,0.2
1200069,baseline_harder,Baseline harder irregularity,0.2,50,mice,MICE,0.8102557507248841,0.6060221958022716,1.0,500,50,,,,,,,,0.2
1200070,baseline_harder,Baseline harder irregularity,0.2,50,mice,MICE,0.9560996224624284,0.8231717173416423,1.0,500,50,,,,,,,,0.2
1200071,baseline_harder,Baseline harder irregularity,0.2,50,mice,MICE,0.7695833437907935,0.6248990219477897,1.0,500,50,,,,,,,,0.2
1200072,baseline_harder,Baseline harder irregularity,0.2,50,mice,MICE,0.7196343987977828,0.5950703437080975,1.0,500,50,,,,,,,,0.2
1200073,baseline_harder,Baseline harder irregularity,0.2,50,mice,MICE,0.9140206912997378,0.843991673686317,1.0,500,50,,,,,,,,0.2
1200074,baseline_harder,Baseline harder irregularity,0.2,50,mice,MICE,0.7331960014166149,0.6460270126347202,1.0,500,50,,,,,,,,0.2
1200075,baseline_harder,Baseline harder irregularity,0.2,50,mice,MICE,0.8355886151943873,0.7044055065897483,1.0,500,50,,,,,,,,0.2
1200076,baseline_harder,Baseline harder irregularity,0.2,50,mice,MICE,0.7921513558451244,0.6738439332868832,1.0,500,50,,,,,,,,0.2
1200077,baseline_harder,Baseline harder irregularity,0.2,50,mice,MICE,0.8616164874129414,0.7122464765164268,1.0,500,50,,,,,,,,0.2
1200078,baseline_harder,Baseline harder irregularity,0.2,50,mice,MICE,0.8240882504466807,0.6819664926005816,1.0,500,50,,,,,,,,0.2
1200079,baseline_harder,Baseline harder irregularity,0.2,50,mice,MICE,0.7701437682656364,0.668004357342662,1.0,500,50,,,,,,,,0.2
1200080,baseline_harder,Baseline harder irregularity,0.2,50,mice,MICE,0.7975605196814685,0.6850324849825549,1.0,500,50,,,,,,,,0.2
1200081,baseline_harder,Baseline harder irregularity,0.2,50,mice,MICE,0.7932062970921547,0.6317083737072442,1.0,500,50,,,,,,,,0.2
1200082,baseline_harder,Baseline harder irregularity,0.2,50,mice,MICE,0.6858209340825769,0.569355858008837,1.0,500,50,,,,,,,,0.2
1200083,baseline_harder,Baseline harder irregularity,0.2,50,mice,MICE,0.8075020832393467,0.6447526867410304,1.0,500,50,,,,,,,,0.2
1200084,baseline_harder,Baseline harder irregularity,0.2,50,mice,MICE,0.7216521088531139,0.5805057648345108,1.0,500,50,,,,,,,,0.2
1200085,baseline_harder,Baseline harder irregularity,0.2,50,mice,MICE,0.8532451170808826,0.697696914728113,1.0,500,50,,,,,,,,0.2
1200086,baseline_harder,Baseline harder irregularity,0.2,50,mice,MICE,0.819658887975804,0.6865998095116134,1.0,500,50,,,,,,,,0.2
1200087,baseline_harder,Baseline harder irregularity,0.2,50,mice,MICE,0.6912767930950933,0.564692707045605,1.0,500,50,,,,,,,,0.2
1200088,baseline_harder,Baseline harder irregularity,0.2,50,mice,MICE,0.7819227266946613,0.7013366482376164,1.0,500,50,,,,,,,,0.2
1200089,baseline_harder,Baseline harder irregularity,0.2,50,mice,MICE,0.8490838283582451,0.6845055063872935,1.0,500,50,,,,,,,,0.2
1200090,baseline_harder,Baseline harder irregularity,0.2,50,mice,MICE,0.8279423086725953,0.7262882672566006,1.0,500,50,,,,,,,,0.2
1200091,baseline_harder,Baseline harder irregularity,0.2,50,mice,MICE,0.8208785206480679,0.6856189642894783,1.0,500,50,,,,,,,,0.2
1200092,baseline_harder,Baseline harder irregularity,0.2,50,mice,MICE,0.749736783524901,0.6214316516400732,1.0,500,50,,,,,,,,0.2
1200093,baseline_harder,Baseline harder irregularity,0.2,50,mice,MICE,0.7478900313131195,0.5917443541337355,1.0,500,50,,,,,,,,0.2
1200094,baseline_harder,Baseline harder irregularity,0.2,50,mice,MICE,0.7785453383385689,0.6654519415260606,1.0,500,50,,,,,,,,0.2
1200095,baseline_harder,Baseline harder irregularity,0.2,50,mice,MICE,0.815868865621327,0.7047257905604222,1.0,500,50,,,,,,,,0.2
1200096,baseline_harder,Baseline harder irregularity,0.2,50,mice,MICE,0.6732230209616452,0.5386562795685348,1.0,500,50,,,,,,,,0.2
1200097,baseline_harder,Baseline harder irregularity,0.2,50,mice,MICE,0.8770453177167157,0.77351064413539,1.0,500,50,,,,,,,,0.2
1200098,baseline_harder,Baseline harder irregularity,0.2,50,mice,MICE,0.7100298636875894,0.5748309633378142,1.0,500,50,,,,,,,,0.2
1200099,baseline_harder,Baseline harder irregularity,0.2,50,mice,MICE,0.7338895497952374,0.6200034522819461,1.0,500,50,,,,,,,,0.2
1200100,baseline_harder,Baseline harder irregularity,0.2,50,mice,MICE,0.7794935882151994,0.6974126092733302,1.0,500,50,,,,,,,,0.2
1200101,baseline_harder,Baseline harder irregularity,0.2,50,mice,MICE,0.7454910486568457,0.6056848575646274,1.0,500,50,,,,,,,,0.2
1200102,baseline_harder,Baseline harder irregularity,0.2,50,mice,MICE,0.7780619499564742,0.6296731647975913,1.0,500,50,,,,,,,,0.2
1200103,baseline_harder,Baseline harder irregularity,0.2,50,mice,MICE,0.8319648728402552,0.6887409995495837,1.0,500,50,,,,,,,,0.2
1200104,baseline_harder,Baseline harder irregularity,0.2,50,mice,MICE,0.7686083877523199,0.636426731698325,1.0,500,50,,,,,,,,0.2
1200105,baseline_harder,Baseline harder irregularity,0.2,50,mice,MICE,0.8243238782547465,0.7134844163447973,1.0,500,50,,,,,,,,0.2
1200106,baseline_harder,Baseline harder irregularity,0.2,50,mice,MICE,0.7433078225899978,0.5886358987724785,1.0,500,50,,,,,,,,0.2
1200107,baseline_harder,Baseline harder irregularity,0.2,50,mice,MICE,0.761600496773399,0.6211366730157856,1.0,500,50,,,,,,,,0.2
1200108,baseline_harder,Baseline harder irregularity,0.2,50,mice,MICE,0.7939698324139969,0.6735345219120349,1.0,500,50,,,,,,,,0.2
1200109,baseline_harder,Baseline harder irregularity,0.2,50,mice,MICE,0.7650620008873508,0.5840643985384962,1.0,500,50,,,,,,,,0.2
1200110,baseline_harder,Baseline harder irregularity,0.2,50,mice,MICE,0.7742436184389563,0.685910397288139,1.0,500,50,,,,,,,,0.2
1200111,baseline_harder,Baseline harder irregularity,0.2,50,mice,MICE,0.837564433004524,0.7351740421591638,1.0,500,50,,,,,,,,0.2
1200112,baseline_harder,Baseline harder irregularity,0.2,50,mice,MICE,0.8764629667382043,0.7160855852645205,1.0,500,50,,,,,,,,0.2
1200113,baseline_harder,Baseline harder irregularity,0.2,50,mice,MICE,0.7806173086366333,0.6102144181020672,1.0,500,50,,,,,,,,0.2
1200114,baseline_harder,Baseline harder irregularity,0.2,50,mice,MICE,0.928120543061361,0.8499684666197004,1.0,500,50,,,,,,,,0.2
1200115,baseline_harder,Baseline harder irregularity,0.2,50,mice,MICE,0.8366869034004243,0.7349723884706092,1.0,500,50,,,,,,,,0.2
1200116,baseline_harder,Baseline harder irregularity,0.2,50,mice,MICE,0.7916150724389608,0.703302005152069,1.0,500,50,,,,,,,,0.2
1200117,baseline_harder,Baseline harder irregularity,0.2,50,mice,MICE,0.830514997138305,0.6905957415611844,1.0,500,50,,,,,,,,0.2
1200118,baseline_harder,Baseline harder irregularity,0.2,50,mice,MICE,0.7832156080449736,0.6362832834396486,1.0,500,50,,,,,,,,0.2
1200119,baseline_harder,Baseline harder irregularity,0.2,50,mice,MICE,0.7302835457939851,0.6256705625425749,1.0,500,50,,,,,,,,0.2
1200120,baseline_harder,Baseline harder irregularity,0.2,50,mice,MICE,0.7790962436479345,0.6332150606643236,1.0,500,50,,,,,,,,0.2
1200121,baseline_harder,Baseline harder irregularity,0.2,50,mice,MICE,0.7631623055595825,0.5937683177554378,1.0,500,50,,,,,,,,0.2
1200122,baseline_harder,Baseline harder irregularity,0.2,50,mice,MICE,0.7607407479336613,0.6495071231006061,1.0,500,50,,,,,,,,0.2
1200123,baseline_harder,Baseline harder irregularity,0.2,50,mice,MICE,0.8258679913446679,0.7013976202806551,1.0,500,50,,,,,,,,0.2
1200124,baseline_harder,Baseline harder irregularity,0.2,50,mice,MICE,0.7196299871458527,0.6117909367691889,1.0,500,50,,,,,,,,0.2
1200125,baseline_harder,Baseline harder irregularity,0.2,50,mice,MICE,0.7859311388122359,0.6395255085378394,1.0,500,50,,,,,,,,0.2
1200126,baseline_harder,Baseline harder irregularity,0.2,50,mice,MICE,0.7625504598065673,0.6263854892421762,1.0,500,50,,,,,,,,0.2
1200127,baseline_harder,Baseline harder irregularity,0.2,50,mice,MICE,0.8232595218026899,0.700608966850262,1.0,500,50,,,,,,,,0.2
1200128,baseline_harder,Baseline harder irregularity,0.2,50,mice,MICE,0.8958822128372037,0.8091430012349344,1.0,500,50,,,,,,,,0.2
1200129,baseline_harder,Baseline harder irregularity,0.2,50,mice,MICE,0.7902684802424866,0.7085533602238487,1.0,500,50,,,,,,,,0.2
1200130,baseline_harder,Baseline harder irregularity,0.2,50,mice,MICE,0.8206905988915861,0.7045597105694742,1.0,500,50,,,,,,,,0.2
1200131,baseline_harder,Baseline harder irregularity,0.2,50,mice,MICE,0.8056592409653619,0.6615943699096632,1.0,500,50,,,,,,,,0.2
1200132,baseline_harder,Baseline harder irregularity,0.2,50,mice,MICE,0.7690567744648693,0.5925066536862975,1.0,500,50,,,,,,,,0.2
1200133,baseline_harder,Baseline harder irregularity,0.2,50,mice,MICE,0.8500815401939346,0.751018240534765,1.0,500,50,,,,,,,,0.2
1200134,baseline_harder,Baseline harder irregularity,0.2,50,mice,MICE,0.7068556727444911,0.5693706085021086,1.0,500,50,,,,,,,,0.2
1200135,baseline_harder,Baseline harder irregularity,0.2,50,mice,MICE,0.8567950178575546,0.6889557794172568,1.0,500,50,,,,,,,,0.2
1200136,baseline_harder,Baseline harder irregularity,0.2,50,mice,MICE,0.8686787722970004,0.7331956394440389,1.0,500,50,,,,,,,,0.2
1200137,baseline_harder,Baseline harder irregularity,0.2,50,mice,MICE,0.7010392132275376,0.5791240560837524,1.0,500,50,,,,,,,,0.2
1200138,baseline_harder,Baseline harder irregularity,0.2,50,mice,MICE,0.7554642672670443,0.6370107536710681,1.0,500,50,,,,,,,,0.2
1200139,baseline_harder,Baseline harder irregularity,0.2,50,mice,MICE,0.8173671225670563,0.7270822970952247,1.0,500,50,,,,,,,,0.2
1200140,baseline_harder,Baseline harder irregularity,0.2,50,mice,MICE,0.717655040528036,0.6313391728940331,1.0,500,50,,,,,,,,0.2
1200141,baseline_harder,Baseline harder irregularity,0.2,50,mice,MICE,0.7127614423717831,0.5681238107501141,1.0,500,50,,,,,,,,0.2
1200142,baseline_harder,Baseline harder irregularity,0.2,50,mice,MICE,0.7076217999697152,0.618721561079464,1.0,500,50,,,,,,,,0.2
1200143,baseline_harder,Baseline harder irregularity,0.2,50,mice,MICE,0.7677570715857578,0.6567902889403637,1.0,500,50,,,,,,,,0.2
1200144,baseline_harder,Baseline harder irregularity,0.2,50,mice,MICE,0.8430781473984289,0.7502083499948304,1.0,500,50,,,,,,,,0.2
1200145,baseline_harder,Baseline harder irregularity,0.2,50,mice,MICE,0.8197225740904034,0.7169975212069334,1.0,500,50,,,,,,,,0.2
1200146,baseline_harder,Baseline harder irregularity,0.2,50,mice,MICE,0.6811820563719067,0.545267756419506,1.0,500,50,,,,,,,,0.2
1200147,baseline_harder,Baseline harder irregularity,0.2,50,mice,MICE,0.8805861055327154,0.7549795451490051,1.0,500,50,,,,,,,,0.2
1200148,baseline_harder,Baseline harder irregularity,0.2,50,mice,MICE,0.7842515225114117,0.6385340286229644,1.0,500,50,,,,,,,,0.2
1200149,baseline_harder,Baseline harder irregularity,0.2,50,mice,MICE,0.7495468576846372,0.5759784917894687,1.0,500,50,,,,,,,,0.2
1200150,baseline_harder,Baseline harder irregularity,0.2,50,mice,MICE,0.8773303839434718,0.8010987952026002,1.0,500,50,,,,,,,,0.2
1200151,baseline_harder,Baseline harder irregularity,0.2,50,mice,MICE,0.7206066122260287,0.6052023186652505,1.0,500,50,,,,,,,,0.2
1200152,baseline_harder,Baseline harder irregularity,0.2,50,mice,MICE,0.7448850064558526,0.5806001115194923,1.0,500,50,,,,,,,,0.2
1200153,baseline_harder,Baseline harder irregularity,0.2,50,mice,MICE,0.8060730867667372,0.7141468544978594,1.0,500,50,,,,,,,,0.2
1200154,baseline_harder,Baseline harder irregularity,0.2,50,mice,MICE,0.7010682140482851,0.586484354623665,1.0,500,50,,,,,,,,0.2
1200155,baseline_harder,Baseline harder irregularity,0.2,50,mice,MICE,0.9126692706619806,0.7530304244220499,1.0,500,50,,,,,,,,0.2
1200156,baseline_harder,Baseline harder irregularity,0.2,50,mice,MICE,0.9842373584204652,0.7783592445630118,1.0,500,50,,,,,,,,0.2
1200157,baseline_harder,Baseline harder irregularity,0.2,50,mice,MICE,0.8070435386537083,0.6585932457391865,1.0,500,50,,,,,,,,0.2
1200158,baseline_harder,Baseline harder irregularity,0.2,50,mice,MICE,0.7929783776081479,0.6640341797400164,1.0,500,50,,,,,,,,0.2
1200159,baseline_harder,Baseline harder irregularity,0.2,50,mice,MICE,0.8765751837191791,0.8008786442228288,1.0,500,50,,,,,,,,0.2
1200160,baseline_harder,Baseline harder irregularity,0.2,50,mice,MICE,0.7824054983729366,0.6554630471313614,1.0,500,50,,,,,,,,0.2
1200161,baseline_harder,Baseline harder irregularity,0.2,50,mice,MICE,0.749179524144253,0.5620810960941276,1.0,500,50,,,,,,,,0.2
1200162,baseline_harder,Baseline harder irregularity,0.2,50,mice,MICE,0.786476722170612,0.6342551658560364,1.0,500,50,,,,,,,,0.2
1200163,baseline_harder,Baseline harder irregularity,0.2,50,mice,MICE,0.6894398015084023,0.5757608130684299,1.0,500,50,,,,,,,,0.2
1200164,baseline_harder,Baseline harder irregularity,0.2,50,mice,MICE,0.7547022832857143,0.6195268715921269,1.0,500,50,,,,,,,,0.2
1200165,baseline_harder,Baseline harder irregularity,0.2,50,mice,MICE,0.8148939632217741,0.6523049433205991,1.0,500,50,,,,,,,,0.2
1200166,baseline_harder,Baseline harder irregularity,0.2,50,mice,MICE,0.8335322606340434,0.6471976613154999,1.0,500,50,,,,,,,,0.2
1200167,baseline_harder,Baseline harder irregularity,0.2,50,mice,MICE,0.9420688268754946,0.7782799508498865,1.0,500,50,,,,,,,,0.2
1200168,baseline_harder,Baseline harder irregularity,0.2,50,mice,MICE,0.742948433535019,0.624044124678479,1.0,500,50,,,,,,,,0.2
1200169,baseline_harder,Baseline harder irregularity,0.2,50,mice,MICE,0.8365246248085613,0.7006213688787529,1.0,500,50,,,,,,,,0.2
1200170,baseline_harder,Baseline harder irregularity,0.2,50,mice,MICE,0.9034549896739458,0.8122243093691001,1.0,500,50,,,,,,,,0.2
1200171,baseline_harder,Baseline harder irregularity,0.2,50,mice,MICE,0.864306514477271,0.76985101069623,1.0,500,50,,,,,,,,0.2
1200172,baseline_harder,Baseline harder irregularity,0.2,50,mice,MICE,0.8307540711985063,0.7458198563445436,1.0,500,50,,,,,,,,0.2
1200173,baseline_harder,Baseline harder irregularity,0.2,50,mice,MICE,0.7718661721457066,0.6020196538291668,1.0,500,50,,,,,,,,0.2
1200174,baseline_harder,Baseline harder irregularity,0.2,50,mice,MICE,0.7907951365943482,0.6627897937878512,1.0,500,50,,,,,,,,0.2
1200175,baseline_harder,Baseline harder irregularity,0.2,50,mice,MICE,0.8470062841959051,0.6924128579494433,1.0,500,50,,,,,,,,0.2
1200176,baseline_harder,Baseline harder irregularity,0.2,50,mice,MICE,0.7634842905455735,0.6827351186297141,1.0,500,50,,,,,,,,0.2
1200177,baseline_harder,Baseline harder irregularity,0.2,50,mice,MICE,0.7671354548689228,0.6273021388891262,1.0,500,50,,,,,,,,0.2
1200178,baseline_harder,Baseline harder irregularity,0.2,50,mice,MICE,0.8309074554346324,0.7262475836933564,1.0,500,50,,,,,,,,0.2
1200179,baseline_harder,Baseline harder irregularity,0.2,50,mice,MICE,0.662609167899076,0.5543591342963674,1.0,500,50,,,,,,,,0.2
1200180,baseline_harder,Baseline harder irregularity,0.2,50,mice,MICE,0.8789675288182043,0.7902122437471131,1.0,500,50,,,,,,,,0.2
1200181,baseline_harder,Baseline harder irregularity,0.2,50,mice,MICE,0.7970670349795625,0.721114247386648,1.0,500,50,,,,,,,,0.2
1200182,baseline_harder,Baseline harder irregularity,0.2,50,mice,MICE,0.7436676965689175,0.6675583974573273,1.0,500,50,,,,,,,,0.2
1200183,baseline_harder,Baseline harder irregularity,0.2,50,mice,MICE,0.895462114271494,0.7425875550170565,1.0,500,50,,,,,,,,0.2
1200184,baseline_harder,Baseline harder irregularity,0.2,50,mice,MICE,0.8106178850048571,0.6653418932680931,1.0,500,50,,,,,,,,0.2
1200185,baseline_harder,Baseline harder irregularity,0.2,50,mice,MICE,0.8685199244309745,0.7690487113909213,1.0,500,50,,,,,,,,0.2
1200186,baseline_harder,Baseline harder irregularity,0.2,50,mice,MICE,0.8110296221730299,0.7291960354309208,1.0,500,50,,,,,,,,0.2
1200187,baseline_harder,Baseline harder irregularity,0.2,50,mice,MICE,0.7279135041178061,0.5822305059368564,1.0,500,50,,,,,,,,0.2
1200188,baseline_harder,Baseline harder irregularity,0.2,50,mice,MICE,0.8338553175279256,0.715359188284747,1.0,500,50,,,,,,,,0.2
1200189,baseline_harder,Baseline harder irregularity,0.2,50,mice,MICE,0.8229111879551315,0.7028715041587047,1.0,500,50,,,,,,,,0.2
1200190,baseline_harder,Baseline harder irregularity,0.2,50,mice,MICE,0.9050180360931468,0.7844678754075958,1.0,500,50,,,,,,,,0.2
1200191,baseline_harder,Baseline harder irregularity,0.2,50,mice,MICE,0.750943115196239,0.6360660687370048,1.0,500,50,,,,,,,,0.2
1200192,baseline_harder,Baseline harder irregularity,0.2,50,mice,MICE,0.7945051655108141,0.6317474057269051,1.0,500,50,,,,,,,,0.2
1200193,baseline_harder,Baseline harder irregularity,0.2,50,mice,MICE,0.8767295689324454,0.775392018792038,1.0,500,50,,,,,,,,0.2
1200194,baseline_harder,Baseline harder irregularity,0.2,50,mice,MICE,0.8226900775066723,0.7484973099354854,1.0,500,50,,,,,,,,0.2
1200195,baseline_harder,Baseline harder irregularity,0.2,50,mice,MICE,0.8850415344732043,0.7505011158249882,1.0,500,50,,,,,,,,0.2
1200196,baseline_harder,Baseline harder irregularity,0.2,50,mice,MICE,0.722376579633675,0.6182056823968988,1.0,500,50,,,,,,,,0.2
1200197,baseline_harder,Baseline harder irregularity,0.2,50,mice,MICE,0.8293002351437119,0.6908804160818371,1.0,500,50,,,,,,,,0.2
1200198,baseline_harder,Baseline harder irregularity,0.2,50,mice,MICE,0.8926744780573573,0.7491785365720097,1.0,500,50,,,,,,,,0.2
1200199,baseline_harder,Baseline harder irregularity,0.2,50,mice,MICE,0.7960385985256074,0.6675922268214401,1.0,500,50,,,,,,,,0.2
1200000,baseline_harder,Baseline harder irregularity,0.2,1,full_data,Full data,0.0,0.0,1.0,500,1,,,,,,,,0.2
1200000,baseline_harder,Baseline harder irregularity,0.2,1,mean_impute,Mean imputation,0.8584455329070282,0.7304790500693579,1.0,500,1,,,,,,,,0.2
1200000,baseline_harder,Baseline harder irregularity,0.2,1,complete_case,Complete case,,,1.0,164,1,,,,,,,,0.2
1200001,baseline_harder,Baseline harder irregularity,0.2,1,full_data,Full data,0.0,0.0,1.0,500,1,,,,,,,,0.2
1200001,baseline_harder,Baseline harder irregularity,0.2,1,mean_impute,Mean imputation,0.9094390086245036,0.7886149383770572,1.0,500,1,,,,,,,,0.2
1200001,baseline_harder,Baseline harder irregularity,0.2,1,complete_case,Complete case,,,1.0,175,1,,,,,,,,0.2
1200002,baseline_harder,Baseline harder irregularity,0.2,1,full_data,Full data,0.0,0.0,1.0,500,1,,,,,,,,0.2
1200002,baseline_harder,Baseline harder irregularity,0.2,1,mean_impute,Mean imputation,0.926441306610142,0.7438922174250489,1.0,500,1,,,,,,,,0.2
1200002,baseline_harder,Baseline harder irregularity,0.2,1,complete_case,Complete case,,,1.0,182,1,,,,,,,,0.2
1200003,baseline_harder,Baseline harder irregularity,0.2,1,full_data,Full data,0.0,0.0,1.0,500,1,,,,,,,,0.2
1200003,baseline_harder,Baseline harder irregularity,0.2,1,mean_impute,Mean imputation,0.9192751857934864,0.7790495156735205,1.0,500,1,,,,,,,,0.2
1200003,baseline_harder,Baseline harder irregularity,0.2,1,complete_case,Complete case,,,1.0,186,1,,,,,,,,0.2
1200004,baseline_harder,Baseline harder irregularity,0.2,1,full_data,Full data,0.0,0.0,1.0,500,1,,,,,,,,0.2
1200004,baseline_harder,Baseline harder irregularity,0.2,1,mean_impute,Mean imputation,0.8643669018818424,0.718172456794955,1.0,500,1,,,,,,,,0.2
1200004,baseline_harder,Baseline harder irregularity,0.2,1,complete_case,Complete case,,,1.0,180,1,,,,,,,,0.2
1200005,baseline_harder,Baseline harder irregularity,0.2,1,full_data,Full data,0.0,0.0,1.0,500,1,,,,,,,,0.2
1200005,baseline_harder,Baseline harder irregularity,0.2,1,mean_impute,Mean imputation,0.9343049000319444,0.8212284471426834,1.0,500,1,,,,,,,,0.2
1200005,baseline_harder,Baseline harder irregularity,0.2,1,complete_case,Complete case,,,1.0,163,1,,,,,,,,0.2
1200006,baseline_harder,Baseline harder irregularity,0.2,1,full_data,Full data,0.0,0.0,1.0,500,1,,,,,,,,0.2
1200006,baseline_harder,Baseline harder irregularity,0.2,1,mean_impute,Mean imputation,0.9259459003570848,0.77526784437802,1.0,500,1,,,,,,,,0.2
1200006,baseline_harder,Baseline harder irregularity,0.2,1,complete_case,Complete case,,,1.0,177,1,,,,,,,,0.2
1200007,baseline_harder,Baseline harder irregularity,0.2,1,full_data,Full data,0.0,0.0,1.0,500,1,,,,,,,,0.2
1200007,baseline_harder,Baseline harder irregularity,0.2,1,mean_impute,Mean imputation,0.9559305171892478,0.8074032771037931,1.0,500,1,,,,,,,,0.2
1200007,baseline_harder,Baseline harder irregularity,0.2,1,complete_case,Complete case,,,1.0,175,1,,,,,,,,0.2
1200008,baseline_harder,Baseline harder irregularity,0.2,1,full_data,Full data,0.0,0.0,1.0,500,1,,,,,,,,0.2
1200008,baseline_harder,Baseline harder irregularity,0.2,1,mean_impute,Mean imputation,0.9601856872217012,0.8085124676458753,1.0,500,1,,,,,,,,0.2
1200008,baseline_harder,Baseline harder irregularity,0.2,1,complete_case,Complete case,,,1.0,183,1,,,,,,,,0.2
1200009,baseline_harder,Baseline harder irregularity,0.2,1,full_data,Full data,0.0,0.0,1.0,500,1,,,,,,,,0.2
1200009,baseline_harder,Baseline harder irregularity,0.2,1,mean_impute,Mean imputation,0.952869502127931,0.7845929514470628,1.0,500,1,,,,,,,,0.2
1200009,baseline_harder,Baseline harder irregularity,0.2,1,complete_case,Complete case,,,1.0,181,1,,,,,,,,0.2
1200010,baseline_harder,Baseline harder irregularity,0.2,1,full_data,Full data,0.0,0.0,1.0,500,1,,,,,,,,0.2
1200010,baseline_harder,Baseline harder irregularity,0.2,1,mean_impute,Mean imputation,0.913869144623484,0.8157625223486767,1.0,500,1,,,,,,,,0.2
1200010,baseline_harder,Baseline harder irregularity,0.2,1,complete_case,Complete case,,,1.0,163,1,,,,,,,,0.2
1200011,baseline_harder,Baseline harder irregularity,0.2,1,full_data,Full data,0.0,0.0,1.0,500,1,,,,,,,,0.2
1200011,baseline_harder,Baseline harder irregularity,0.2,1,mean_impute,Mean imputation,0.8827474317100641,0.7533072667748179,1.0,500,1,,,,,,,,0.2
1200011,baseline_harder,Baseline harder irregularity,0.2,1,complete_case,Complete case,,,1.0,185,1,,,,,,,,0.2
1200012,baseline_harder,Baseline harder irregularity,0.2,1,full_data,Full data,0.0,0.0,1.0,500,1,,,,,,,,0.2
1200012,baseline_harder,Baseline harder irregularity,0.2,1,mean_impute,Mean imputation,0.9970329078919744,0.8443487542863235,1.0,500,1,,,,,,,,0.2
1200012,baseline_harder,Baseline harder irregularity,0.2,1,complete_case,Complete case,,,1.0,178,1,,,,,,,,0.2
1200013,baseline_harder,Baseline harder irregularity,0.2,1,full_data,Full data,0.0,0.0,1.0,500,1,,,,,,,,0.2
1200013,baseline_harder,Baseline harder irregularity,0.2,1,mean_impute,Mean imputation,0.92916744411604,0.807673443856883,1.0,500,1,,,,,,,,0.2
1200013,baseline_harder,Baseline harder irregularity,0.2,1,complete_case,Complete case,,,1.0,164,1,,,,,,,,0.2
1200014,baseline_harder,Baseline harder irregularity,0.2,1,full_data,Full data,0.0,0.0,1.0,500,1,,,,,,,,0.2
1200014,baseline_harder,Baseline harder irregularity,0.2,1,mean_impute,Mean imputation,0.9622458393406668,0.7879814069629449,1.0,500,1,,,,,,,,0.2
1200014,baseline_harder,Baseline harder irregularity,0.2,1,complete_case,Complete case,,,1.0,188,1,,,,,,,,0.2
1200015,baseline_harder,Baseline harder irregularity,0.2,1,full_data,Full data,0.0,0.0,1.0,500,1,,,,,,,,0.2
1200015,baseline_harder,Baseline harder irregularity,0.2,1,mean_impute,Mean imputation,0.9574456334664952,0.8104383665051226,1.0,500,1,,,,,,,,0.2
1200015,baseline_harder,Baseline harder irregularity,0.2,1,complete_case,Complete case,,,1.0,177,1,,,,,,,,0.2
1200016,baseline_harder,Baseline harder irregularity,0.2,1,full_data,Full data,0.0,0.0,1.0,500,1,,,,,,,,0.2
1200016,baseline_harder,Baseline harder irregularity,0.2,1,mean_impute,Mean imputation,0.9754958433517698,0.7950219259684237,1.0,500,1,,,,,,,,0.2
1200016,baseline_harder,Baseline harder irregularity,0.2,1,complete_case,Complete case,,,1.0,171,1,,,,,,,,0.2
1200017,baseline_harder,Baseline harder irregularity,0.2,1,full_data,Full data,0.0,0.0,1.0,500,1,,,,,,,,0.2
1200017,baseline_harder,Baseline harder irregularity,0.2,1,mean_impute,Mean imputation,0.8770766307600119,0.714043641853579,1.0,500,1,,,,,,,,0.2
1200017,baseline_harder,Baseline harder irregularity,0.2,1,complete_case,Complete case,,,1.0,189,1,,,,,,,,0.2
1200018,baseline_harder,Baseline harder irregularity,0.2,1,full_data,Full data,0.0,0.0,1.0,500,1,,,,,,,,0.2
1200018,baseline_harder,Baseline harder irregularity,0.2,1,mean_impute,Mean imputation,0.9420556056505984,0.7899395617337023,1.0,500,1,,,,,,,,0.2
1200018,baseline_harder,Baseline harder irregularity,0.2,1,complete_case,Complete case,,,1.0,177,1,,,,,,,,0.2
1200019,baseline_harder,Baseline harder irregularity,0.2,1,full_data,Full data,0.0,0.0,1.0,500,1,,,,,,,,0.2
1200019,baseline_harder,Baseline harder irregularity,0.2,1,mean_impute,Mean imputation,0.9042743731118724,0.7683086083304078,1.0,500,1,,,,,,,,0.2
1200019,baseline_harder,Baseline harder irregularity,0.2,1,complete_case,Complete case,,,1.0,180,1,,,,,,,,0.2
1200020,baseline_harder,Baseline harder irregularity,0.2,1,full_data,Full data,0.0,0.0,1.0,500,1,,,,,,,,0.2
1200020,baseline_harder,Baseline harder irregularity,0.2,1,mean_impute,Mean imputation,0.9369396305866128,0.7774938149623448,1.0,500,1,,,,,,,,0.2
1200020,baseline_harder,Baseline harder irregularity,0.2,1,complete_case,Complete case,,,1.0,181,1,,,,,,,,0.2
1200021,baseline_harder,Baseline harder irregularity,0.2,1,full_data,Full data,0.0,0.0,1.0,500,1,,,,,,,,0.2
1200021,baseline_harder,Baseline harder irregularity,0.2,1,mean_impute,Mean imputation,0.9129560347196908,0.767106039168484,1.0,500,1,,,,,,,,0.2
1200021,baseline_harder,Baseline harder irregularity,0.2,1,complete_case,Complete case,,,1.0,162,1,,,,,,,,0.2
1200022,baseline_harder,Baseline harder irregularity,0.2,1,full_data,Full data,0.0,0.0,1.0,500,1,,,,,,,,0.2
1200022,baseline_harder,Baseline harder irregularity,0.2,1,mean_impute,Mean imputation,0.921231342087846,0.7755823662053676,1.0,500,1,,,,,,,,0.2
1200022,baseline_harder,Baseline harder irregularity,0.2,1,complete_case,Complete case,,,1.0,182,1,,,,,,,,0.2
1200023,baseline_harder,Baseline harder irregularity,0.2,1,full_data,Full data,0.0,0.0,1.0,500,1,,,,,,,,0.2
1200023,baseline_harder,Baseline harder irregularity,0.2,1,mean_impute,Mean imputation,0.9088316421689976,0.7826591520036629,1.0,500,1,,,,,,,,0.2
1200024,baseline_harder,Baseline harder irregularity,0.2,1,full_data,Full data,0.0,0.0,1.0,500,1,,,,,,,,0.2
1200024,baseline_harder,Baseline harder irregularity,0.2,1,mean_impute,Mean imputation,0.879457062512532,0.7357939779010737,1.0,500,1,,,,,,,,0.2
1200024,baseline_harder,Baseline harder irregularity,0.2,1,complete_case,Complete case,,,1.0,187,1,,,,,,,,0.2
1200025,baseline_harder,Baseline harder irregularity,0.2,1,full_data,Full data,0.0,0.0,1.0,500,1,,,,,,,,0.2
1200025,baseline_harder,Baseline harder irregularity,0.2,1,mean_impute,Mean imputation,0.9508871536302194,0.8043320687157379,1.0,500,1,,,,,,,,0.2
1200025,baseline_harder,Baseline harder irregularity,0.2,1,complete_case,Complete case,,,1.0,173,1,,,,,,,,0.2
1200026,baseline_harder,Baseline harder irregularity,0.2,1,full_data,Full data,0.0,0.0,1.0,500,1,,,,,,,,0.2
1200026,baseline_harder,Baseline harder irregularity,0.2,1,mean_impute,Mean imputation,0.8926568883436173,0.793503214516695,1.0,500,1,,,,,,,,0.2
1200026,baseline_harder,Baseline harder irregularity,0.2,1,complete_case,Complete case,,,1.0,173,1,,,,,,,,0.2
1200027,baseline_harder,Baseline harder irregularity,0.2,1,full_data,Full data,0.0,0.0,1.0,500,1,,,,,,,,0.2
1200027,baseline_harder,Baseline harder irregularity,0.2,1,mean_impute,Mean imputation,0.9005206895316695,0.7896251780169109,1.0,500,1,,,,,,,,0.2
1200027,baseline_harder,Baseline harder irregularity,0.2,1,complete_case,Complete case,,,1.0,170,1,,,,,,,,0.2
1200028,baseline_harder,Baseline harder irregularity,0.2,1,full_data,Full data,0.0,0.0,1.0,500,1,,,,,,,,0.2
1200028,baseline_harder,Baseline harder irregularity,0.2,1,mean_impute,Mean imputation,0.9351881010909642,0.8151733935576775,1.0,500,1,,,,,,,,0.2
1200028,baseline_harder,Baseline harder irregularity,0.2,1,complete_case,Complete case,,,1.0,172,1,,,,,,,,0.2
1200029,baseline_harder,Baseline harder irregularity,0.2,1,full_data,Full data,0.0,0.0,1.0,500,1,,,,,,,,0.2
1200029,baseline_harder,Baseline harder irregularity,0.2,1,mean_impute,Mean imputation,0.917731638977488,0.8081284906599211,1.0,500,1,,,,,,,,0.2
1200029,baseline_harder,Baseline harder irregularity,0.2,1,complete_case,Complete case,,,1.0,180,1,,,,,,,,0.2
1200030,baseline_harder,Baseline harder irregularity,0.2,1,full_data,Full data,0.0,0.0,1.0,500,1,,,,,,,,0.2
1200030,baseline_harder,Baseline harder irregularity,0.2,1,mean_impute,Mean imputation,0.8676965663371965,0.7523069064022279,1.0,500,1,,,,,,,,0.2
1200030,baseline_harder,Baseline harder irregularity,0.2,1,complete_case,Complete case,,,1.0,171,1,,,,,,,,0.2
1200031,baseline_harder,Baseline harder irregularity,0.2,1,full_data,Full data,0.0,0.0,1.0,500,1,,,,,,,,0.2
1200031,baseline_harder,Baseline harder irregularity,0.2,1,mean_impute,Mean imputation,0.914293644958783,0.7667236089496118,1.0,500,1,,,,,,,,0.2
1200031,baseline_harder,Baseline harder irregularity,0.2,1,complete_case,Complete case,,,1.0,176,1,,,,,,,,0.2
1200032,baseline_harder,Baseline harder irregularity,0.2,1,full_data,Full data,0.0,0.0,1.0,500,1,,,,,,,,0.2
1200032,baseline_harder,Baseline harder irregularity,0.2,1,mean_impute,Mean imputation,0.931300368318851,0.8171327733361549,1.0,500,1,,,,,,,,0.2
1200032,baseline_harder,Baseline harder irregularity,0.2,1,complete_case,Complete case,,,1.0,167,1,,,,,,,,0.2
1200033,baseline_harder,Baseline harder irregularity,0.2,1,full_data,Full data,0.0,0.0,1.0,500,1,,,,,,,,0.2
1200033,baseline_harder,Baseline harder irregularity,0.2,1,mean_impute,Mean imputation,0.9223552514925628,0.7722424386083032,1.0,500,1,,,,,,,,0.2
1200033,baseline_harder,Baseline harder irregularity,0.2,1,complete_case,Complete case,,,1.0,174,1,,,,,,,,0.2
1200034,baseline_harder,Baseline harder irregularity,0.2,1,full_data,Full data,0.0,0.0,1.0,500,1,,,,,,,,0.2
1200034,baseline_harder,Baseline harder irregularity,0.2,1,mean_impute,Mean imputation,0.9103955373860756,0.7576885839904385,1.0,500,1,,,,,,,,0.2
1200034,baseline_harder,Baseline harder irregularity,0.2,1,complete_case,Complete case,,,1.0,193,1,,,,,,,,0.2
1200035,baseline_harder,Baseline harder irregularity,0.2,1,full_data,Full data,0.0,0.0,1.0,500,1,,,,,,,,0.2
1200035,baseline_harder,Baseline harder irregularity,0.2,1,mean_impute,Mean imputation,0.9717742086956402,0.8212071394901693,1.0,500,1,,,,,,,,0.2
1200035,baseline_harder,Baseline harder irregularity,0.2,1,complete_case,Complete case,,,1.0,179,1,,,,,,,,0.2
1200036,baseline_harder,Baseline harder irregularity,0.2,1,full_data,Full data,0.0,0.0,1.0,500,1,,,,,,,,0.2
1200036,baseline_harder,Baseline harder irregularity,0.2,1,mean_impute,Mean imputation,0.9220929728065222,0.7906069560625653,1.0,500,1,,,,,,,,0.2
1200036,baseline_harder,Baseline harder irregularity,0.2,1,complete_case,Complete case,,,1.0,178,1,,,,,,,,0.2
1200037,baseline_harder,Baseline harder irregularity,0.2,1,full_data,Full data,0.0,0.0,1.0,500,1,,,,,,,,0.2
1200037,baseline_harder,Baseline harder irregularity,0.2,1,mean_impute,Mean imputation,0.8964142636580459,0.7486919547173839,1.0,500,1,,,,,,,,0.2
1200037,baseline_harder,Baseline harder irregularity,0.2,1,complete_case,Complete case,,,1.0,189,1,,,,,,,,0.2
1200038,baseline_harder,Baseline harder irregularity,0.2,1,full_data,Full data,0.0,0.0,1.0,500,1,,,,,,,,0.2
1200038,baseline_harder,Baseline harder irregularity,0.2,1,mean_impute,Mean imputation,0.930305694175525,0.7901711979228525,1.0,500,1,,,,,,,,0.2
1200038,baseline_harder,Baseline harder irregularity,0.2,1,complete_case,Complete case,,,1.0,176,1,,,,,,,,0.2
1200039,baseline_harder,Baseline harder irregularity,0.2,1,full_data,Full data,0.0,0.0,1.0,500,1,,,,,,,,0.2
1200039,baseline_harder,Baseline harder irregularity,0.2,1,mean_impute,Mean imputation,0.9806260999257538,0.8420073360591714,1.0,500,1,,,,,,,,0.2
1200039,baseline_harder,Baseline harder irregularity,0.2,1,complete_case,Complete case,,,1.0,177,1,,,,,,,,0.2
1200040,baseline_harder,Baseline harder irregularity,0.2,1,full_data,Full data,0.0,0.0,1.0,500,1,,,,,,,,0.2
1200040,baseline_harder,Baseline harder irregularity,0.2,1,mean_impute,Mean imputation,0.9462050936767368,0.784258163166876,1.0,500,1,,,,,,,,0.2
1200040,baseline_harder,Baseline harder irregularity,0.2,1,complete_case,Complete case,,,1.0,179,1,,,,,,,,0.2
1200041,baseline_harder,Baseline harder irregularity,0.2,1,full_data,Full data,0.0,0.0,1.0,500,1,,,,,,,,0.2
1200041,baseline_harder,Baseline harder irregularity,0.2,1,mean_impute,Mean imputation,0.9430878249763672,0.813487406835324,1.0,500,1,,,,,,,,0.2
1200041,baseline_harder,Baseline harder irregularity,0.2,1,complete_case,Complete case,,,1.0,177,1,,,,,,,,0.2
1200042,baseline_harder,Baseline harder irregularity,0.2,1,full_data,Full data,0.0,0.0,1.0,500,1,,,,,,,,0.2
1200042,baseline_harder,Baseline harder irregularity,0.2,1,mean_impute,Mean imputation,0.9931313888342302,0.8721889648091409,1.0,500,1,,,,,,,,0.2
1200042,baseline_harder,Baseline harder irregularity,0.2,1,complete_case,Complete case,,,1.0,162,1,,,,,,,,0.2
1200043,baseline_harder,Baseline harder irregularity,0.2,1,full_data,Full data,0.0,0.0,1.0,500,1,,,,,,,,0.2
1200043,baseline_harder,Baseline harder irregularity,0.2,1,mean_impute,Mean imputation,0.9973037108964564,0.8715571337908824,1.0,500,1,,,,,,,,0.2
1200043,baseline_harder,Baseline harder irregularity,0.2,1,complete_case,Complete case,,,1.0,171,1,,,,,,,,0.2
1200044,baseline_harder,Baseline harder irregularity,0.2,1,full_data,Full data,0.0,0.0,1.0,500,1,,,,,,,,0.2
1200044,baseline_harder,Baseline harder irregularity,0.2,1,mean_impute,Mean imputation,0.9509772914735004,0.8111637501734564,1.0,500,1,,,,,,,,0.2
1200044,baseline_harder,Baseline harder irregularity,0.2,1,complete_case,Complete case,,,1.0,186,1,,,,,,,,0.2
1200045,baseline_harder,Baseline harder irregularity,0.2,1,full_data,Full data,0.0,0.0,1.0,500,1,,,,,,,,0.2
1200045,baseline_harder,Baseline harder irregularity,0.2,1,mean_impute,Mean imputation,0.877874907984608,0.722118023888315,1.0,500,1,,,,,,,,0.2
1200045,baseline_harder,Baseline harder irregularity,0.2,1,complete_case,Complete case,,,1.0,170,1,,,,,,,,0.2
1200046,baseline_harder,Baseline harder irregularity,0.2,1,full_data,Full data,0.0,0.0,1.0,500,1,,,,,,,,0.2
1200046,baseline_harder,Baseline harder irregularity,0.2,1,mean_impute,Mean imputation,0.977347963551252,0.833728353281729,1.0,500,1,,,,,,,,0.2
1200046,baseline_harder,Baseline harder irregularity,0.2,1,complete_case,Complete case,,,1.0,175,1,,,,,,,,0.2
1200047,baseline_harder,Baseline harder irregularity,0.2,1,full_data,Full data,0.0,0.0,1.0,500,1,,,,,,,,0.2
1200047,baseline_harder,Baseline harder irregularity,0.2,1,mean_impute,Mean imputation,0.9277176973010036,0.7910717280064835,1.0,500,1,,,,,,,,0.2
1200047,baseline_harder,Baseline harder irregularity,0.2,1,complete_case,Complete case,,,1.0,174,1,,,,,,,,0.2
1200048,baseline_harder,Baseline harder irregularity,0.2,1,full_data,Full data,0.0,0.0,1.0,500,1,,,,,,,,0.2
1200048,baseline_harder,Baseline harder irregularity,0.2,1,mean_impute,Mean imputation,0.9746414335314992,0.8567135128684371,1.0,500,1,,,,,,,,0.2
1200048,baseline_harder,Baseline harder irregularity,0.2,1,complete_case,Complete case,,,1.0,164,1,,,,,,,,0.2
1200049,baseline_harder,Baseline harder irregularity,0.2,1,full_data,Full data,0.0,0.0,1.0,500,1,,,,,,,,0.2
1200049,baseline_harder,Baseline harder irregularity,0.2,1,mean_impute,Mean imputation,0.9112528650227888,0.7817123142479259,1.0,500,1,,,,,,,,0.2
1200049,baseline_harder,Baseline harder irregularity,0.2,1,complete_case,Complete case,,,1.0,181,1,,,,,,,,0.2
1200050,baseline_harder,Baseline harder irregularity,0.2,1,full_data,Full data,0.0,0.0,1.0,500,1,,,,,,,,0.2
1200050,baseline_harder,Baseline harder irregularity,0.2,1,mean_impute,Mean imputation,0.9235706580168987,0.7998436666580759,1.0,500,1,,,,,,,,0.2
1200050,baseline_harder,Baseline harder irregularity,0.2,1,complete_case,Complete case,,,1.0,162,1,,,,,,,,0.2
1200051,baseline_harder,Baseline harder irregularity,0.2,1,full_data,Full data,0.0,0.0,1.0,500,1,,,,,,,,0.2
1200051,baseline_harder,Baseline harder irregularity,0.2,1,mean_impute,Mean imputation,0.9558001266491882,0.7952151307935925,1.0,500,1,,,,,,,,0.2
1200051,baseline_harder,Baseline harder irregularity,0.2,1,complete_case,Complete case,,,1.0,176,1,,,,,,,,0.2
1200052,baseline_harder,Baseline harder irregularity,0.2,1,full_data,Full data,0.0,0.0,1.0,500,1,,,,,,,,0.2
1200052,baseline_harder,Baseline harder irregularity,0.2,1,mean_impute,Mean imputation,0.9389616584300282,0.7782456187143413,1.0,500,1,,,,,,,,0.2
1200052,baseline_harder,Baseline harder irregularity,0.2,1,complete_case,Complete case,,,1.0,171,1,,,,,,,,0.2
1200053,baseline_harder,Baseline harder irregularity,0.2,1,full_data,Full data,0.0,0.0,1.0,500,1,,,,,,,,0.2
1200053,baseline_harder,Baseline harder irregularity,0.2,1,mean_impute,Mean imputation,0.9911198881138392,0.8541048879207264,1.0,500,1,,,,,,,,0.2
1200053,baseline_harder,Baseline harder irregularity,0.2,1,complete_case,Complete case,,,1.0,179,1,,,,,,,,0.2
1200054,baseline_harder,Baseline harder irregularity,0.2,1,full_data,Full data,0.0,0.0,1.0,500,1,,,,,,,,0.2
1200054,baseline_harder,Baseline harder irregularity,0.2,1,mean_impute,Mean imputation,0.9699876295139156,0.8210749451544606,1.0,500,1,,,,,,,,0.2
1200054,baseline_harder,Baseline harder irregularity,0.2,1,complete_case,Complete case,,,1.0,191,1,,,,,,,,0.2
1200055,baseline_harder,Baseline harder irregularity,0.2,1,full_data,Full data,0.0,0.0,1.0,500,1,,,,,,,,0.2
1200055,baseline_harder,Baseline harder irregularity,0.2,1,mean_impute,Mean imputation,0.916726930949985,0.7350629416179865,1.0,500,1,,,,,,,,0.2
1200055,baseline_harder,Baseline harder irregularity,0.2,1,complete_case,Complete case,,,1.0,195,1,,,,,,,,0.2
1200056,baseline_harder,Baseline harder irregularity,0.2,1,full_data,Full data,0.0,0.0,1.0,500,1,,,,,,,,0.2
1200056,baseline_harder,Baseline harder irregularity,0.2,1,mean_impute,Mean imputation,0.9688160213772716,0.7896459682040184,1.0,500,1,,,,,,,,0.2
1200056,baseline_harder,Baseline harder irregularity,0.2,1,complete_case,Complete case,,,1.0,181,1,,,,,,,,0.2
1200057,baseline_harder,Baseline harder irregularity,0.2,1,full_data,Full data,0.0,0.0,1.0,500,1,,,,,,,,0.2
1200057,baseline_harder,Baseline harder irregularity,0.2,1,mean_impute,Mean imputation,1.015496879251232,0.8621233536835179,1.0,500,1,,,,,,,,0.2
1200057,baseline_harder,Baseline harder irregularity,0.2,1,complete_case,Complete case,,,1.0,184,1,,,,,,,,0.2
1200058,baseline_harder,Baseline harder irregularity,0.2,1,full_data,Full data,0.0,0.0,1.0,500,1,,,,,,,,0.2
1200058,baseline_harder,Baseline harder irregularity,0.2,1,mean_impute,Mean imputation,0.9302524622137516,0.8016258905145788,1.0,500,1,,,,,,,,0.2
1200058,baseline_harder,Baseline harder irregularity,0.2,1,complete_case,Complete case,,,1.0,171,1,,,,,,,,0.2
1200059,baseline_harder,Baseline harder irregularity,0.2,1,full_data,Full data,0.0,0.0,1.0,500,1,,,,,,,,0.2
1200059,baseline_harder,Baseline harder irregularity,0.2,1,mean_impute,Mean imputation,0.9246137646687153,0.7702429863270707,1.0,500,1,,,,,,,,0.2
1200059,baseline_harder,Baseline harder irregularity,0.2,1,complete_case,Complete case,,,1.0,173,1,,,,,,,,0.2
1200060,baseline_harder,Baseline harder irregularity,0.2,1,full_data,Full data,0.0,0.0,1.0,500,1,,,,,,,,0.2
1200060,baseline_harder,Baseline harder irregularity,0.2,1,mean_impute,Mean imputation,0.8376584049912291,0.7131114258641181,1.0,500,1,,,,,,,,0.2
1200060,baseline_harder,Baseline harder irregularity,0.2,1,complete_case,Complete case,,,1.0,174,1,,,,,,,,0.2
1200061,baseline_harder,Baseline harder irregularity,0.2,1,full_data,Full data,0.0,0.0,1.0,500,1,,,,,,,,0.2
1200061,baseline_harder,Baseline harder irregularity,0.2,1,mean_impute,Mean imputation,0.92674751857603,0.7967607098462404,1.0,500,1,,,,,,,,0.2
1200061,baseline_harder,Baseline harder irregularity,0.2,1,complete_case,Complete case,,,1.0,185,1,,,,,,,,0.2
1200062,baseline_harder,Baseline harder irregularity,0.2,1,full_data,Full data,0.0,0.0,1.0,500,1,,,,,,,,0.2
1200062,baseline_harder,Baseline harder irregularity,0.2,1,mean_impute,Mean imputation,0.9206117124554192,0.7589604327708392,1.0,500,1,,,,,,,,0.2
1200062,baseline_harder,Baseline harder irregularity,0.2,1,complete_case,Complete case,,,1.0,181,1,,,,,,,,0.2
1200063,baseline_harder,Baseline harder irregularity,0.2,1,full_data,Full data,0.0,0.0,1.0,500,1,,,,,,,,0.2
1200063,baseline_harder,Baseline harder irregularity,0.2,1,mean_impute,Mean imputation,0.9394301255178644,0.7951682715371226,1.0,500,1,,,,,,,,0.2
1200063,baseline_harder,Baseline harder irregularity,0.2,1,complete_case,Complete case,,,1.0,172,1,,,,,,,,0.2
1200064,baseline_harder,Baseline harder irregularity,0.2,1,full_data,Full data,0.0,0.0,1.0,500,1,,,,,,,,0.2
1200064,baseline_harder,Baseline harder irregularity,0.2,1,mean_impute,Mean imputation,0.9585299565485922,0.8019970400889772,1.0,500,1,,,,,,,,0.2
1200064,baseline_harder,Baseline harder irregularity,0.2,1,complete_case,Complete case,,,1.0,179,1,,,,,,,,0.2
1200065,baseline_harder,Baseline harder irregularity,0.2,1,full_data,Full data,0.0,0.0,1.0,500,1,,,,,,,,0.2
1200065,baseline_harder,Baseline harder irregularity,0.2,1,mean_impute,Mean imputation,0.9265926617556556,0.7896719359078213,1.0,500,1,,,,,,,,0.2
1200065,baseline_harder,Baseline harder irregularity,0.2,1,complete_case,Complete case,,,1.0,178,1,,,,,,,,0.2
1200066,baseline_harder,Baseline harder irregularity,0.2,1,full_data,Full data,0.0,0.0,1.0,500,1,,,,,,,,0.2
1200066,baseline_harder,Baseline harder irregularity,0.2,1,mean_impute,Mean imputation,0.9017246558896832,0.7780671315185538,1.0,500,1,,,,,,,,0.2
1200066,baseline_harder,Baseline harder irregularity,0.2,1,complete_case,Complete case,,,1.0,178,1,,,,,,,,0.2
1200067,baseline_harder,Baseline harder irregularity,0.2,1,full_data,Full data,0.0,0.0,1.0,500,1,,,,,,,,0.2
1200067,baseline_harder,Baseline harder irregularity,0.2,1,mean_impute,Mean imputation,0.8976208832500815,0.7581362567615733,1.0,500,1,,,,,,,,0.2
1200067,baseline_harder,Baseline harder irregularity,0.2,1,complete_case,Complete case,,,1.0,172,1,,,,,,,,0.2
1200068,baseline_harder,Baseline harder irregularity,0.2,1,full_data,Full data,0.0,0.0,1.0,500,1,,,,,,,,0.2
1200068,baseline_harder,Baseline harder irregularity,0.2,1,mean_impute,Mean imputation,0.9037936682571764,0.7661809777227783,1.0,500,1,,,,,,,,0.2
1200068,baseline_harder,Baseline harder irregularity,0.2,1,complete_case,Complete case,,,1.0,175,1,,,,,,,,0.2
1200069,baseline_harder,Baseline harder irregularity,0.2,1,full_data,Full data,0.0,0.0,1.0,500,1,,,,,,,,0.2
1200069,baseline_harder,Baseline harder irregularity,0.2,1,mean_impute,Mean imputation,0.956005494078997,0.8055451287032918,1.0,500,1,,,,,,,,0.2
1200069,baseline_harder,Baseline harder irregularity,0.2,1,complete_case,Complete case,,,1.0,174,1,,,,,,,,0.2
1200070,baseline_harder,Baseline harder irregularity,0.2,1,full_data,Full data,0.0,0.0,1.0,500,1,,,,,,,,0.2
1200070,baseline_harder,Baseline harder irregularity,0.2,1,mean_impute,Mean imputation,0.9658743554566496,0.8048501167849768,1.0,500,1,,,,,,,,0.2
1200070,baseline_harder,Baseline harder irregularity,0.2,1,complete_case,Complete case,,,1.0,169,1,,,,,,,,0.2
1200071,baseline_harder,Baseline harder irregularity,0.2,1,full_data,Full data,0.0,0.0,1.0,500,1,,,,,,,,0.2
1200071,baseline_harder,Baseline harder irregularity,0.2,1,mean_impute,Mean imputation,0.926411493173605,0.7765486043942442,1.0,500,1,,,,,,,,0.2
1200071,baseline_harder,Baseline harder irregularity,0.2,1,complete_case,Complete case,,,1.0,177,1,,,,,,,,0.2
1200072,baseline_harder,Baseline harder irregularity,0.2,1,full_data,Full data,0.0,0.0,1.0,500,1,,,,,,,,0.2
1200072,baseline_harder,Baseline harder irregularity,0.2,1,mean_impute,Mean imputation,0.8463919745846735,0.7255362152932547,1.0,500,1,,,,,,,,0.2
1200072,baseline_harder,Baseline harder irregularity,0.2,1,complete_case,Complete case,,,1.0,176,1,,,,,,,,0.2
1200073,baseline_harder,Baseline harder irregularity,0.2,1,full_data,Full data,0.0,0.0,1.0,500,1,,,,,,,,0.2
1200073,baseline_harder,Baseline harder irregularity,0.2,1,mean_impute,Mean imputation,0.9540099493659606,0.8088280643421957,1.0,500,1,,,,,,,,0.2
1200073,baseline_harder,Baseline harder irregularity,0.2,1,complete_case,Complete case,,,1.0,174,1,,,,,,,,0.2
1200074,baseline_harder,Baseline harder irregularity,0.2,1,full_data,Full data,0.0,0.0,1.0,500,1,,,,,,,,0.2
1200074,baseline_harder,Baseline harder irregularity,0.2,1,mean_impute,Mean imputation,0.9296085334110162,0.8160226059088672,1.0,500,1,,,,,,,,0.2
1200074,baseline_harder,Baseline harder irregularity,0.2,1,complete_case,Complete case,,,1.0,171,1,,,,,,,,0.2
1200075,baseline_harder,Baseline harder irregularity,0.2,1,full_data,Full data,0.0,0.0,1.0,500,1,,,,,,,,0.2
1200075,baseline_harder,Baseline harder irregularity,0.2,1,mean_impute,Mean imputation,0.8912943092903556,0.7520950373297911,1.0,500,1,,,,,,,,0.2
1200075,baseline_harder,Baseline harder irregularity,0.2,1,complete_case,Complete case,,,1.0,170,1,,,,,,,,0.2
1200076,baseline_harder,Baseline harder irregularity,0.2,1,full_data,Full data,0.0,0.0,1.0,500,1,,,,,,,,0.2
1200076,baseline_harder,Baseline harder irregularity,0.2,1,mean_impute,Mean imputation,0.9068741714903812,0.7554705594145619,1.0,500,1,,,,,,,,0.2
1200076,baseline_harder,Baseline harder irregularity,0.2,1,complete_case,Complete case,,,1.0,171,1,,,,,,,,0.2
1200077,baseline_harder,Baseline harder irregularity,0.2,1,full_data,Full data,0.0,0.0,1.0,500,1,,,,,,,,0.2
1200077,baseline_harder,Baseline harder irregularity,0.2,1,mean_impute,Mean imputation,0.952693047810281,0.8196042544658342,1.0,500,1,,,,,,,,0.2
1200077,baseline_harder,Baseline harder irregularity,0.2,1,complete_case,Complete case,,,1.0,180,1,,,,,,,,0.2
1200078,baseline_harder,Baseline harder irregularity,0.2,1,full_data,Full data,0.0,0.0,1.0,500,1,,,,,,,,0.2
1200078,baseline_harder,Baseline harder irregularity,0.2,1,mean_impute,Mean imputation,0.940890607877996,0.7834440807809468,1.0,500,1,,,,,,,,0.2
1200078,baseline_harder,Baseline harder irregularity,0.2,1,complete_case,Complete case,,,1.0,185,1,,,,,,,,0.2
1200079,baseline_harder,Baseline harder irregularity,0.2,1,full_data,Full data,0.0,0.0,1.0,500,1,,,,,,,,0.2
1200079,baseline_harder,Baseline harder irregularity,0.2,1,mean_impute,Mean imputation,0.9223677207991748,0.7718577620928807,1.0,500,1,,,,,,,,0.2
1200079,baseline_harder,Baseline harder irregularity,0.2,1,complete_case,Complete case,,,1.0,185,1,,,,,,,,0.2
1200080,baseline_harder,Baseline harder irregularity,0.2,1,full_data,Full data,0.0,0.0,1.0,500,1,,,,,,,,0.2
1200080,baseline_harder,Baseline harder irregularity,0.2,1,mean_impute,Mean imputation,0.8870565955566823,0.758196732129686,1.0,500,1,,,,,,,,0.2
1200080,baseline_harder,Baseline harder irregularity,0.2,1,complete_case,Complete case,,,1.0,175,1,,,,,,,,0.2
1200081,baseline_harder,Baseline harder irregularity,0.2,1,full_data,Full data,0.0,0.0,1.0,500,1,,,,,,,,0.2
1200081,baseline_harder,Baseline harder irregularity,0.2,1,mean_impute,Mean imputation,0.9560526980241276,0.8068727502467273,1.0,500,1,,,,,,,,0.2
1200081,baseline_harder,Baseline harder irregularity,0.2,1,complete_case,Complete case,,,1.0,169,1,,,,,,,,0.2
1200082,baseline_harder,Baseline harder irregularity,0.2,1,full_data,Full data,0.0,0.0,1.0,500,1,,,,,,,,0.2
1200082,baseline_harder,Baseline harder irregularity,0.2,1,mean_impute,Mean imputation,0.9221031887668476,0.7841996475617614,1.0,500,1,,,,,,,,0.2
1200082,baseline_harder,Baseline harder irregularity,0.2,1,complete_case,Complete case,,,1.0,187,1,,,,,,,,0.2
1200083,baseline_harder,Baseline harder irregularity,0.2,1,full_data,Full data,0.0,0.0,1.0,500,1,,,,,,,,0.2
1200083,baseline_harder,Baseline harder irregularity,0.2,1,mean_impute,Mean imputation,0.9335937302274028,0.7940024256275703,1.0,500,1,,,,,,,,0.2
1200083,baseline_harder,Baseline harder irregularity,0.2,1,complete_case,Complete case,,,1.0,186,1,,,,,,,,0.2
1200084,baseline_harder,Baseline harder irregularity,0.2,1,full_data,Full data,0.0,0.0,1.0,500,1,,,,,,,,0.2
1200084,baseline_harder,Baseline harder irregularity,0.2,1,mean_impute,Mean imputation,0.9424677783727388,0.7886719773836532,1.0,500,1,,,,,,,,0.2
1200084,baseline_harder,Baseline harder irregularity,0.2,1,complete_case,Complete case,,,1.0,178,1,,,,,,,,0.2
1200085,baseline_harder,Baseline harder irregularity,0.2,1,full_data,Full data,0.0,0.0,1.0,500,1,,,,,,,,0.2
1200085,baseline_harder,Baseline harder irregularity,0.2,1,mean_impute,Mean imputation,0.919537194011774,0.7550777860853641,1.0,500,1,,,,,,,,0.2
1200085,baseline_harder,Baseline harder irregularity,0.2,1,complete_case,Complete case,,,1.0,173,1,,,,,,,,0.2
1200086,baseline_harder,Baseline harder irregularity,0.2,1,full_data,Full data,0.0,0.0,1.0,500,1,,,,,,,,0.2
1200086,baseline_harder,Baseline harder irregularity,0.2,1,mean_impute,Mean imputation,0.9100843611714778,0.7230500637439057,1.0,500,1,,,,,,,,0.2
1200086,baseline_harder,Baseline harder irregularity,0.2,1,complete_case,Complete case,,,1.0,188,1,,,,,,,,0.2
1200087,baseline_harder,Baseline harder irregularity,0.2,1,full_data,Full data,0.0,0.0,1.0,500,1,,,,,,,,0.2
1200087,baseline_harder,Baseline harder irregularity,0.2,1,mean_impute,Mean imputation,0.8890657984740452,0.7449886852795607,1.0,500,1,,,,,,,,0.2
1200087,baseline_harder,Baseline harder irregularity,0.2,1,complete_case,Complete case,,,1.0,159,1,,,,,,,,0.2
1200088,baseline_harder,Baseline harder irregularity,0.2,1,full_data,Full data,0.0,0.0,1.0,500,1,,,,,,,,0.2
1200088,baseline_harder,Baseline harder irregularity,0.2,1,mean_impute,Mean imputation,0.9866169287644464,0.8638524120706175,1.0,500,1,,,,,,,,0.2
1200088,baseline_harder,Baseline harder irregularity,0.2,1,complete_case,Complete case,,,1.0,167,1,,,,,,,,0.2
1200089,baseline_harder,Baseline harder irregularity,0.2,1,full_data,Full data,0.0,0.0,1.0,500,1,,,,,,,,0.2
1200089,baseline_harder,Baseline harder irregularity,0.2,1,mean_impute,Mean imputation,0.9770352880358756,0.8397088102679021,1.0,500,1,,,,,,,,0.2
1200089,baseline_harder,Baseline harder irregularity,0.2,1,complete_case,Complete case,,,1.0,179,1,,,,,,,,0.2
1200090,baseline_harder,Baseline harder irregularity,0.2,1,full_data,Full data,0.0,0.0,1.0,500,1,,,,,,,,0.2
1200090,baseline_harder,Baseline harder irregularity,0.2,1,mean_impute,Mean imputation,0.9721925503500556,0.8252745653877425,1.0,500,1,,,,,,,,0.2
1200090,baseline_harder,Baseline harder irregularity,0.2,1,complete_case,Complete case,,,1.0,185,1,,,,,,,,0.2
1200091,baseline_harder,Baseline harder irregularity,0.2,1,full_data,Full data,0.0,0.0,1.0,500,1,,,,,,,,0.2
1200091,baseline_harder,Baseline harder irregularity,0.2,1,mean_impute,Mean imputation,0.9254532254563692,0.7544634358272273,1.0,500,1,,,,,,,,0.2
1200091,baseline_harder,Baseline harder irregularity,0.2,1,complete_case,Complete case,,,1.0,185,1,,,,,,,,0.2
1200092,baseline_harder,Baseline harder irregularity,0.2,1,full_data,Full data,0.0,0.0,1.0,500,1,,,,,,,,0.2
1200092,baseline_harder,Baseline harder irregularity,0.2,1,mean_impute,Mean imputation,0.955827212771172,0.8024355634083727,1.0,500,1,,,,,,,,0.2
1200092,baseline_harder,Baseline harder irregularity,0.2,1,complete_case,Complete case,,,1.0,178,1,,,,,,,,0.2
1200093,baseline_harder,Baseline harder irregularity,0.2,1,full_data,Full data,0.0,0.0,1.0,500,1,,,,,,,,0.2
1200093,baseline_harder,Baseline harder irregularity,0.2,1,mean_impute,Mean imputation,0.9037373136763028,0.7691040078858429,1.0,500,1,,,,,,,,0.2
1200093,baseline_harder,Baseline harder irregularity,0.2,1,complete_case,Complete case,,,1.0,176,1,,,,,,,,0.2
1200094,baseline_harder,Baseline harder irregularity,0.2,1,full_data,Full data,0.0,0.0,1.0,500,1,,,,,,,,0.2
1200094,baseline_harder,Baseline harder irregularity,0.2,1,mean_impute,Mean imputation,0.8898642321292608,0.7615934203778063,1.0,500,1,,,,,,,,0.2
1200095,baseline_harder,Baseline harder irregularity,0.2,1,full_data,Full data,0.0,0.0,1.0,500,1,,,,,,,,0.2
1200095,baseline_harder,Baseline harder irregularity,0.2,1,mean_impute,Mean imputation,0.929398772819658,0.8308822559494224,1.0,500,1,,,,,,,,0.2
1200095,baseline_harder,Baseline harder irregularity,0.2,1,complete_case,Complete case,,,1.0,170,1,,,,,,,,0.2
1200096,baseline_harder,Baseline harder irregularity,0.2,1,full_data,Full data,0.0,0.0,1.0,500,1,,,,,,,,0.2
1200096,baseline_harder,Baseline harder irregularity,0.2,1,mean_impute,Mean imputation,0.905221614587605,0.7372835978236737,1.0,500,1,,,,,,,,0.2
1200096,baseline_harder,Baseline harder irregularity,0.2,1,complete_case,Complete case,,,1.0,185,1,,,,,,,,0.2
1200097,baseline_harder,Baseline harder irregularity,0.2,1,full_data,Full data,0.0,0.0,1.0,500,1,,,,,,,,0.2
1200097,baseline_harder,Baseline harder irregularity,0.2,1,mean_impute,Mean imputation,1.0057952038382416,0.8700719660209042,1.0,500,1,,,,,,,,0.2
1200097,baseline_harder,Baseline harder irregularity,0.2,1,complete_case,Complete case,,,1.0,185,1,,,,,,,,0.2
1200098,baseline_harder,Baseline harder irregularity,0.2,1,full_data,Full data,0.0,0.0,1.0,500,1,,,,,,,,0.2
1200098,baseline_harder,Baseline harder irregularity,0.2,1,mean_impute,Mean imputation,0.9178084201040922,0.7813029523764977,1.0,500,1,,,,,,,,0.2
1200098,baseline_harder,Baseline harder irregularity,0.2,1,complete_case,Complete case,,,1.0,179,1,,,,,,,,0.2
1200099,baseline_harder,Baseline harder irregularity,0.2,1,full_data,Full data,0.0,0.0,1.0,500,1,,,,,,,,0.2
1200099,baseline_harder,Baseline harder irregularity,0.2,1,mean_impute,Mean imputation,0.902179881748355,0.7766032929659903,1.0,500,1,,,,,,,,0.2
1200099,baseline_harder,Baseline harder irregularity,0.2,1,complete_case,Complete case,,,1.0,177,1,,,,,,,,0.2
1200100,baseline_harder,Baseline harder irregularity,0.2,1,full_data,Full data,0.0,0.0,1.0,500,1,,,,,,,,0.2
1200100,baseline_harder,Baseline harder irregularity,0.2,1,mean_impute,Mean imputation,0.8625685982961713,0.7346046722501204,1.0,500,1,,,,,,,,0.2
1200100,baseline_harder,Baseline harder irregularity,0.2,1,complete_case,Complete case,,,1.0,181,1,,,,,,,,0.2
1200101,baseline_harder,Baseline harder irregularity,0.2,1,full_data,Full data,0.0,0.0,1.0,500,1,,,,,,,,0.2
1200101,baseline_harder,Baseline harder irregularity,0.2,1,mean_impute,Mean imputation,0.914070839524642,0.7554450809785863,1.0,500,1,,,,,,,,0.2
1200101,baseline_harder,Baseline harder irregularity,0.2,1,complete_case,Complete case,,,1.0,179,1,,,,,,,,0.2
1200102,baseline_harder,Baseline harder irregularity,0.2,1,full_data,Full data,0.0,0.0,1.0,500,1,,,,,,,,0.2
1200102,baseline_harder,Baseline harder irregularity,0.2,1,mean_impute,Mean imputation,0.9413555257276012,0.8031642046609373,1.0,500,1,,,,,,,,0.2
1200102,baseline_harder,Baseline harder irregularity,0.2,1,complete_case,Complete case,,,1.0,174,1,,,,,,,,0.2
1200103,baseline_harder,Baseline harder irregularity,0.2,1,full_data,Full data,0.0,0.0,1.0,500,1,,,,,,,,0.2
1200103,baseline_harder,Baseline harder irregularity,0.2,1,mean_impute,Mean imputation,0.9462230534749916,0.776609127492355,1.0,500,1,,,,,,,,0.2
1200103,baseline_harder,Baseline harder irregularity,0.2,1,complete_case,Complete case,,,1.0,184,1,,,,,,,,0.2
1200104,baseline_harder,Baseline harder irregularity,0.2,1,full_data,Full data,0.0,0.0,1.0,500,1,,,,,,,,0.2
1200104,baseline_harder,Baseline harder irregularity,0.2,1,mean_impute,Mean imputation,0.9886542955354192,0.8451495930913195,1.0,500,1,,,,,,,,0.2
1200104,baseline_harder,Baseline harder irregularity,0.2,1,complete_case,Complete case,,,1.0,170,1,,,,,,,,0.2
1200105,baseline_harder,Baseline harder irregularity,0.2,1,full_data,Full data,0.0,0.0,1.0,500,1,,,,,,,,0.2
1200105,baseline_harder,Baseline harder irregularity,0.2,1,mean_impute,Mean imputation,0.8901499346402879,0.749610578321664,1.0,500,1,,,,,,,,0.2
1200105,baseline_harder,Baseline harder irregularity,0.2,1,complete_case,Complete case,,,1.0,163,1,,,,,,,,0.2
1200106,baseline_harder,Baseline harder irregularity,0.2,1,full_data,Full data,0.0,0.0,1.0,500,1,,,,,,,,0.2
1200106,baseline_harder,Baseline harder irregularity,0.2,1,mean_impute,Mean imputation,1.0124781313382816,0.8581888950204983,1.0,500,1,,,,,,,,0.2
1200106,baseline_harder,Baseline harder irregularity,0.2,1,complete_case,Complete case,,,1.0,173,1,,,,,,,,0.2
1200107,baseline_harder,Baseline harder irregularity,0.2,1,full_data,Full data,0.0,0.0,1.0,500,1,,,,,,,,0.2
1200107,baseline_harder,Baseline harder irregularity,0.2,1,mean_impute,Mean imputation,0.9062283467835311,0.7752451452782743,1.0,500,1,,,,,,,,0.2
1200107,baseline_harder,Baseline harder irregularity,0.2,1,complete_case,Complete case,,,1.0,167,1,,,,,,,,0.2
1200108,baseline_harder,Baseline harder irregularity,0.2,1,full_data,Full data,0.0,0.0,1.0,500,1,,,,,,,,0.2
1200108,baseline_harder,Baseline harder irregularity,0.2,1,mean_impute,Mean imputation,0.9161754747042364,0.770687970595681,1.0,500,1,,,,,,,,0.2
1200108,baseline_harder,Baseline harder irregularity,0.2,1,complete_case,Complete case,,,1.0,181,1,,,,,,,,0.2
1200109,baseline_harder,Baseline harder irregularity,0.2,1,full_data,Full data,0.0,0.0,1.0,500,1,,,,,,,,0.2
1200109,baseline_harder,Baseline harder irregularity,0.2,1,mean_impute,Mean imputation,0.9199462047186302,0.7556306451568364,1.0,500,1,,,,,,,,0.2
1200109,baseline_harder,Baseline harder irregularity,0.2,1,complete_case,Complete case,,,1.0,175,1,,,,,,,,0.2
1200110,baseline_harder,Baseline harder irregularity,0.2,1,full_data,Full data,0.0,0.0,1.0,500,1,,,,,,,,0.2
1200110,baseline_harder,Baseline harder irregularity,0.2,1,mean_impute,Mean imputation,0.8617660728004005,0.7444056140905735,1.0,500,1,,,,,,,,0.2
1200110,baseline_harder,Baseline harder irregularity,0.2,1,complete_case,Complete case,,,1.0,175,1,,,,,,,,0.2
1200111,baseline_harder,Baseline harder irregularity,0.2,1,full_data,Full data,0.0,0.0,1.0,500,1,,,,,,,,0.2
1200111,baseline_harder,Baseline harder irregularity,0.2,1,mean_impute,Mean imputation,0.8950992248325969,0.776657626651218,1.0,500,1,,,,,,,,0.2
1200111,baseline_harder,Baseline harder irregularity,0.2,1,complete_case,Complete case,,,1.0,169,1,,,,,,,,0.2
1200112,baseline_harder,Baseline harder irregularity,0.2,1,full_data,Full data,0.0,0.0,1.0,500,1,,,,,,,,0.2
1200112,baseline_harder,Baseline harder irregularity,0.2,1,mean_impute,Mean imputation,0.9269938033692684,0.7615413469190428,1.0,500,1,,,,,,,,0.2
1200112,baseline_harder,Baseline harder irregularity,0.2,1,complete_case,Complete case,,,1.0,180,1,,,,,,,,0.2
1200113,baseline_harder,Baseline harder irregularity,0.2,1,full_data,Full data,0.0,0.0,1.0,500,1,,,,,,,,0.2
1200113,baseline_harder,Baseline harder irregularity,0.2,1,mean_impute,Mean imputation,0.9659324927292728,0.8343238165042024,1.0,500,1,,,,,,,,0.2
1200113,baseline_harder,Baseline harder irregularity,0.2,1,complete_case,Complete case,,,1.0,181,1,,,,,,,,0.2
1200114,baseline_harder,Baseline harder irregularity,0.2,1,full_data,Full data,0.0,0.0,1.0,500,1,,,,,,,,0.2
1200114,baseline_harder,Baseline harder irregularity,0.2,1,mean_impute,Mean imputation,1.0008181437015788,0.8593981728612854,1.0,500,1,,,,,,,,0.2
1200114,baseline_harder,Baseline harder irregularity,0.2,1,complete_case,Complete case,,,1.0,165,1,,,,,,,,0.2
1200115,baseline_harder,Baseline harder irregularity,0.2,1,full_data,Full data,0.0,0.0,1.0,500,1,,,,,,,,0.2
1200115,baseline_harder,Baseline harder irregularity,0.2,1,mean_impute,Mean imputation,0.9645570422201388,0.8274700273722916,1.0,500,1,,,,,,,,0.2
1200115,baseline_harder,Baseline harder irregularity,0.2,1,complete_case,Complete case,,,1.0,189,1,,,,,,,,0.2
1200116,baseline_harder,Baseline harder irregularity,0.2,1,full_data,Full data,0.0,0.0,1.0,500,1,,,,,,,,0.2
1200116,baseline_harder,Baseline harder irregularity,0.2,1,mean_impute,Mean imputation,0.9337232443772124,0.8113280094058732,1.0,500,1,,,,,,,,0.2
1200116,baseline_harder,Baseline harder irregularity,0.2,1,complete_case,Complete case,,,1.0,166,1,,,,,,,,0.2
1200117,baseline_harder,Baseline harder irregularity,0.2,1,full_data,Full data,0.0,0.0,1.0,500,1,,,,,,,,0.2
1200117,baseline_harder,Baseline harder irregularity,0.2,1,mean_impute,Mean imputation,0.965615693477348,0.8122510664011601,1.0,500,1,,,,,,,,0.2
1200117,baseline_harder,Baseline harder irregularity,0.2,1,complete_case,Complete case,,,1.0,170,1,,,,,,,,0.2
1200118,baseline_harder,Baseline harder irregularity,0.2,1,full_data,Full data,0.0,0.0,1.0,500,1,,,,,,,,0.2
1200118,baseline_harder,Baseline harder irregularity,0.2,1,mean_impute,Mean imputation,0.8876462355028367,0.7194801961791654,1.0,500,1,,,,,,,,0.2
1200118,baseline_harder,Baseline harder irregularity,0.2,1,complete_case,Complete case,,,1.0,171,1,,,,,,,,0.2
1200119,baseline_harder,Baseline harder irregularity,0.2,1,full_data,Full data,0.0,0.0,1.0,500,1,,,,,,,,0.2
1200119,baseline_harder,Baseline harder irregularity,0.2,1,mean_impute,Mean imputation,0.9054715425480194,0.7981017968633913,1.0,500,1,,,,,,,,0.2
1200119,baseline_harder,Baseline harder irregularity,0.2,1,complete_case,Complete case,,,1.0,158,1,,,,,,,,0.2
1200120,baseline_harder,Baseline harder irregularity,0.2,1,full_data,Full data,0.0,0.0,1.0,500,1,,,,,,,,0.2
1200120,baseline_harder,Baseline harder irregularity,0.2,1,mean_impute,Mean imputation,0.9334568314217556,0.8111176847075066,1.0,500,1,,,,,,,,0.2
1200120,baseline_harder,Baseline harder irregularity,0.2,1,complete_case,Complete case,,,1.0,164,1,,,,,,,,0.2
1200121,baseline_harder,Baseline harder irregularity,0.2,1,full_data,Full data,0.0,0.0,1.0,500,1,,,,,,,,0.2
1200121,baseline_harder,Baseline harder irregularity,0.2,1,mean_impute,Mean imputation,0.9340728322671308,0.7996069231237802,1.0,500,1,,,,,,,,0.2
1200121,baseline_harder,Baseline harder irregularity,0.2,1,complete_case,Complete case,,,1.0,179,1,,,,,,,,0.2
1200122,baseline_harder,Baseline harder irregularity,0.2,1,full_data,Full data,0.0,0.0,1.0,500,1,,,,,,,,0.2
1200122,baseline_harder,Baseline harder irregularity,0.2,1,mean_impute,Mean imputation,0.9672360831581536,0.8118957371632947,1.0,500,1,,,,,,,,0.2
1200122,baseline_harder,Baseline harder irregularity,0.2,1,complete_case,Complete case,,,1.0,177,1,,,,,,,,0.2
1200123,baseline_harder,Baseline harder irregularity,0.2,1,full_data,Full data,0.0,0.0,1.0,500,1,,,,,,,,0.2
1200123,baseline_harder,Baseline harder irregularity,0.2,1,mean_impute,Mean imputation,0.9490175621822424,0.812069482476962,1.0,500,1,,,,,,,,0.2
1200123,baseline_harder,Baseline harder irregularity,0.2,1,complete_case,Complete case,,,1.0,178,1,,,,,,,,0.2
1200124,baseline_harder,Baseline harder irregularity,0.2,1,full_data,Full data,0.0,0.0,1.0,500,1,,,,,,,,0.2
1200124,baseline_harder,Baseline harder irregularity,0.2,1,mean_impute,Mean imputation,0.9165427900105914,0.7825013360322456,1.0,500,1,,,,,,,,0.2
1200124,baseline_harder,Baseline harder irregularity,0.2,1,complete_case,Complete case,,,1.0,175,1,,,,,,,,0.2
1200125,baseline_harder,Baseline harder irregularity,0.2,1,full_data,Full data,0.0,0.0,1.0,500,1,,,,,,,,0.2
1200125,baseline_harder,Baseline harder irregularity,0.2,1,mean_impute,Mean imputation,0.9415485193720208,0.8052108474825025,1.0,500,1,,,,,,,,0.2
1200125,baseline_harder,Baseline harder irregularity,0.2,1,complete_case,Complete case,,,1.0,178,1,,,,,,,,0.2
1200126,baseline_harder,Baseline harder irregularity,0.2,1,full_data,Full data,0.0,0.0,1.0,500,1,,,,,,,,0.2
1200126,baseline_harder,Baseline harder irregularity,0.2,1,mean_impute,Mean imputation,0.9255289585620328,0.7796195866789242,1.0,500,1,,,,,,,,0.2
1200127,baseline_harder,Baseline harder irregularity,0.2,1,full_data,Full data,0.0,0.0,1.0,500,1,,,,,,,,0.2
1200127,baseline_harder,Baseline harder irregularity,0.2,1,mean_impute,Mean imputation,1.007518362279752,0.839793891820326,1.0,500,1,,,,,,,,0.2
1200127,baseline_harder,Baseline harder irregularity,0.2,1,complete_case,Complete case,,,1.0,192,1,,,,,,,,0.2
1200128,baseline_harder,Baseline harder irregularity,0.2,1,full_data,Full data,0.0,0.0,1.0,500,1,,,,,,,,0.2
1200128,baseline_harder,Baseline harder irregularity,0.2,1,mean_impute,Mean imputation,0.8908189119806048,0.7571639124073963,1.0,500,1,,,,,,,,0.2
1200128,baseline_harder,Baseline harder irregularity,0.2,1,complete_case,Complete case,,,1.0,166,1,,,,,,,,0.2
1200129,baseline_harder,Baseline harder irregularity,0.2,1,full_data,Full data,0.0,0.0,1.0,500,1,,,,,,,,0.2
1200129,baseline_harder,Baseline harder irregularity,0.2,1,mean_impute,Mean imputation,0.9167777857295306,0.7990945806273364,1.0,500,1,,,,,,,,0.2
1200129,baseline_harder,Baseline harder irregularity,0.2,1,complete_case,Complete case,,,1.0,151,1,,,,,,,,0.2
1200130,baseline_harder,Baseline harder irregularity,0.2,1,full_data,Full data,0.0,0.0,1.0,500,1,,,,,,,,0.2
1200130,baseline_harder,Baseline harder irregularity,0.2,1,mean_impute,Mean imputation,0.8752140596869269,0.7525350110104391,1.0,500,1,,,,,,,,0.2
1200130,baseline_harder,Baseline harder irregularity,0.2,1,complete_case,Complete case,,,1.0,187,1,,,,,,,,0.2
1200131,baseline_harder,Baseline harder irregularity,0.2,1,full_data,Full data,0.0,0.0,1.0,500,1,,,,,,,,0.2
1200131,baseline_harder,Baseline harder irregularity,0.2,1,mean_impute,Mean imputation,0.92382609496646,0.7486061951718751,1.0,500,1,,,,,,,,0.2
1200131,baseline_harder,Baseline harder irregularity,0.2,1,complete_case,Complete case,,,1.0,182,1,,,,,,,,0.2
1200132,baseline_harder,Baseline harder irregularity,0.2,1,full_data,Full data,0.0,0.0,1.0,500,1,,,,,,,,0.2
1200132,baseline_harder,Baseline harder irregularity,0.2,1,mean_impute,Mean imputation,0.9387298763995487,0.7932796963731115,1.0,500,1,,,,,,,,0.2
1200132,baseline_harder,Baseline harder irregularity,0.2,1,complete_case,Complete case,,,1.0,201,1,,,,,,,,0.2
1200133,baseline_harder,Baseline harder irregularity,0.2,1,full_data,Full data,0.0,0.0,1.0,500,1,,,,,,,,0.2
1200133,baseline_harder,Baseline harder irregularity,0.2,1,mean_impute,Mean imputation,0.986784200010178,0.8033800733665386,1.0,500,1,,,,,,,,0.2
1200133,baseline_harder,Baseline harder irregularity,0.2,1,complete_case,Complete case,,,1.0,189,1,,,,,,,,0.2
1200134,baseline_harder,Baseline harder irregularity,0.2,1,full_data,Full data,0.0,0.0,1.0,500,1,,,,,,,,0.2
1200134,baseline_harder,Baseline harder irregularity,0.2,1,mean_impute,Mean imputation,0.9291143772872812,0.7845394824809404,1.0,500,1,,,,,,,,0.2
1200134,baseline_harder,Baseline harder irregularity,0.2,1,complete_case,Complete case,,,1.0,170,1,,,,,,,,0.2
1200135,baseline_harder,Baseline harder irregularity,0.2,1,full_data,Full data,0.0,0.0,1.0,500,1,,,,,,,,0.2
1200135,baseline_harder,Baseline harder irregularity,0.2,1,mean_impute,Mean imputation,0.9746999581425684,0.8351102486908866,1.0,500,1,,,,,,,,0.2
1200135,baseline_harder,Baseline harder irregularity,0.2,1,complete_case,Complete case,,,1.0,165,1,,,,,,,,0.2
1200136,baseline_harder,Baseline harder irregularity,0.2,1,full_data,Full data,0.0,0.0,1.0,500,1,,,,,,,,0.2
1200136,baseline_harder,Baseline harder irregularity,0.2,1,mean_impute,Mean imputation,0.9616700515074283,0.8001417802966561,1.0,500,1,,,,,,,,0.2
1200136,baseline_harder,Baseline harder irregularity,0.2,1,complete_case,Complete case,,,1.0,192,1,,,,,,,,0.2
1200137,baseline_harder,Baseline harder irregularity,0.2,1,full_data,Full data,0.0,0.0,1.0,500,1,,,,,,,,0.2
1200137,baseline_harder,Baseline harder irregularity,0.2,1,mean_impute,Mean imputation,0.8994022351644204,0.7439196099435269,1.0,500,1,,,,,,,,0.2
1200137,baseline_harder,Baseline harder irregularity,0.2,1,complete_case,Complete case,,,1.0,176,1,,,,,,,,0.2
1200138,baseline_harder,Baseline harder irregularity,0.2,1,full_data,Full data,0.0,0.0,1.0,500,1,,,,,,,,0.2
1200138,baseline_harder,Baseline harder irregularity,0.2,1,mean_impute,Mean imputation,0.9921073475210724,0.8572163566846783,1.0,500,1,,,,,,,,0.2
1200138,baseline_harder,Baseline harder irregularity,0.2,1,complete_case,Complete case,,,1.0,180,1,,,,,,,,0.2
1200139,baseline_harder,Baseline harder irregularity,0.2,1,full_data,Full data,0.0,0.0,1.0,500,1,,,,,,,,0.2
1200139,baseline_harder,Baseline harder irregularity,0.2,1,mean_impute,Mean imputation,0.9298141782672568,0.7912755121031355,1.0,500,1,,,,,,,,0.2
1200139,baseline_harder,Baseline harder irregularity,0.2,1,complete_case,Complete case,,,1.0,180,1,,,,,,,,0.2
1200140,baseline_harder,Baseline harder irregularity,0.2,1,full_data,Full data,0.0,0.0,1.0,500,1,,,,,,,,0.2
1200140,baseline_harder,Baseline harder irregularity,0.2,1,mean_impute,Mean imputation,0.913809173330448,0.753800338079206,1.0,500,1,,,,,,,,0.2
1200140,baseline_harder,Baseline harder irregularity,0.2,1,complete_case,Complete case,,,1.0,180,1,,,,,,,,0.2
1200141,baseline_harder,Baseline harder irregularity,0.2,1,full_data,Full data,0.0,0.0,1.0,500,1,,,,,,,,0.2
1200141,baseline_harder,Baseline harder irregularity,0.2,1,mean_impute,Mean imputation,0.913128088697905,0.7808221871597502,1.0,500,1,,,,,,,,0.2
1200141,baseline_harder,Baseline harder irregularity,0.2,1,complete_case,Complete case,,,1.0,166,1,,,,,,,,0.2
1200142,baseline_harder,Baseline harder irregularity,0.2,1,full_data,Full data,0.0,0.0,1.0,500,1,,,,,,,,0.2
1200142,baseline_harder,Baseline harder irregularity,0.2,1,mean_impute,Mean imputation,0.9548556164451358,0.8274760296370133,1.0,500,1,,,,,,,,0.2
1200142,baseline_harder,Baseline harder irregularity,0.2,1,complete_case,Complete case,,,1.0,178,1,,,,,,,,0.2
1200143,baseline_harder,Baseline harder irregularity,0.2,1,full_data,Full data,0.0,0.0,1.0,500,1,,,,,,,,0.2
1200143,baseline_harder,Baseline harder irregularity,0.2,1,mean_impute,Mean imputation,0.950411387996863,0.8219753063768825,1.0,500,1,,,,,,,,0.2
1200143,baseline_harder,Baseline harder irregularity,0.2,1,complete_case,Complete case,,,1.0,169,1,,,,,,,,0.2
1200144,baseline_harder,Baseline harder irregularity,0.2,1,full_data,Full data,0.0,0.0,1.0,500,1,,,,,,,,0.2
1200144,baseline_harder,Baseline harder irregularity,0.2,1,mean_impute,Mean imputation,0.912740914355931,0.745494733879605,1.0,500,1,,,,,,,,0.2
1200144,baseline_harder,Baseline harder irregularity,0.2,1,complete_case,Complete case,,,1.0,181,1,,,,,,,,0.2
1200145,baseline_harder,Baseline harder irregularity,0.2,1,full_data,Full data,0.0,0.0,1.0,500,1,,,,,,,,0.2
1200145,baseline_harder,Baseline harder irregularity,0.2,1,mean_impute,Mean imputation,0.9344917364735368,0.7992386055328887,1.0,500,1,,,,,,,,0.2
1200145,baseline_harder,Baseline harder irregularity,0.2,1,complete_case,Complete case,,,1.0,184,1,,,,,,,,0.2
1200146,baseline_harder,Baseline harder irregularity,0.2,1,full_data,Full data,0.0,0.0,1.0,500,1,,,,,,,,0.2
1200146,baseline_harder,Baseline harder irregularity,0.2,1,mean_impute,Mean imputation,0.9182441274654848,0.7892202319025521,1.0,500,1,,,,,,,,0.2
1200146,baseline_harder,Baseline harder irregularity,0.2,1,complete_case,Complete case,,,1.0,169,1,,,,,,,,0.2
1200147,baseline_harder,Baseline harder irregularity,0.2,1,full_data,Full data,0.0,0.0,1.0,500,1,,,,,,,,0.2
1200147,baseline_harder,Baseline harder irregularity,0.2,1,mean_impute,Mean imputation,0.9755203373640738,0.8209304143514023,1.0,500,1,,,,,,,,0.2
1200147,baseline_harder,Baseline harder irregularity,0.2,1,complete_case,Complete case,,,1.0,184,1,,,,,,,,0.2
1200148,baseline_harder,Baseline harder irregularity,0.2,1,full_data,Full data,0.0,0.0,1.0,500,1,,,,,,,,0.2
1200148,baseline_harder,Baseline harder irregularity,0.2,1,mean_impute,Mean imputation,0.8890883313223529,0.7374299559274111,1.0,500,1,,,,,,,,0.2
1200148,baseline_harder,Baseline harder irregularity,0.2,1,complete_case,Complete case,,,1.0,189,1,,,,,,,,0.2
1200149,baseline_harder,Baseline harder irregularity,0.2,1,full_data,Full data,0.0,0.0,1.0,500,1,,,,,,,,0.2
1200149,baseline_harder,Baseline harder irregularity,0.2,1,mean_impute,Mean imputation,0.9282879123167528,0.769135267441785,1.0,500,1,,,,,,,,0.2
1200149,baseline_harder,Baseline harder irregularity,0.2,1,complete_case,Complete case,,,1.0,188,1,,,,,,,,0.2
1200150,baseline_harder,Baseline harder irregularity,0.2,1,full_data,Full data,0.0,0.0,1.0,500,1,,,,,,,,0.2
1200150,baseline_harder,Baseline harder irregularity,0.2,1,mean_impute,Mean imputation,0.9671203961686884,0.8528342872862016,1.0,500,1,,,,,,,,0.2
1200150,baseline_harder,Baseline harder irregularity,0.2,1,complete_case,Complete case,,,1.0,171,1,,,,,,,,0.2
1200151,baseline_harder,Baseline harder irregularity,0.2,1,full_data,Full data,0.0,0.0,1.0,500,1,,,,,,,,0.2
1200151,baseline_harder,Baseline harder irregularity,0.2,1,mean_impute,Mean imputation,0.8700692216394031,0.729600543435077,1.0,500,1,,,,,,,,0.2
1200151,baseline_harder,Baseline harder irregularity,0.2,1,complete_case,Complete case,,,1.0,181,1,,,,,,,,0.2
1200152,baseline_harder,Baseline harder irregularity,0.2,1,full_data,Full data,0.0,0.0,1.0,500,1,,,,,,,,0.2
1200152,baseline_harder,Baseline harder irregularity,0.2,1,mean_impute,Mean imputation,0.8904941108057587,0.7188264477407633,1.0,500,1,,,,,,,,0.2
1200152,baseline_harder,Baseline harder irregularity,0.2,1,complete_case,Complete case,,,1.0,180,1,,,,,,,,0.2
1200153,baseline_harder,Baseline harder irregularity,0.2,1,full_data,Full data,0.0,0.0,1.0,500,1,,,,,,,,0.2
1200153,baseline_harder,Baseline harder irregularity,0.2,1,mean_impute,Mean imputation,0.9145964004387964,0.7858265847889621,1.0,500,1,,,,,,,,0.2
1200153,baseline_harder,Baseline harder irregularity,0.2,1,complete_case,Complete case,,,1.0,181,1,,,,,,,,0.2
1200154,baseline_harder,Baseline harder irregularity,0.2,1,full_data,Full data,0.0,0.0,1.0,500,1,,,,,,,,0.2
1200154,baseline_harder,Baseline harder irregularity,0.2,1,mean_impute,Mean imputation,0.9126171604769814,0.7862419916087279,1.0,500,1,,,,,,,,0.2
1200154,baseline_harder,Baseline harder irregularity,0.2,1,complete_case,Complete case,,,1.0,170,1,,,,,,,,0.2
1200155,baseline_harder,Baseline harder irregularity,0.2,1,full_data,Full data,0.0,0.0,1.0,500,1,,,,,,,,0.2
1200155,baseline_harder,Baseline harder irregularity,0.2,1,mean_impute,Mean imputation,0.9549314898855176,0.8206282953153887,1.0,500,1,,,,,,,,0.2
1200155,baseline_harder,Baseline harder irregularity,0.2,1,complete_case,Complete case,,,1.0,187,1,,,,,,,,0.2
1200156,baseline_harder,Baseline harder irregularity,0.2,1,full_data,Full data,0.0,0.0,1.0,500,1,,,,,,,,0.2
1200156,baseline_harder,Baseline harder irregularity,0.2,1,mean_impute,Mean imputation,0.9912905844460708,0.7990431874916665,1.0,500,1,,,,,,,,0.2
1200156,baseline_harder,Baseline harder irregularity,0.2,1,complete_case,Complete case,,,1.0,188,1,,,,,,,,0.2
1200157,baseline_harder,Baseline harder irregularity,0.2,1,full_data,Full data,0.0,0.0,1.0,500,1,,,,,,,,0.2
1200157,baseline_harder,Baseline harder irregularity,0.2,1,mean_impute,Mean imputation,0.926235547900784,0.7840425897307033,1.0,500,1,,,,,,,,0.2
1200157,baseline_harder,Baseline harder irregularity,0.2,1,complete_case,Complete case,,,1.0,171,1,,,,,,,,0.2
1200158,baseline_harder,Baseline harder irregularity,0.2,1,full_data,Full data,0.0,0.0,1.0,500,1,,,,,,,,0.2
1200158,baseline_harder,Baseline harder irregularity,0.2,1,mean_impute,Mean imputation,0.8853474174175223,0.7560246074705085,1.0,500,1,,,,,,,,0.2
1200158,baseline_harder,Baseline harder irregularity,0.2,1,complete_case,Complete case,,,1.0,168,1,,,,,,,,0.2
1200159,baseline_harder,Baseline harder irregularity,0.2,1,full_data,Full data,0.0,0.0,1.0,500,1,,,,,,,,0.2
1200159,baseline_harder,Baseline harder irregularity,0.2,1,mean_impute,Mean imputation,1.0063845555146065,0.8971541872395155,1.0,500,1,,,,,,,,0.2
1200159,baseline_harder,Baseline harder irregularity,0.2,1,complete_case,Complete case,,,1.0,175,1,,,,,,,,0.2
1200160,baseline_harder,Baseline harder irregularity,0.2,1,full_data,Full data,0.0,0.0,1.0,500,1,,,,,,,,0.2
1200160,baseline_harder,Baseline harder irregularity,0.2,1,mean_impute,Mean imputation,0.991519612026614,0.8297911912928996,1.0,500,1,,,,,,,,0.2
1200160,baseline_harder,Baseline harder irregularity,0.2,1,complete_case,Complete case,,,1.0,181,1,,,,,,,,0.2
1200161,baseline_harder,Baseline harder irregularity,0.2,1,full_data,Full data,0.0,0.0,1.0,500,1,,,,,,,,0.2
1200161,baseline_harder,Baseline harder irregularity,0.2,1,mean_impute,Mean imputation,0.8909048703371265,0.7145011943609416,1.0,500,1,,,,,,,,0.2
1200161,baseline_harder,Baseline harder irregularity,0.2,1,complete_case,Complete case,,,1.0,179,1,,,,,,,,0.2
1200162,baseline_harder,Baseline harder irregularity,0.2,1,full_data,Full data,0.0,0.0,1.0,500,1,,,,,,,,0.2
1200162,baseline_harder,Baseline harder irregularity,0.2,1,mean_impute,Mean imputation,0.8968805391619701,0.7436644453611324,1.0,500,1,,,,,,,,0.2
1200162,baseline_harder,Baseline harder irregularity,0.2,1,complete_case,Complete case,,,1.0,172,1,,,,,,,,0.2
1200163,baseline_harder,Baseline harder irregularity,0.2,1,full_data,Full data,0.0,0.0,1.0,500,1,,,,,,,,0.2
1200163,baseline_harder,Baseline harder irregularity,0.2,1,mean_impute,Mean imputation,0.8748586042330284,0.7381295288793355,1.0,500,1,,,,,,,,0.2
1200163,baseline_harder,Baseline harder irregularity,0.2,1,complete_case,Complete case,,,1.0,180,1,,,,,,,,0.2
1200164,baseline_harder,Baseline harder irregularity,0.2,1,full_data,Full data,0.0,0.0,1.0,500,1,,,,,,,,0.2
1200164,baseline_harder,Baseline harder irregularity,0.2,1,mean_impute,Mean imputation,0.8856205425023788,0.7214069285485286,1.0,500,1,,,,,,,,0.2
1200164,baseline_harder,Baseline harder irregularity,0.2,1,complete_case,Complete case,,,1.0,166,1,,,,,,,,0.2
1200165,baseline_harder,Baseline harder irregularity,0.2,1,full_data,Full data,0.0,0.0,1.0,500,1,,,,,,,,0.2
1200165,baseline_harder,Baseline harder irregularity,0.2,1,mean_impute,Mean imputation,0.9149267980378144,0.7424911272424369,1.0,500,1,,,,,,,,0.2
1200165,baseline_harder,Baseline harder irregularity,0.2,1,complete_case,Complete case,,,1.0,183,1,,,,,,,,0.2
1200166,baseline_harder,Baseline harder irregularity,0.2,1,full_data,Full data,0.0,0.0,1.0,500,1,,,,,,,,0.2
1200166,baseline_harder,Baseline harder irregularity,0.2,1,mean_impute,Mean imputation,0.8774422947055097,0.7405608379667874,1.0,500,1,,,,,,,,0.2
1200166,baseline_harder,Baseline harder irregularity,0.2,1,complete_case,Complete case,,,1.0,175,1,,,,,,,,0.2
1200167,baseline_harder,Baseline harder irregularity,0.2,1,full_data,Full data,0.0,0.0,1.0,500,1,,,,,,,,0.2
1200167,baseline_harder,Baseline harder irregularity,0.2,1,mean_impute,Mean imputation,0.9910442000245454,0.8201003297562555,1.0,500,1,,,,,,,,0.2
1200167,baseline_harder,Baseline harder irregularity,0.2,1,complete_case,Complete case,,,1.0,189,1,,,,,,,,0.2
1200168,baseline_harder,Baseline harder irregularity,0.2,1,full_data,Full data,0.0,0.0,1.0,500,1,,,,,,,,0.2
1200168,baseline_harder,Baseline harder irregularity,0.2,1,mean_impute,Mean imputation,0.9017937344454744,0.7598768983111631,1.0,500,1,,,,,,,,0.2
1200168,baseline_harder,Baseline harder irregularity,0.2,1,complete_case,Complete case,,,1.0,176,1,,,,,,,,0.2
1200169,baseline_harder,Baseline harder irregularity,0.2,1,full_data,Full data,0.0,0.0,1.0,500,1,,,,,,,,0.2
1200169,baseline_harder,Baseline harder irregularity,0.2,1,mean_impute,Mean imputation,0.912446733120712,0.751580801748319,1.0,500,1,,,,,,,,0.2
1200169,baseline_harder,Baseline harder irregularity,0.2,1,complete_case,Complete case,,,1.0,194,1,,,,,,,,0.2
1200170,baseline_harder,Baseline harder irregularity,0.2,1,full_data,Full data,0.0,0.0,1.0,500,1,,,,,,,,0.2
1200170,baseline_harder,Baseline harder irregularity,0.2,1,mean_impute,Mean imputation,0.9645433636392372,0.8433503425282303,1.0,500,1,,,,,,,,0.2
1200170,baseline_harder,Baseline harder irregularity,0.2,1,complete_case,Complete case,,,1.0,186,1,,,,,,,,0.2
1200171,baseline_harder,Baseline harder irregularity,0.2,1,full_data,Full data,0.0,0.0,1.0,500,1,,,,,,,,0.2
1200171,baseline_harder,Baseline harder irregularity,0.2,1,mean_impute,Mean imputation,0.9398963811587284,0.8075568505963896,1.0,500,1,,,,,,,,0.2
1200171,baseline_harder,Baseline harder irregularity,0.2,1,complete_case,Complete case,,,1.0,178,1,,,,,,,,0.2
1200172,baseline_harder,Baseline harder irregularity,0.2,1,full_data,Full data,0.0,0.0,1.0,500,1,,,,,,,,0.2
1200172,baseline_harder,Baseline harder irregularity,0.2,1,mean_impute,Mean imputation,0.935704314459555,0.794182052061921,1.0,500,1,,,,,,,,0.2
1200172,baseline_harder,Baseline harder irregularity,0.2,1,complete_case,Complete case,,,1.0,177,1,,,,,,,,0.2
1200173,baseline_harder,Baseline harder irregularity,0.2,1,full_data,Full data,0.0,0.0,1.0,500,1,,,,,,,,0.2
1200173,baseline_harder,Baseline harder irregularity,0.2,1,mean_impute,Mean imputation,0.9188526422996915,0.7871563694223902,1.0,500,1,,,,,,,,0.2
1200173,baseline_harder,Baseline harder irregularity,0.2,1,complete_case,Complete case,,,1.0,171,1,,,,,,,,0.2
1200174,baseline_harder,Baseline harder irregularity,0.2,1,full_data,Full data,0.0,0.0,1.0,500,1,,,,,,,,0.2
1200174,baseline_harder,Baseline harder irregularity,0.2,1,mean_impute,Mean imputation,0.9712790010183806,0.8130716185642555,1.0,500,1,,,,,,,,0.2
1200174,baseline_harder,Baseline harder irregularity,0.2,1,complete_case,Complete case,,,1.0,183,1,,,,,,,,0.2
1200175,baseline_harder,Baseline harder irregularity,0.2,1,full_data,Full data,0.0,0.0,1.0,500,1,,,,,,,,0.2
1200175,baseline_harder,Baseline harder irregularity,0.2,1,mean_impute,Mean imputation,0.9019317033872176,0.7705035180731781,1.0,500,1,,,,,,,,0.2
1200175,baseline_harder,Baseline harder irregularity,0.2,1,complete_case,Complete case,,,1.0,184,1,,,,,,,,0.2
1200176,baseline_harder,Baseline harder irregularity,0.2,1,full_data,Full data,0.0,0.0,1.0,500,1,,,,,,,,0.2
1200176,baseline_harder,Baseline harder irregularity,0.2,1,mean_impute,Mean imputation,0.9483072317872056,0.8190216603007885,1.0,500,1,,,,,,,,0.2
1200176,baseline_harder,Baseline harder irregularity,0.2,1,complete_case,Complete case,,,1.0,170,1,,,,,,,,0.2
1200177,baseline_harder,Baseline harder irregularity,0.2,1,full_data,Full data,0.0,0.0,1.0,500,1,,,,,,,,0.2
1200177,baseline_harder,Baseline harder irregularity,0.2,1,mean_impute,Mean imputation,0.973462167654363,0.8048773803232053,1.0,500,1,,,,,,,,0.2
1200177,baseline_harder,Baseline harder irregularity,0.2,1,complete_case,Complete case,,,1.0,189,1,,,,,,,,0.2
1200178,baseline_harder,Baseline harder irregularity,0.2,1,full_data,Full data,0.0,0.0,1.0,500,1,,,,,,,,0.2
1200178,baseline_harder,Baseline harder irregularity,0.2,1,mean_impute,Mean imputation,0.949846859096982,0.7998217314749837,1.0,500,1,,,,,,,,0.2
1200178,baseline_harder,Baseline harder irregularity,0.2,1,complete_case,Complete case,,,1.0,183,1,,,,,,,,0.2
1200179,baseline_harder,Baseline harder irregularity,0.2,1,full_data,Full data,0.0,0.0,1.0,500,1,,,,,,,,0.2
1200179,baseline_harder,Baseline harder irregularity,0.2,1,mean_impute,Mean imputation,0.9383101602841007,0.8128645787696163,1.0,500,1,,,,,,,,0.2
1200179,baseline_harder,Baseline harder irregularity,0.2,1,complete_case,Complete case,,,1.0,176,1,,,,,,,,0.2
1200180,baseline_harder,Baseline harder irregularity,0.2,1,full_data,Full data,0.0,0.0,1.0,500,1,,,,,,,,0.2
1200180,baseline_harder,Baseline harder irregularity,0.2,1,mean_impute,Mean imputation,0.9409006384262376,0.8130912793150505,1.0,500,1,,,,,,,,0.2
1200180,baseline_harder,Baseline harder irregularity,0.2,1,complete_case,Complete case,,,1.0,190,1,,,,,,,,0.2
1200181,baseline_harder,Baseline harder irregularity,0.2,1,full_data,Full data,0.0,0.0,1.0,500,1,,,,,,,,0.2
1200181,baseline_harder,Baseline harder irregularity,0.2,1,mean_impute,Mean imputation,0.8959761021306403,0.7797816418491823,1.0,500,1,,,,,,,,0.2
1200181,baseline_harder,Baseline harder irregularity,0.2,1,complete_case,Complete case,,,1.0,164,1,,,,,,,,0.2
1200182,baseline_harder,Baseline harder irregularity,0.2,1,full_data,Full data,0.0,0.0,1.0,500,1,,,,,,,,0.2
1200182,baseline_harder,Baseline harder irregularity,0.2,1,mean_impute,Mean imputation,0.8802841189815414,0.7492605270986911,1.0,500,1,,,,,,,,0.2
1200182,baseline_harder,Baseline harder irregularity,0.2,1,complete_case,Complete case,,,1.0,184,1,,,,,,,,0.2
1200183,baseline_harder,Baseline harder irregularity,0.2,1,full_data,Full data,0.0,0.0,1.0,500,1,,,,,,,,0.2
1200183,baseline_harder,Baseline harder irregularity,0.2,1,mean_impute,Mean imputation,0.94205578419083,0.7930473361169004,1.0,500,1,,,,,,,,0.2
1200183,baseline_harder,Baseline harder irregularity,0.2,1,complete_case,Complete case,,,1.0,173,1,,,,,,,,0.2
1200184,baseline_harder,Baseline harder irregularity,0.2,1,full_data,Full data,0.0,0.0,1.0,500,1,,,,,,,,0.2
1200184,baseline_harder,Baseline harder irregularity,0.2,1,mean_impute,Mean imputation,0.9281495747861964,0.8079388597016413,1.0,500,1,,,,,,,,0.2
1200184,baseline_harder,Baseline harder irregularity,0.2,1,complete_case,Complete case,,,1.0,184,1,,,,,,,,0.2
1200185,baseline_harder,Baseline harder irregularity,0.2,1,full_data,Full data,0.0,0.0,1.0,500,1,,,,,,,,0.2
1200185,baseline_harder,Baseline harder irregularity,0.2,1,mean_impute,Mean imputation,0.8882581556118173,0.7782597044496036,1.0,500,1,,,,,,,,0.2
1200185,baseline_harder,Baseline harder irregularity,0.2,1,complete_case,Complete case,,,1.0,165,1,,,,,,,,0.2
1200186,baseline_harder,Baseline harder irregularity,0.2,1,full_data,Full data,0.0,0.0,1.0,500,1,,,,,,,,0.2
1200186,baseline_harder,Baseline harder irregularity,0.2,1,mean_impute,Mean imputation,0.9052221919818708,0.7632203157990141,1.0,500,1,,,,,,,,0.2
1200186,baseline_harder,Baseline harder irregularity,0.2,1,complete_case,Complete case,,,1.0,179,1,,,,,,,,0.2
1200187,baseline_harder,Baseline harder irregularity,0.2,1,full_data,Full data,0.0,0.0,1.0,500,1,,,,,,,,0.2
1200187,baseline_harder,Baseline harder irregularity,0.2,1,mean_impute,Mean imputation,0.9140624347600936,0.7478150449146412,1.0,500,1,,,,,,,,0.2
1200187,baseline_harder,Baseline harder irregularity,0.2,1,complete_case,Complete case,,,1.0,185,1,,,,,,,,0.2
1200188,baseline_harder,Baseline harder irregularity,0.2,1,full_data,Full data,0.0,0.0,1.0,500,1,,,,,,,,0.2
1200188,baseline_harder,Baseline harder irregularity,0.2,1,mean_impute,Mean imputation,0.9839307989282438,0.8525407748773293,1.0,500,1,,,,,,,,0.2
1200188,baseline_harder,Baseline harder irregularity,0.2,1,complete_case,Complete case,,,1.0,161,1,,,,,,,,0.2
1200189,baseline_harder,Baseline harder irregularity,0.2,1,full_data,Full data,0.0,0.0,1.0,500,1,,,,,,,,0.2
1200189,baseline_harder,Baseline harder irregularity,0.2,1,mean_impute,Mean imputation,0.9747716213612496,0.8223569592793597,1.0,500,1,,,,,,,,0.2
1200189,baseline_harder,Baseline harder irregularity,0.2,1,complete_case,Complete case,,,1.0,185,1,,,,,,,,0.2
1200190,baseline_harder,Baseline harder irregularity,0.2,1,full_data,Full data,0.0,0.0,1.0,500,1,,,,,,,,0.2
1200190,baseline_harder,Baseline harder irregularity,0.2,1,mean_impute,Mean imputation,0.967882607697328,0.8153354432567208,1.0,500,1,,,,,,,,0.2
1200190,baseline_harder,Baseline harder irregularity,0.2,1,complete_case,Complete case,,,1.0,183,1,,,,,,,,0.2
1200191,baseline_harder,Baseline harder irregularity,0.2,1,full_data,Full data,0.0,0.0,1.0,500,1,,,,,,,,0.2
1200191,baseline_harder,Baseline harder irregularity,0.2,1,mean_impute,Mean imputation,0.9285186087295252,0.75878147614759,1.0,500,1,,,,,,,,0.2
1200191,baseline_harder,Baseline harder irregularity,0.2,1,complete_case,Complete case,,,1.0,182,1,,,,,,,,0.2
1200192,baseline_harder,Baseline harder irregularity,0.2,1,full_data,Full data,0.0,0.0,1.0,500,1,,,,,,,,0.2
1200192,baseline_harder,Baseline harder irregularity,0.2,1,mean_impute,Mean imputation,0.903942225431989,0.7534263365480292,1.0,500,1,,,,,,,,0.2
1200192,baseline_harder,Baseline harder irregularity,0.2,1,complete_case,Complete case,,,1.0,169,1,,,,,,,,0.2
1200193,baseline_harder,Baseline harder irregularity,0.2,1,full_data,Full data,0.0,0.0,1.0,500,1,,,,,,,,0.2
1200193,baseline_harder,Baseline harder irregularity,0.2,1,mean_impute,Mean imputation,0.9950552880729158,0.8836030993743069,1.0,500,1,,,,,,,,0.2
1200193,baseline_harder,Baseline harder irregularity,0.2,1,complete_case,Complete case,,,1.0,163,1,,,,,,,,0.2
1200194,baseline_harder,Baseline harder irregularity,0.2,1,full_data,Full data,0.0,0.0,1.0,500,1,,,,,,,,0.2
1200194,baseline_harder,Baseline harder irregularity,0.2,1,mean_impute,Mean imputation,0.9418788815859735,0.803550399158702,1.0,500,1,,,,,,,,0.2
1200194,baseline_harder,Baseline harder irregularity,0.2,1,complete_case,Complete case,,,1.0,175,1,,,,,,,,0.2
1200195,baseline_harder,Baseline harder irregularity,0.2,1,full_data,Full data,0.0,0.0,1.0,500,1,,,,,,,,0.2
1200195,baseline_harder,Baseline harder irregularity,0.2,1,mean_impute,Mean imputation,0.9855763030622556,0.8598715254921986,1.0,500,1,,,,,,,,0.2
1200195,baseline_harder,Baseline harder irregularity,0.2,1,complete_case,Complete case,,,1.0,182,1,,,,,,,,0.2
1200196,baseline_harder,Baseline harder irregularity,0.2,1,full_data,Full data,0.0,0.0,1.0,500,1,,,,,,,,0.2
1200196,baseline_harder,Baseline harder irregularity,0.2,1,mean_impute,Mean imputation,0.9528010771393258,0.8285049420233739,1.0,500,1,,,,,,,,0.2
1200196,baseline_harder,Baseline harder irregularity,0.2,1,complete_case,Complete case,,,1.0,183,1,,,,,,,,0.2
1200197,baseline_harder,Baseline harder irregularity,0.2,1,full_data,Full data,0.0,0.0,1.0,500,1,,,,,,,,0.2
1200197,baseline_harder,Baseline harder irregularity,0.2,1,mean_impute,Mean imputation,1.034672033629777,0.8757555836779942,1.0,500,1,,,,,,,,0.2
1200198,baseline_harder,Baseline harder irregularity,0.2,1,full_data,Full data,0.0,0.0,1.0,500,1,,,,,,,,0.2
1200198,baseline_harder,Baseline harder irregularity,0.2,1,mean_impute,Mean imputation,0.9159690902164104,0.7449830282968855,1.0,500,1,,,,,,,,0.2
1200198,baseline_harder,Baseline harder irregularity,0.2,1,complete_case,Complete case,,,1.0,185,1,,,,,,,,0.2
1200199,baseline_harder,Baseline harder irregularity,0.2,1,full_data,Full data,0.0,0.0,1.0,500,1,,,,,,,,0.2
1200199,baseline_harder,Baseline harder irregularity,0.2,1,mean_impute,Mean imputation,0.9859916447355804,0.8318152619333367,1.0,500,1,,,,,,,,0.2
1200199,baseline_harder,Baseline harder irregularity,0.2,1,complete_case,Complete case,,,1.0,180,1,,,,,,,,0.2
1200000,baseline_harder,Baseline harder irregularity,0.4,50,brits_mi_refined,BRITS-MI,0.6058777570724487,0.691556795418241,1.0,500,50,,0.6860897435897435,0.6145567412837792,0.6375243242864759,0.8500545256270448,2.021899461746216,8.63670301437378,0.4
1200001,baseline_harder,Baseline harder irregularity,0.4,50,brits_mi_refined,BRITS-MI,0.6041287779808044,0.7026733773210123,1.0,500,50,,0.7847448946930413,0.7404213599385802,0.566049734780244,0.8311258278145696,2.0919201374053955,18.91909098625183,0.4
1200002,baseline_harder,Baseline harder irregularity,0.4,50,brits_mi_refined,BRITS-MI,0.632233738899231,0.7193207060668149,1.0,500,50,,0.7228809202493413,0.6655082259328055,0.6128951994360704,0.8355855855855856,2.069322109222412,15.221350193023682,0.4
1200003,baseline_harder,Baseline harder irregularity,0.4,50,brits_mi_refined,BRITS-MI,0.6530210375785828,0.760876734260442,1.0,500,50,,0.7596478591436575,0.745529051907593,0.583406811229896,0.8194986072423398,2.0429341793060303,16.72223687171936,0.4
1200004,baseline_harder,Baseline harder irregularity,0.4,50,brits_mi_refined,BRITS-MI,0.6048421263694763,0.6873963561139205,1.0,500,50,,0.7369757759881693,0.6893342638051493,0.6045015708571636,0.8266965787997756,1.993978261947632,16.81587290763855,0.4
1200005,baseline_harder,Baseline harder irregularity,0.4,50,brits_mi_refined,BRITS-MI,0.6226184964179993,0.7222352648797465,1.0,500,50,,0.7286586832106958,0.7044365254683222,0.6063692239316846,0.872093023255814,2.242915391921997,15.083415269851685,0.4
1200006,baseline_harder,Baseline harder irregularity,0.4,50,brits_mi_refined,BRITS-MI,0.6504879593849182,0.7698764340500573,1.0,500,50,,0.7438204405737705,0.6940234726288732,0.6041921657335044,0.8449697636063771,2.1472766399383545,14.108102321624756,0.4
1200007,baseline_harder,Baseline harder irregularity,0.4,50,brits_mi_refined,BRITS-MI,0.6147174835205078,0.7267382558398072,1.0,500,50,,0.5613899985560957,0.5060809614800097,0.7010724274168901,0.8290126861555432,2.119894027709961,11.45118498802185,0.4
1200008,baseline_harder,Baseline harder irregularity,0.4,50,brits_mi_refined,BRITS-MI,0.6166900992393494,0.6999844370742767,1.0,500,50,,0.7896587715776797,0.7119500000516908,0.5677998675360454,0.867557039510295,2.313509225845337,15.091971158981323,0.4
1200009,baseline_harder,Baseline harder irregularity,0.4,50,brits_mi_refined,BRITS-MI,0.6149117946624756,0.7344312062289045,1.0,500,50,,0.7290388217815387,0.673006404944171,0.6074164215057208,0.8212321232123212,2.0672249794006348,15.29469895362854,0.4
1200010,baseline_harder,Baseline harder irregularity,0.4,50,brits_mi_refined,BRITS-MI,0.6435361504554749,0.7484937262780105,1.0,500,50,,0.7266772880155781,0.6470414425585194,0.6121272656993174,0.8167981961668546,2.0045177936553955,16.09856605529785,0.4
1200011,baseline_harder,Baseline harder irregularity,0.4,50,brits_mi_refined,BRITS-MI,0.6318928003311157,0.7640019849639222,1.0,500,50,,0.658772477622456,0.6082987829419912,0.6520262247638334,0.8130125751776928,1.970026612281799,16.684160947799683,0.4
1200012,baseline_harder,Baseline harder irregularity,0.4,50,brits_mi_refined,BRITS-MI,0.6305251121520996,0.741365498478466,1.0,500,50,,0.7617106625258799,0.7083573308710855,0.581383017466256,0.8577802565532627,2.3340141773223877,16.98959493637085,0.4
1200013,baseline_harder,Baseline harder irregularity,0.4,50,brits_mi_refined,BRITS-MI,0.6213483214378357,0.7078775349466022,1.0,500,50,,0.7601602564102564,0.6944513981069331,0.5886497203958627,0.8305647840531561,2.109867572784424,17.067173719406128,0.4
1200014,baseline_harder,Baseline harder irregularity,0.4,50,brits_mi_refined,BRITS-MI,0.6170811653137207,0.7260124101554137,1.0,500,50,,0.6801926936973103,0.6232710586646876,0.6476108347001651,0.8497807017543859,2.1214935779571533,17.770092010498047,0.4
1200015,baseline_harder,Baseline harder irregularity,0.4,50,brits_mi_refined,BRITS-MI,0.6148777008056641,0.725061187384742,1.0,500,50,,0.7211433172302738,0.6720792299835272,0.6174004143655977,0.816538882803943,2.0029592514038086,16.02410316467285,0.4
1200016,baseline_harder,Baseline harder irregularity,0.4,50,brits_mi_refined,BRITS-MI,0.6157029271125793,0.7281477584206324,1.0,500,50,,0.7624509992931044,0.7128884780842146,0.5795265089031573,0.79312257348863,1.9960910081863403,16.555880069732666,0.4
1200017,baseline_harder,Baseline harder irregularity,0.4,50,brits_mi_refined,BRITS-MI,0.5953394770622253,0.6854093264038562,1.0,500,50,,0.7580983491056987,0.717856823132756,0.5866725559843323,0.8839436619718309,2.3214855194091797,14.054910898208618,0.4
1200018,baseline_harder,Baseline harder irregularity,0.4,50,brits_mi_refined,BRITS-MI,0.6102489233016968,0.6956111399307565,1.0,500,50,,0.7568319344134298,0.6426813828300386,0.591679846461032,0.8314803978935049,2.0773003101348877,18.496466159820557,0.4
1200019,baseline_harder,Baseline harder irregularity,0.4,50,brits_mi_refined,BRITS-MI,0.6323376893997192,0.7279097165761413,1.0,500,50,,0.7092161016949153,0.6388001323088877,0.6234156441141012,0.8224819143016138,2.074229001998902,18.844111919403076,0.4
1200020,baseline_harder,Baseline harder irregularity,0.4,50,brits_mi_refined,BRITS-MI,0.609538197517395,0.7187361974520733,1.0,500,50,,0.7559901338971107,0.7118914409602913,0.5913911108879443,0.8587848932676518,2.227824449539185,21.501938819885257,0.4
1200021,baseline_harder,Baseline harder irregularity,0.4,50,brits_mi_refined,BRITS-MI,0.622497022151947,0.727237333095717,1.0,500,50,,0.6676586825389206,0.6283608174223583,0.6459193168368543,0.839472237493128,2.0528106689453125,22.043624877929688,0.4
1200022,baseline_harder,Baseline harder irregularity,0.4,50,brits_mi_refined,BRITS-MI,0.5923174619674683,0.6842652779773694,1.0,500,50,,0.7567108719328592,0.6913602492733546,0.5879684268300696,0.8793490460157127,2.310678720474243,18.41788387298584,0.4
1200023,baseline_harder,Baseline harder irregularity,0.4,50,brits_mi_refined,BRITS-MI,0.6202513575553894,0.7526541879754831,1.0,500,50,,0.6759423769507803,0.6284613035669854,0.6494034694478902,0.853672004417449,2.1257002353668213,21.21097683906555,0.4
1200024,baseline_harder,Baseline harder irregularity,0.4,50,brits_mi_refined,BRITS-MI,0.591576337814331,0.6904485214948005,1.0,500,50,,0.6994077875135144,0.6523288543142299,0.6237624532288912,0.8460217515741271,2.164794683456421,14.39892315864563,0.4
1200025,baseline_harder,Baseline harder irregularity,0.4,50,brits_mi_refined,BRITS-MI,0.6405687928199768,0.7606852137769394,1.0,500,50,,0.7330452180872349,0.7161878572096068,0.5986887336232772,0.8474860335195531,2.153726100921631,15.550499200820925,0.4
1200026,baseline_harder,Baseline harder irregularity,0.4,50,brits_mi_refined,BRITS-MI,0.6117284893989563,0.7076745880724776,1.0,500,50,,0.7276121794871795,0.6728033061079848,0.6053814766915618,0.8436282693377852,2.0639514923095703,15.350707292556764,0.4
1200027,baseline_harder,Baseline harder irregularity,0.4,50,brits_mi_refined,BRITS-MI,0.6186724305152893,0.7398464162253109,1.0,500,50,,0.4984713885554221,0.4865732723464954,0.728751702417351,0.8377192982456141,2.227604866027832,16.01549983024597,0.4
1200028,baseline_harder,Baseline harder irregularity,0.4,50,brits_mi_refined,BRITS-MI,0.6416720747947693,0.770171033683763,1.0,500,50,,0.6980996889808014,0.5989045475648511,0.6257532947164118,0.797509474824039,1.962514042854309,18.373918771743774,0.4
1200029,baseline_harder,Baseline harder irregularity,0.4,50,brits_mi_refined,BRITS-MI,0.6118364334106445,0.7267695706662238,1.0,500,50,,0.724399839421919,0.6754084028879892,0.6135696055082265,0.8648351648351649,2.339866876602173,17.095710039138794,0.4
1200030,baseline_harder,Baseline harder irregularity,0.4,50,brits_mi_refined,BRITS-MI,0.619094967842102,0.7187531380088814,1.0,500,50,,0.7267867146858744,0.6725022362924206,0.6129322720817147,0.8312641083521445,2.150351047515869,15.934067964553831,0.4
1200031,baseline_harder,Baseline harder irregularity,0.4,50,brits_mi_refined,BRITS-MI,0.5948092341423035,0.6919968830786164,1.0,500,50,,0.7778565558581351,0.7072502228249644,0.5751972752151824,0.8230039084310441,2.0942423343658447,18.159244060516357,0.4
1200032,baseline_harder,Baseline harder irregularity,0.4,50,brits_mi_refined,BRITS-MI,0.6350114941596985,0.7440720664792023,1.0,500,50,,0.6992557022809124,0.662687738724067,0.6261491186737298,0.8360566448801743,2.2188825607299805,18.601146697998047,0.4
1200033,baseline_harder,Baseline harder irregularity,0.4,50,brits_mi_refined,BRITS-MI,0.6411208510398865,0.7437851997234434,1.0,500,50,,0.7427539140907266,0.6633471729845632,0.600157363747969,0.8277591973244147,2.095694780349731,20.31056499481201,0.4
1200034,baseline_harder,Baseline harder irregularity,0.4,50,brits_mi_refined,BRITS-MI,0.602874219417572,0.7128910422356667,1.0,500,50,,0.65522781312255,0.6479410690843652,0.650884560495662,0.879572312886888,2.2886571884155273,15.77196478843689,0.4
1200035,baseline_harder,Baseline harder irregularity,0.4,50,brits_mi_refined,BRITS-MI,0.6368345618247986,0.7267108521955274,1.0,500,50,,0.7347851448570872,0.6474033995836237,0.6081940419744112,0.8415051311288484,2.170991897583008,20.03093719482422,0.4
1200036,baseline_harder,Baseline harder irregularity,0.4,50,brits_mi_refined,BRITS-MI,0.6286260485649109,0.7251566622668344,1.0,500,50,,0.7149592661492078,0.6427589617864096,0.6205199584005827,0.8461538461538461,2.2868542671203613,12.322532892227173,0.4
1200037,baseline_harder,Baseline harder irregularity,0.4,50,brits_mi_refined,BRITS-MI,0.5994037985801697,0.6915371025806263,1.0,500,50,,0.7255448717948718,0.6837235651108844,0.6200791830189337,0.8434143583945732,2.0519349575042725,8.299278020858765,0.4
1200038,baseline_harder,Baseline harder irregularity,0.4,50,brits_mi_refined,BRITS-MI,0.6082708835601807,0.723632289199898,1.0,500,50,,0.7552657004830918,0.6756426802064204,0.58578818501407,0.8390216154721274,2.1284420490264893,8.244496822357178,0.4
1200039,baseline_harder,Baseline harder irregularity,0.4,50,brits_mi_refined,BRITS-MI,0.6323121786117554,0.7278409182828535,1.0,500,50,,0.7369866975130133,0.6872064108404691,0.597595114133378,0.8214087631724903,2.0743889808654785,7.130799055099487,0.4
1200040,baseline_harder,Baseline harder irregularity,0.4,50,brits_mi_refined,BRITS-MI,0.6068220138549805,0.7060227662504914,1.0,500,50,,0.7204513353877761,0.668976283041882,0.6141483392924822,0.8451178451178452,2.129599094390869,7.478229999542236,0.4
1200041,baseline_harder,Baseline harder irregularity,0.4,50,brits_mi_refined,BRITS-MI,0.6045101284980774,0.699335805198313,1.0,500,50,,0.7660119969040249,0.7128565774616846,0.5832742101735822,0.8411472697186982,2.0458948612213135,7.648652791976929,0.4
1200042,baseline_harder,Baseline harder irregularity,0.4,50,brits_mi_refined,BRITS-MI,0.6393738389015198,0.7682020305813734,1.0,500,50,,0.7542281857676463,0.7263226306579829,0.5920411463911758,0.8343456653782441,2.29148530960083,7.094621181488037,0.4
1200043,baseline_harder,Baseline harder irregularity,0.4,50,brits_mi_refined,BRITS-MI,0.6195441484451294,0.7363211386644947,1.0,500,50,,0.7510399999999998,0.7248996036504517,0.5950552771605429,0.827567270730368,2.1120517253875732,7.568410873413086,0.4
1200044,baseline_harder,Baseline harder irregularity,0.4,50,brits_mi_refined,BRITS-MI,0.6088571548461914,0.7034962409759301,1.0,500,50,,0.7715878787878788,0.7088163418347877,0.5780638934545926,0.8629164391043146,2.2576613426208496,7.26831579208374,0.4
1200045,baseline_harder,Baseline harder irregularity,0.4,50,brits_mi_refined,BRITS-MI,0.6143203973770142,0.694272824069057,1.0,500,50,,0.6866871676596834,0.6448170241796298,0.6321927179259228,0.7928082191780822,1.885054588317871,7.601684093475342,0.4
1200046,baseline_harder,Baseline harder irregularity,0.4,50,brits_mi_refined,BRITS-MI,0.6272231936454773,0.7195969205781192,1.0,500,50,,0.8148972906682157,0.732978787007504,0.5625332266149908,0.8467518045530261,2.2056164741516113,7.319778203964233,0.4
1200047,baseline_harder,Baseline harder irregularity,0.4,50,brits_mi_refined,BRITS-MI,0.6174002885818481,0.7219517537196427,1.0,500,50,,0.7760578416149069,0.7079688231669361,0.5764230010893248,0.8574597892401553,2.279044389724731,8.152485847473145,0.4
1200048,baseline_harder,Baseline harder irregularity,0.4,50,brits_mi_refined,BRITS-MI,0.6350761651992798,0.7461267144647418,1.0,500,50,,0.7784770295783512,0.7136347546710001,0.5692782213889646,0.8379857690202518,2.2100014686584473,8.243717908859253,0.4
1200049,baseline_harder,Baseline harder irregularity,0.4,50,brits_mi_refined,BRITS-MI,0.6006658673286438,0.6938367212784795,1.0,500,50,,0.6423219774590163,0.6209136752014542,0.6551967836237634,0.8190529875986471,2.049733877182007,8.796673059463501,0.4
1200050,baseline_harder,Baseline harder irregularity,0.4,50,brits_mi_refined,BRITS-MI,0.6213023662567139,0.7265227242593654,1.0,500,50,,0.6207101161075117,0.5656565203360364,0.6821024065963144,0.7830658550083011,1.8529905080795288,7.87760591506958,0.4
1200051,baseline_harder,Baseline harder irregularity,0.4,50,brits_mi_refined,BRITS-MI,0.6110280752182007,0.703216364893149,1.0,500,50,,0.747557582815735,0.6732192363408016,0.5897459654746781,0.8252262443438914,2.036860227584839,7.812258005142212,0.4
1200052,baseline_harder,Baseline harder irregularity,0.4,50,brits_mi_refined,BRITS-MI,0.6081321239471436,0.7136510257201845,1.0,500,50,,0.7352969720496895,0.6562635743188877,0.6001213357440656,0.8110986547085202,1.9901139736175537,7.444429874420166,0.4
1200053,baseline_harder,Baseline harder irregularity,0.4,50,brits_mi_refined,BRITS-MI,0.6107943058013916,0.7137123051138391,1.0,500,50,,0.8153306742151313,0.764744792896867,0.5309538544271499,0.836231071228267,2.0926997661590576,9.054468154907228,0.4
1200054,baseline_harder,Baseline harder irregularity,0.4,50,brits_mi_refined,BRITS-MI,0.6222901940345764,0.7113084874000755,1.0,500,50,,0.7624991967097231,0.7126149969136644,0.5789621372118446,0.8628442945474986,2.102708101272583,9.498227834701538,0.4
1200055,baseline_harder,Baseline harder irregularity,0.4,50,brits_mi_refined,BRITS-MI,0.624241054058075,0.7483717230138778,1.0,500,50,,0.7423922096226536,0.681510424827791,0.5967604467608864,0.8555738605161999,2.3154489994049072,9.261384963989258,0.4
1200056,baseline_harder,Baseline harder irregularity,0.4,50,brits_mi_refined,BRITS-MI,0.6227649450302124,0.7200106275558373,1.0,500,50,,0.6533190612887008,0.5818039551796972,0.6424255920853127,0.8424581005586592,2.046929359436035,8.394296884536743,0.4
1200057,baseline_harder,Baseline harder irregularity,0.4,50,brits_mi_refined,BRITS-MI,0.6235083937644958,0.7308498640799278,1.0,500,50,,0.7539671102144081,0.6999409790537274,0.5921249043599145,0.7886133032694476,2.025127410888672,7.241716146469116,0.4
1200058,baseline_harder,Baseline harder irregularity,0.4,50,brits_mi_refined,BRITS-MI,0.6200091242790222,0.7247096566804081,1.0,500,50,,0.7720347681057155,0.7293032654044262,0.5766728434283308,0.8032511210762332,1.9869146347045896,7.698817014694214,0.4
1200059,baseline_harder,Baseline harder irregularity,0.4,50,brits_mi_refined,BRITS-MI,0.6047899723052979,0.7066036546114852,1.0,500,50,,0.7234481765374214,0.6727180414163879,0.6045158042986416,0.8212885154061624,2.0152533054351807,9.270022869110107,0.4
1200060,baseline_harder,Baseline harder irregularity,0.4,50,brits_mi_refined,BRITS-MI,0.5996018648147583,0.7083911521325018,1.0,500,50,,0.7220702271292354,0.6449626901411586,0.6167632955544339,0.8439869989165764,2.0288503170013428,9.090960025787354,0.4
1200061,baseline_harder,Baseline harder irregularity,0.4,50,brits_mi_refined,BRITS-MI,0.6047530770301819,0.6884504704208094,1.0,500,50,,0.7596613912403387,0.7332964781238013,0.5838145731736619,0.8471192241871078,2.1358137130737305,8.594152927398682,0.4
1200062,baseline_harder,Baseline harder irregularity,0.4,50,brits_mi_refined,BRITS-MI,0.637678861618042,0.7313919231252642,1.0,500,50,,0.6244890107247633,0.5657910063449242,0.6671788484320773,0.8348467650397275,2.0939345359802246,6.705065965652466,0.4
1200063,baseline_harder,Baseline harder irregularity,0.4,50,brits_mi_refined,BRITS-MI,0.5986794233322144,0.690955209847945,1.0,500,50,,0.7933849897540983,0.7663556730885794,0.5681046413088625,0.8620495495495496,2.234461784362793,8.919984102249146,0.4
1200064,baseline_harder,Baseline harder irregularity,0.4,50,brits_mi_refined,BRITS-MI,0.6009759306907654,0.7011523548060268,1.0,500,50,,0.7448259303721488,0.6808430473659787,0.598485433788034,0.8302094818081588,2.0410356521606445,8.809437990188599,0.4
1200065,baseline_harder,Baseline harder irregularity,0.4,50,brits_mi_refined,BRITS-MI,0.6282958388328552,0.7182394899654188,1.0,500,50,,0.7613897874120923,0.7260617943802112,0.5776101854676757,0.8460661345496009,2.1074652671813965,7.889432191848755,0.4
1200066,baseline_harder,Baseline harder irregularity,0.4,50,brits_mi_refined,BRITS-MI,0.6121479868888855,0.7076400544146054,1.0,500,50,,0.7495673076923077,0.6891489295864479,0.5961212930799807,0.8452977184195882,2.1237058639526367,9.585440158843994,0.4
1200067,baseline_harder,Baseline harder irregularity,0.4,50,brits_mi_refined,BRITS-MI,0.6146336793899536,0.7057204881251097,1.0,500,50,,0.6715006002400961,0.6419410954978209,0.6414227214955854,0.8478260869565217,2.158285140991211,8.185457944869995,0.4
1200068,baseline_harder,Baseline harder irregularity,0.4,50,brits_mi_refined,BRITS-MI,0.6164091229438782,0.7239483908983033,1.0,500,50,,0.7185252953261427,0.6980458091766466,0.6089479417751475,0.8136439267886856,2.051128625869751,8.747158765792847,0.4
1200069,baseline_harder,Baseline harder irregularity,0.4,50,brits_mi_refined,BRITS-MI,0.617273211479187,0.7073074034604656,1.0,500,50,,0.7340305892937472,0.6933971720483605,0.6124171574615709,0.802653399668325,2.019940137863159,8.346028804779053,0.4
1200070,baseline_harder,Baseline harder irregularity,0.4,50,brits_mi_refined,BRITS-MI,0.595460832118988,0.6784609356871955,1.0,500,50,,0.7572412902809379,0.6628431554607235,0.5936026981677773,0.8627787307032591,2.160156011581421,9.120569944381714,0.4
1200071,baseline_harder,Baseline harder irregularity,0.4,50,brits_mi_refined,BRITS-MI,0.582139253616333,0.6773363369945815,1.0,500,50,,0.7496111219132803,0.668506480284478,0.5858990540611387,0.8525604952166573,2.1375982761383057,9.329406976699827,0.4
1200072,baseline_harder,Baseline harder irregularity,0.4,50,brits_mi_refined,BRITS-MI,0.6263987421989441,0.7331319628985097,1.0,500,50,,0.7268608101135191,0.6417946651973063,0.6144175527562993,0.8442577030812325,2.1808080673217773,9.1581289768219,0.4
1200073,baseline_harder,Baseline harder irregularity,0.4,50,brits_mi_refined,BRITS-MI,0.5914375185966492,0.697530243138789,1.0,500,50,,0.6951889648985085,0.6297099213075481,0.6302474553961122,0.8542795232936078,2.189326524734497,9.04610013961792,0.4
1200074,baseline_harder,Baseline harder irregularity,0.4,50,brits_mi_refined,BRITS-MI,0.6126534342765808,0.7264645228420632,1.0,500,50,,0.7628667009778693,0.6710663144100242,0.5895483329771941,0.8412162162162162,2.1481568813323975,9.1581871509552,0.4
1200075,baseline_harder,Baseline harder irregularity,0.4,50,brits_mi_refined,BRITS-MI,0.616524338722229,0.7176521906858161,1.0,500,50,,0.6626833504889347,0.6000210193844153,0.650932451325663,0.8164170826400444,2.1558620929718018,7.3573219776153564,0.4
1200076,baseline_harder,Baseline harder irregularity,0.4,50,brits_mi_refined,BRITS-MI,0.6022987365722656,0.7017290850144953,1.0,500,50,,0.6733433831547886,0.6323928522256965,0.6456673124840309,0.8040313549832027,1.926544189453125,7.9379260540008545,0.4
1200077,baseline_harder,Baseline harder irregularity,0.4,50,brits_mi_refined,BRITS-MI,0.6331228613853455,0.7416774856793784,1.0,500,50,,0.7271122239342578,0.6497260871183674,0.6154932043141652,0.8277380297193175,2.053196668624878,8.165399074554443,0.4
1200078,baseline_harder,Baseline harder irregularity,0.4,50,brits_mi_refined,BRITS-MI,0.6289095878601074,0.7229496295023863,1.0,500,50,,0.7471745298898668,0.7033790366007211,0.5986445229763688,0.8182317408017573,2.029954671859741,8.658504247665405,0.4
1200079,baseline_harder,Baseline harder irregularity,0.4,50,brits_mi_refined,BRITS-MI,0.6033726930618286,0.713349174113805,1.0,500,50,,0.7866487326063634,0.7457387792780712,0.5593926830138943,0.8424657534246576,2.0310328006744385,9.46237063407898,0.4
1200080,baseline_harder,Baseline harder irregularity,0.4,50,brits_mi_refined,BRITS-MI,0.603199303150177,0.692572261909761,1.0,500,50,,0.7504641188144165,0.7312833149070752,0.612343925756705,0.8079954954954955,1.9613767862319944,9.399232864379885,0.4
1200081,baseline_harder,Baseline harder irregularity,0.4,50,brits_mi_refined,BRITS-MI,0.6152702569961548,0.7298671176056878,1.0,500,50,,0.7732110507246377,0.7331110346816561,0.5816428360273678,0.8426903835464147,2.201962947845459,9.077507972717283,0.4
1200082,baseline_harder,Baseline harder irregularity,0.4,50,brits_mi_refined,BRITS-MI,0.6489520072937012,0.7691903946501696,1.0,500,50,,0.7355371900826446,0.6777327720391317,0.603351893900958,0.7795492028587135,2.027554512023926,8.327537059783936,0.4
1200083,baseline_harder,Baseline harder irregularity,0.4,50,brits_mi_refined,BRITS-MI,0.6069218516349792,0.7066846322551813,1.0,500,50,,0.7812720508050549,0.7249191542366241,0.5753791119716645,0.8627559490868844,2.227097272872925,9.183683156967165,0.4
1200084,baseline_harder,Baseline harder irregularity,0.4,50,brits_mi_refined,BRITS-MI,0.6301587820053101,0.7654340694219848,1.0,500,50,,0.6939032569400141,0.610321442979554,0.624336960404928,0.8395904436860068,2.136613368988037,7.451213121414185,0.4
1200085,baseline_harder,Baseline harder irregularity,0.4,50,brits_mi_refined,BRITS-MI,0.6286371946334839,0.7283021310198323,1.0,500,50,,0.7647531112003211,0.741536582510242,0.5845600922867296,0.8396533044420368,2.0589771270751953,8.734647035598755,0.4
1200086,baseline_harder,Baseline harder irregularity,0.4,50,brits_mi_refined,BRITS-MI,0.6151972413063049,0.6907417250388584,1.0,500,50,,0.7628861027045205,0.7437915584265428,0.5942716061653371,0.8763056624518967,2.294137716293335,9.48225998878479,0.4
1200087,baseline_harder,Baseline harder irregularity,0.4,50,brits_mi_refined,BRITS-MI,0.6042937636375427,0.7139980247854544,1.0,500,50,,0.7544280708491335,0.704347278878922,0.5865380882467872,0.8784440842787682,2.4402902126312256,8.120491743087769,0.4
1200088,baseline_harder,Baseline harder irregularity,0.4,50,brits_mi_refined,BRITS-MI,0.628990888595581,0.7345450197245996,1.0,500,50,,0.806949806949807,0.7544277269255553,0.5512585298512741,0.827354260089686,2.1235058307647705,9.97077703475952,0.4
1200089,baseline_harder,Baseline harder irregularity,0.4,50,brits_mi_refined,BRITS-MI,0.6550391316413879,0.7664134961874167,1.0,500,50,,0.7547729618163055,0.6939691042579657,0.5915786520966976,0.8109619686800895,2.056118965148926,9.408344745635986,0.4
1200090,baseline_harder,Baseline harder irregularity,0.4,50,brits_mi_refined,BRITS-MI,0.6302028894424438,0.7477928249691099,1.0,500,50,,0.7690928877792715,0.7389064108176785,0.5832766146613971,0.8652561247216035,2.2391462326049805,8.98186707496643,0.4
1200091,baseline_harder,Baseline harder irregularity,0.4,50,brits_mi_refined,BRITS-MI,0.6198285222053528,0.7266891915106766,1.0,500,50,,0.7495775599864819,0.6572612070659607,0.6007281100694096,0.8557103064066852,2.1439876556396484,9.226635932922363,0.4
1200092,baseline_harder,Baseline harder irregularity,0.4,50,brits_mi_refined,BRITS-MI,0.6151622533798218,0.7208408419714846,1.0,500,50,,0.7626522024352389,0.7269133255499355,0.5843208351830167,0.8010089686098655,1.9770737886428833,5.562036991119385,0.4
1200093,baseline_harder,Baseline harder irregularity,0.4,50,brits_mi_refined,BRITS-MI,0.6030676960945129,0.7184502162653732,1.0,500,50,,0.7445864565314884,0.6805060518725166,0.594781093267092,0.8172338090010977,1.992709040641785,7.551743984222412,0.4
1200094,baseline_harder,Baseline harder irregularity,0.4,50,brits_mi_refined,BRITS-MI,0.6064139008522034,0.6831666460937216,1.0,500,50,,0.765250100040016,0.7155714993192226,0.5807443041683855,0.8576177285318559,2.305270195007324,7.889943838119507,0.4
1200095,baseline_harder,Baseline harder irregularity,0.4,50,brits_mi_refined,BRITS-MI,0.6263833045959473,0.7284830194300734,1.0,500,50,,0.7166212975565494,0.604241417980079,0.6248418694721521,0.815272318921954,2.1222798824310303,7.7502641677856445,0.4
1200096,baseline_harder,Baseline harder irregularity,0.4,50,brits_mi_refined,BRITS-MI,0.5908772349357605,0.6785314183809078,1.0,500,50,,0.7536487287524631,0.7109631840623005,0.6079875007257742,0.8302828618968386,2.033931255340576,7.559269905090332,0.4
1200097,baseline_harder,Baseline harder irregularity,0.4,50,brits_mi_refined,BRITS-MI,0.6174268126487732,0.7358226681245191,1.0,500,50,,0.7497279825908858,0.7446814813644829,0.5922406573505604,0.840844266970907,2.3135340213775635,7.9420530796051025,0.4
1200098,baseline_harder,Baseline harder irregularity,0.4,50,brits_mi_refined,BRITS-MI,0.641371488571167,0.7301046873345626,1.0,500,50,,0.7695890147877856,0.7308401407806755,0.5927593496706179,0.8626373626373627,2.25941801071167,7.706459999084473,0.4
1200099,baseline_harder,Baseline harder irregularity,0.4,50,brits_mi_refined,BRITS-MI,0.6240983605384827,0.7328384888227258,1.0,500,50,,0.7676887548912696,0.7611404626392881,0.5713382958304125,0.7942340305257207,2.003419876098633,7.357217788696289,0.4
1200100,baseline_harder,Baseline harder irregularity,0.4,50,brits_mi_refined,BRITS-MI,0.632280170917511,0.729438056684126,1.0,500,50,,0.6920122887864824,0.6554941068674591,0.6353519573610483,0.8513896766874646,2.150249481201172,6.80211877822876,0.4
1200101,baseline_harder,Baseline harder irregularity,0.4,50,brits_mi_refined,BRITS-MI,0.6163553595542908,0.7161524131545807,1.0,500,50,,0.7298361915741942,0.6481179526503033,0.6178461861216654,0.8341736694677871,2.1302552223205566,8.029526948928833,0.4
1200102,baseline_harder,Baseline harder irregularity,0.4,50,brits_mi_refined,BRITS-MI,0.6063024997711182,0.7229182161752927,1.0,500,50,,0.6679651805896214,0.650778889291939,0.6493463404201697,0.8445539135194308,2.081904888153076,6.570323944091797,0.4
1200103,baseline_harder,Baseline harder irregularity,0.4,50,brits_mi_refined,BRITS-MI,0.6392514705657959,0.7395744094265615,1.0,500,50,,0.7405693721483195,0.6713654543011467,0.5994391995071943,0.8345485137408861,2.0865933895111084,11.768837928771973,0.4
1200104,baseline_harder,Baseline harder irregularity,0.4,50,brits_mi_refined,BRITS-MI,0.6377711296081543,0.7285496256967404,1.0,500,50,,0.7295169082125604,0.6735894719983516,0.6071000630878356,0.7953667953667953,2.024491548538208,11.101789951324465,0.4
1200105,baseline_harder,Baseline harder irregularity,0.4,50,brits_mi_refined,BRITS-MI,0.6021859049797058,0.7145506058817807,1.0,500,50,,0.7376889088114754,0.6974932930747733,0.6076327438011471,0.8184912081678957,1.9969757795333865,12.132179021835327,0.4
1200106,baseline_harder,Baseline harder irregularity,0.4,50,brits_mi_refined,BRITS-MI,0.6208562850952148,0.6754697338342897,1.0,500,50,,0.7978995901639344,0.7501255349232478,0.5480277429518464,0.8571428571428571,2.27539324760437,12.06841206550598,0.4
1200107,baseline_harder,Baseline harder irregularity,0.4,50,brits_mi_refined,BRITS-MI,0.5828076004981995,0.6880790358333497,1.0,500,50,,0.7740154582259846,0.7359974619307796,0.570564081752386,0.8745184369840396,2.355187177658081,10.80060601234436,0.4
1200108,baseline_harder,Baseline harder irregularity,0.4,50,brits_mi_refined,BRITS-MI,0.6081533432006836,0.6762872948015584,1.0,500,50,,0.7970847533560538,0.7729738574431633,0.5723893654417054,0.8083333333333333,1.9521231651306152,12.27874517440796,0.4
1200109,baseline_harder,Baseline harder irregularity,0.4,50,brits_mi_refined,BRITS-MI,0.625676155090332,0.7387247398995626,1.0,500,50,,0.7625722936926257,0.7016738912285646,0.5848545440740743,0.8402399127589967,2.116776943206787,12.312206983566284,0.4
1200110,baseline_harder,Baseline harder irregularity,0.4,50,brits_mi_refined,BRITS-MI,0.591571033000946,0.6836237092869363,1.0,500,50,,0.7154889433315719,0.6514646584008288,0.631699005315384,0.8004446914952752,1.958086609840393,11.124080896377563,0.4
1200111,baseline_harder,Baseline harder irregularity,0.4,50,brits_mi_refined,BRITS-MI,0.6128110885620117,0.7349528366924584,1.0,500,50,,0.783872,0.744765510982187,0.5652730594612263,0.8136612021857923,1.9431848526000977,11.99092984199524,0.4
1200112,baseline_harder,Baseline harder irregularity,0.4,50,brits_mi_refined,BRITS-MI,0.6145811080932617,0.732781818309793,1.0,500,50,,0.7655022323214542,0.7328301942735291,0.5753237291803429,0.8411472697186982,2.126356601715088,11.229466199874878,0.4
1200113,baseline_harder,Baseline harder irregularity,0.4,50,brits_mi_refined,BRITS-MI,0.6363832950592041,0.7449405058528495,1.0,500,50,,0.7942788461538461,0.7393033517365797,0.5548159343714104,0.8279395900755124,2.1570870876312256,10.657078981399536,0.4
1200114,baseline_harder,Baseline harder irregularity,0.4,50,brits_mi_refined,BRITS-MI,0.6442698240280151,0.7587231552181743,1.0,500,50,,0.7341079316304974,0.6973062079149053,0.599645199508458,0.8333333333333334,2.2087202072143555,11.036303997039797,0.4
1200115,baseline_harder,Baseline harder irregularity,0.4,50,brits_mi_refined,BRITS-MI,0.5883209109306335,0.7141274167281794,1.0,500,50,,0.7691149568567774,0.6817512036068532,0.5819037748492298,0.8164277839029769,1.988866686820984,12.7813720703125,0.4
1200116,baseline_harder,Baseline harder irregularity,0.4,50,brits_mi_refined,BRITS-MI,0.60621178150177,0.7112216128945976,1.0,500,50,,0.714559294484945,0.6483540903220357,0.6164604017642644,0.838121546961326,2.091505527496338,16.636157989501953,0.4
1200117,baseline_harder,Baseline harder irregularity,0.4,50,brits_mi_refined,BRITS-MI,0.6138516068458557,0.7250717267697298,1.0,500,50,,0.7617167437082691,0.6828973999878987,0.5912492279526101,0.8234332425068119,2.042696237564087,16.447314977645874,0.4
1200118,baseline_harder,Baseline harder irregularity,0.4,50,brits_mi_refined,BRITS-MI,0.6101456880569458,0.7085655383976358,1.0,500,50,,0.6311948920644572,0.5856795108416112,0.6714260989940771,0.8382687927107062,2.081800937652588,7.841032981872559,0.4
1200119,baseline_harder,Baseline harder irregularity,0.4,50,brits_mi_refined,BRITS-MI,0.636911928653717,0.7727296912503516,1.0,500,50,,0.6408339254570118,0.5300750606641079,0.6572524098359288,0.8205265986029017,2.037590742111206,10.580621004104614,0.4
1200120,baseline_harder,Baseline harder irregularity,0.4,50,brits_mi_refined,BRITS-MI,0.6141555905342102,0.7065002259288558,1.0,500,50,,0.6729316086065573,0.6328141862827743,0.6436362180665838,0.8430939226519337,2.133540153503418,11.51460099220276,0.4
1200121,baseline_harder,Baseline harder irregularity,0.4,50,brits_mi_refined,BRITS-MI,0.6089666485786438,0.7168026253598071,1.0,500,50,,0.7473076122961706,0.7005735723569619,0.6030500351171725,0.853510226644555,2.240856170654297,11.282325983047484,0.4
1200122,baseline_harder,Baseline harder irregularity,0.4,50,brits_mi_refined,BRITS-MI,0.6086696982383728,0.6977048094368047,1.0,500,50,,0.7493071020041975,0.7392834177951058,0.5893513784283757,0.8524768644529124,2.1712915897369385,9.695234060287476,0.4
1200123,baseline_harder,Baseline harder irregularity,0.4,50,brits_mi_refined,BRITS-MI,0.6361013054847717,0.7366260489810679,1.0,500,50,,0.7648187564499485,0.7149239932834635,0.5837128470502165,0.8086662915025323,2.0203540325164795,9.961118936538696,0.4
1200124,baseline_harder,Baseline harder irregularity,0.4,50,brits_mi_refined,BRITS-MI,0.6258838176727295,0.733224030602417,1.0,500,50,,0.6564470327766281,0.5955893606580064,0.6556938523949778,0.8454889249054565,2.2143118381500244,9.787116050720217,0.4
1200125,baseline_harder,Baseline harder irregularity,0.4,50,brits_mi_refined,BRITS-MI,0.60966557264328,0.6956483218360711,1.0,500,50,,0.7590361445783133,0.7350441502237369,0.5913481536532956,0.8559369724254361,2.2631921768188477,11.120609760284424,0.4
1200126,baseline_harder,Baseline harder irregularity,0.4,50,brits_mi_refined,BRITS-MI,0.613772451877594,0.7017194159781224,1.0,500,50,,0.7546402969790067,0.7296946048956809,0.5937959974820326,0.8509561304836896,2.2509989738464355,11.034443140029907,0.4
1200127,baseline_harder,Baseline harder irregularity,0.4,50,brits_mi_refined,BRITS-MI,0.6136226058006287,0.7123980966147867,1.0,500,50,,0.7592857142857145,0.6859333938780279,0.5872887129367366,0.8270718232044199,2.1552939414978027,16.36526894569397,0.4
1200128,baseline_harder,Baseline harder irregularity,0.4,50,brits_mi_refined,BRITS-MI,0.6052956581115723,0.6954353334691146,1.0,500,50,,0.7104313951810706,0.6700189146821035,0.6164773140701346,0.8338945005611672,2.108604431152344,15.52583909034729,0.4
1200129,baseline_harder,Baseline harder irregularity,0.4,50,brits_mi_refined,BRITS-MI,0.6182428598403931,0.7233417038173503,1.0,500,50,,0.6881091930951424,0.6247777773522032,0.6416052303910001,0.813550135501355,2.0142226219177246,8.795559167861938,0.4
1200130,baseline_harder,Baseline harder irregularity,0.4,50,brits_mi_refined,BRITS-MI,0.6095032095909119,0.7028138105528704,1.0,500,50,,0.6537622682660851,0.6107084149667374,0.6496004219244305,0.8032420346562326,1.9153146743774416,8.960081100463867,0.4
1200131,baseline_harder,Baseline harder irregularity,0.4,50,brits_mi_refined,BRITS-MI,0.5990474224090576,0.6845078628777274,1.0,500,50,,0.718215423020915,0.6853751736929826,0.617731115089366,0.8315432447710571,2.0984628200531006,10.247808933258057,0.4
1200132,baseline_harder,Baseline harder irregularity,0.4,50,brits_mi_refined,BRITS-MI,0.6096660494804382,0.7339440898154956,1.0,500,50,,0.7819295657194175,0.7227799734153448,0.569565566875012,0.8478613968597726,2.199160099029541,11.343013763427734,0.4
1200133,baseline_harder,Baseline harder irregularity,0.4,50,brits_mi_refined,BRITS-MI,0.6357479691505432,0.7507252219159899,1.0,500,50,,0.7516556824956896,0.6915004528220984,0.5880003011551357,0.8417508417508418,2.2283594608306885,11.270250082015991,0.4
1200134,baseline_harder,Baseline harder irregularity,0.4,50,brits_mi_refined,BRITS-MI,0.612790584564209,0.7201497928935111,1.0,500,50,,0.7430108390204736,0.6636882199971805,0.6191660891190045,0.8107328332371609,1.9358516931533811,10.411933183670044,0.4
1200135,baseline_harder,Baseline harder irregularity,0.4,50,brits_mi_refined,BRITS-MI,0.6195881366729736,0.7439089005479504,1.0,500,50,,0.7414057998847705,0.6874561755142765,0.5999475445312071,0.8006644518272426,1.961341381072998,10.6357581615448,0.4
1200136,baseline_harder,Baseline harder irregularity,0.4,50,brits_mi_refined,BRITS-MI,0.6132572293281555,0.6965122006890676,1.0,500,50,,0.782112883592799,0.7059230110277435,0.5750878683763253,0.8514796203238414,2.277038097381592,11.22424817085266,0.4
1200137,baseline_harder,Baseline harder irregularity,0.4,50,brits_mi_refined,BRITS-MI,0.6101160645484924,0.6857705981938569,1.0,500,50,,0.72514479151626,0.6537762199599497,0.608745459153321,0.8573806881243063,2.251342296600342,9.484734058380129,0.4
1200138,baseline_harder,Baseline harder irregularity,0.4,50,brits_mi_refined,BRITS-MI,0.6326597929000854,0.7554003281547295,1.0,500,50,,0.7838408730857245,0.7219006645467085,0.5638991185065638,0.7935022026431718,2.03729248046875,10.79689598083496,0.4
1200139,baseline_harder,Baseline harder irregularity,0.4,50,brits_mi_refined,BRITS-MI,0.6098740100860596,0.7369017462607538,1.0,500,50,,0.7164114625834013,0.6861764329128618,0.6123730819916773,0.8155872667398463,2.0148983001708984,11.37760305404663,0.4
1200140,baseline_harder,Baseline harder irregularity,0.4,50,brits_mi_refined,BRITS-MI,0.6193997859954834,0.7196515350930404,1.0,500,50,,0.7150002404655412,0.6421693513103759,0.630947701968572,0.8625204582651391,2.261823892593384,11.198016166687012,0.4
1200141,baseline_harder,Baseline harder irregularity,0.4,50,brits_mi_refined,BRITS-MI,0.6142198443412781,0.7283535962646858,1.0,500,50,,0.7600070590877734,0.7127442650066471,0.5893678098200894,0.8251633986928104,2.0381345748901367,17.626604080200195,0.4
1200142,baseline_harder,Baseline harder irregularity,0.4,50,brits_mi_refined,BRITS-MI,0.6215184330940247,0.7128291685782945,1.0,500,50,,0.7570530156342513,0.716330029558265,0.5906365762623518,0.7885364496382861,1.9884108304977417,17.501763105392456,0.4
1200143,baseline_harder,Baseline harder irregularity,0.4,50,brits_mi_refined,BRITS-MI,0.6463964581489563,0.7524093036252746,1.0,500,50,,0.7316917070673131,0.6921200165247593,0.5992871900493836,0.825536598789213,2.1981465816497803,13.235470294952393,0.4
1200144,baseline_harder,Baseline harder irregularity,0.4,50,brits_mi_refined,BRITS-MI,0.6171049475669861,0.7020186938884032,1.0,500,50,,0.5577276198833261,0.4729280976571763,0.7192731546325017,0.8240740740740741,2.0389864444732666,11.40834617614746,0.4
1200145,baseline_harder,Baseline harder irregularity,0.4,50,brits_mi_refined,BRITS-MI,0.5912804007530212,0.6738365484498855,1.0,500,50,,0.7885795491247335,0.7441862600945024,0.5589253988878542,0.8266741699493528,2.0110509395599365,14.56459379196167,0.4
1200146,baseline_harder,Baseline harder irregularity,0.4,50,brits_mi_refined,BRITS-MI,0.6154837012290955,0.7130131132529197,1.0,500,50,,0.7331148383779963,0.6745811494910862,0.6021638155120247,0.8383894098179813,2.123687744140625,10.212814092636108,0.4
1200147,baseline_harder,Baseline harder irregularity,0.4,50,brits_mi_refined,BRITS-MI,0.624086856842041,0.717007716662627,1.0,500,50,,0.7344710553278689,0.68788350295427,0.6145181912171989,0.815410199556541,2.0022737979888916,8.92504596710205,0.4
1200148,baseline_harder,Baseline harder irregularity,0.4,50,brits_mi_refined,BRITS-MI,0.6301392912864685,0.7078403608142363,1.0,500,50,,0.76452981192477,0.7194786560967089,0.5796389504313486,0.8589531680440772,2.3507542610168457,9.704225063323976,0.4
1200149,baseline_harder,Baseline harder irregularity,0.4,50,brits_mi_refined,BRITS-MI,0.637568473815918,0.7152875529436262,1.0,500,50,,0.7923171766665065,0.7445013012557959,0.558255319021903,0.8377614471452798,2.0480072498321533,8.546684265136719,0.4
1200150,baseline_harder,Baseline harder irregularity,0.4,50,brits_mi_refined,BRITS-MI,0.6198602914810181,0.7328635436499296,1.0,500,50,,0.7411378205128204,0.6796999017694432,0.6029053400151959,0.836453744493392,2.0778303146362305,8.329326868057251,0.4
1200151,baseline_harder,Baseline harder irregularity,0.4,50,brits_mi_refined,BRITS-MI,0.606288731098175,0.6945305574800865,1.0,500,50,,0.7087745718451113,0.6559161176018335,0.6234087319964057,0.827113062568606,2.005683660507202,8.805197715759277,0.4
1200152,baseline_harder,Baseline harder irregularity,0.4,50,brits_mi_refined,BRITS-MI,0.5952387452125549,0.6873779510213327,1.0,500,50,,0.677905618409051,0.6540109067395355,0.6396864137855712,0.8441127694859039,2.044139862060547,10.259353160858154,0.4
1200153,baseline_harder,Baseline harder irregularity,0.4,50,brits_mi_refined,BRITS-MI,0.5951889157295227,0.6780987911739611,1.0,500,50,,0.6747947967167476,0.6359346641354662,0.6476647058420198,0.8289251547552055,2.138526439666748,8.777111053466797,0.4
1200154,baseline_harder,Baseline harder irregularity,0.4,50,brits_mi_refined,BRITS-MI,0.615250825881958,0.7099473424262345,1.0,500,50,,0.7488264791169355,0.6822436407931927,0.6024898483569866,0.8222976796830787,2.0752813816070557,9.973477125167848,0.4
1200155,baseline_harder,Baseline harder irregularity,0.4,50,brits_mi_refined,BRITS-MI,0.632530152797699,0.7636971986510355,1.0,500,50,,0.7399198717948717,0.682782440188431,0.6054140513288846,0.817785051827605,2.1608643531799316,10.221902132034302,0.4
1200156,baseline_harder,Baseline harder irregularity,0.4,50,brits_mi_refined,BRITS-MI,0.6254908442497253,0.7003590843377064,1.0,500,50,,0.7548854582471665,0.7249437019886286,0.5894901416575049,0.8151815181518152,2.0375397205352783,10.421110153198242,0.4
1200157,baseline_harder,Baseline harder irregularity,0.4,50,brits_mi_refined,BRITS-MI,0.6158381104469299,0.7376454313403611,1.0,500,50,,0.72676001869189,0.6623844704787099,0.602990830636845,0.8450470392916436,2.143238306045532,10.51569676399231,0.4
1200158,baseline_harder,Baseline harder irregularity,0.4,50,brits_mi_refined,BRITS-MI,0.6098646521568298,0.693222482809628,1.0,500,50,,0.7866185897435899,0.7496752696483608,0.556553594192161,0.8399775407074677,2.1002864837646484,9.446573972702026,0.4
1200159,baseline_harder,Baseline harder irregularity,0.4,50,brits_mi_refined,BRITS-MI,0.6293557286262512,0.775937191053433,1.0,500,50,,0.5210163362613802,0.5211630761073364,0.704664863512791,0.8302094818081588,2.2052066326141357,8.656337261199951,0.4
1200160,baseline_harder,Baseline harder irregularity,0.4,50,brits_mi_refined,BRITS-MI,0.6363388299942017,0.7387172558295716,1.0,500,50,,0.6987159513931025,0.604065182065825,0.6198744161047226,0.7752242152466368,1.983932375907898,8.015520095825195,0.4
1200161,baseline_harder,Baseline harder irregularity,0.4,50,brits_mi_refined,BRITS-MI,0.6252074241638184,0.722429532636165,1.0,500,50,,0.6996001359861423,0.6104261424347124,0.6325498912994939,0.8274917853231106,2.0812182426452637,8.636444091796875,0.4
1200162,baseline_harder,Baseline harder irregularity,0.4,50,brits_mi_refined,BRITS-MI,0.6257493495941162,0.7219435275725293,1.0,500,50,,0.7250420168067226,0.6537478520908321,0.6166801419747746,0.8348214285714286,2.095787763595581,9.611677885055542,0.4
1200163,baseline_harder,Baseline harder irregularity,0.4,50,brits_mi_refined,BRITS-MI,0.6163697838783264,0.6994237977397127,1.0,500,50,,0.7326460370560989,0.6640000788551961,0.6075941834868942,0.8438914027149321,2.0463855266571045,8.384117841720581,0.4
1200164,baseline_harder,Baseline harder irregularity,0.4,50,brits_mi_refined,BRITS-MI,0.5796561241149902,0.6780799153777034,1.0,500,50,,0.7873655225409836,0.7601577467130095,0.5608172138899219,0.832258064516129,2.069901466369629,9.989578008651732,0.4
1200165,baseline_harder,Baseline harder irregularity,0.4,50,brits_mi_refined,BRITS-MI,0.6264348030090332,0.7269848132111265,1.0,500,50,,0.769091847265222,0.6764784950936711,0.582566371074787,0.8294829482948295,2.0076403617858887,9.58493995666504,0.4
1200166,baseline_harder,Baseline harder irregularity,0.4,50,brits_mi_refined,BRITS-MI,0.5851583480834961,0.6683505479817664,1.0,500,50,,0.8111538461538461,0.7761366229062234,0.5523809782972967,0.8675166297117517,2.12284517288208,8.691844940185547,0.4
1200167,baseline_harder,Baseline harder irregularity,0.4,50,brits_mi_refined,BRITS-MI,0.6307064890861511,0.7037768729268383,1.0,500,50,,0.7581592637054821,0.6974180017693135,0.5873844641022115,0.8389299943084804,2.1096348762512207,8.778877019882202,0.4
1200168,baseline_harder,Baseline harder irregularity,0.4,50,brits_mi_refined,BRITS-MI,0.6100257039070129,0.6965428436914286,1.0,500,50,,0.7786474589835934,0.7212978982782918,0.5713863050186747,0.8193111236589498,2.0241880416870117,8.072510004043579,0.4
1200169,baseline_harder,Baseline harder irregularity,0.4,50,brits_mi_refined,BRITS-MI,0.619188129901886,0.6988053860960216,1.0,500,50,,0.7525609580147166,0.708030655054722,0.5921833504985993,0.871893981225842,2.27121901512146,8.463337182998657,0.4
1200170,baseline_harder,Baseline harder irregularity,0.4,50,brits_mi_refined,BRITS-MI,0.6321648955345154,0.7348893565573117,1.0,500,50,,0.7282189236361307,0.6497071888658429,0.6188122493577329,0.8124312431243125,2.0519440174102783,8.09591007232666,0.4
1200171,baseline_harder,Baseline harder irregularity,0.4,50,brits_mi_refined,BRITS-MI,0.5859261155128479,0.6864209080089848,1.0,500,50,,0.6818887555022008,0.6626294264015384,0.6340890880991937,0.8526315789473684,2.201312303543091,10.209541082382202,0.4
1200172,baseline_harder,Baseline harder irregularity,0.4,50,brits_mi_refined,BRITS-MI,0.6108942031860352,0.7104048250343846,1.0,500,50,,0.7555266996906009,0.7433392015516528,0.58410401115778,0.854006586169045,2.219331741333008,10.22899293899536,0.4
1200173,baseline_harder,Baseline harder irregularity,0.4,50,brits_mi_refined,BRITS-MI,0.6174446940422058,0.7431386329579391,1.0,500,50,,0.7261073943944427,0.6405309204399305,0.6172378662717845,0.833605220228385,2.052715301513672,11.974056243896484,0.4
1200174,baseline_harder,Baseline harder irregularity,0.4,50,brits_mi_refined,BRITS-MI,0.6410211324691772,0.7156638573821,1.0,500,50,,0.7124433990943855,0.6584425052753261,0.6329332542289705,0.8599537037037037,2.336337089538574,11.794330835342407,0.4
1200175,baseline_harder,Baseline harder irregularity,0.4,50,brits_mi_refined,BRITS-MI,0.6219707727432251,0.7323029390255656,1.0,500,50,,0.7622624550590653,0.6804243026610669,0.5793162704586048,0.8378970427163198,2.0434839725494385,11.047737121582031,0.4
1200176,baseline_harder,Baseline harder irregularity,0.4,50,brits_mi_refined,BRITS-MI,0.6135599613189697,0.7154135919584386,1.0,500,50,,0.7251984126984127,0.6700444116745301,0.610190510992265,0.8219718309859155,2.0642330646514893,8.84328293800354,0.4
1200177,baseline_harder,Baseline harder irregularity,0.4,50,brits_mi_refined,BRITS-MI,0.6536959409713745,0.7714123323689637,1.0,500,50,,0.7858265443582013,0.7367425282814284,0.5628130618799058,0.8314113124656782,2.16672420501709,7.5428626537323,0.4
1200178,baseline_harder,Baseline harder irregularity,0.4,50,brits_mi_refined,BRITS-MI,0.6181417107582092,0.7037193710663978,1.0,500,50,,0.7477516471889578,0.6664673769010434,0.6048807984365367,0.8407679277244494,2.203061819076538,8.26583194732666,0.4
1200179,baseline_harder,Baseline harder irregularity,0.4,50,brits_mi_refined,BRITS-MI,0.6300840377807617,0.7555607350553644,1.0,500,50,,0.7656583144968658,0.7178067921605209,0.584119557880798,0.8062227074235808,2.053200006484986,9.142835140228271,0.4
1200180,baseline_harder,Baseline harder irregularity,0.4,50,brits_mi_refined,BRITS-MI,0.6322383284568787,0.738228350073663,1.0,500,50,,0.7776464684075052,0.681275221101939,0.5779390387993878,0.8034811903425042,2.08617639541626,8.612121105194092,0.4
1200181,baseline_harder,Baseline harder irregularity,0.4,50,brits_mi_refined,BRITS-MI,0.5961787104606628,0.6998081370366284,1.0,500,50,,0.7545931758530184,0.7423780244842836,0.5852128930655301,0.8558904109589041,2.206541061401367,7.972513675689697,0.4
1200182,baseline_harder,Baseline harder irregularity,0.4,50,brits_mi_refined,BRITS-MI,0.6033512353897095,0.7086350273380212,1.0,500,50,,0.6854234684079125,0.6085878242866012,0.6437463169630415,0.8374439461883408,2.007178783416748,6.861155986785889,0.4
1200183,baseline_harder,Baseline harder irregularity,0.4,50,brits_mi_refined,BRITS-MI,0.6244242191314697,0.7157571222368742,1.0,500,50,,0.7109323145165206,0.6323546704790111,0.6194649263953736,0.8621667612024957,2.277090549468994,16.105515003204346,0.4
1200184,baseline_harder,Baseline harder irregularity,0.4,50,brits_mi_refined,BRITS-MI,0.6133272647857666,0.7087111463130846,1.0,500,50,,0.714063826039615,0.6361253980177122,0.6219729179039815,0.8120386144236229,2.0152530670166016,13.82424283027649,0.4
1200185,baseline_harder,Baseline harder irregularity,0.4,50,brits_mi_refined,BRITS-MI,0.5970556139945984,0.7329194898748564,1.0,500,50,,0.7810470681126025,0.7148953176878933,0.5666326095060226,0.8308108108108108,1.9961875677108765,10.534693002700806,0.4
1200186,baseline_harder,Baseline harder irregularity,0.4,50,brits_mi_refined,BRITS-MI,0.5903723835945129,0.712575268957244,1.0,500,50,,0.7476755990267326,0.6577203769305487,0.5946260450112572,0.8250137136588042,2.071927547454834,10.111135959625244,0.4
1200187,baseline_harder,Baseline harder irregularity,0.4,50,brits_mi_refined,BRITS-MI,0.5954003930091858,0.7117868231790578,1.0,500,50,,0.7657165796868728,0.7124883056603497,0.5769515140385705,0.8408071748878924,2.04162859916687,8.549800872802734,0.4
1200188,baseline_harder,Baseline harder irregularity,0.4,50,brits_mi_refined,BRITS-MI,0.6422616243362427,0.7457050964318664,1.0,500,50,,0.7813206367527533,0.7126957404162116,0.5725496557412629,0.81,2.070369243621826,6.814024925231934,0.4
1200189,baseline_harder,Baseline harder irregularity,0.4,50,brits_mi_refined,BRITS-MI,0.65343177318573,0.7546328996663569,1.0,500,50,,0.725392,0.6639013887524994,0.6169881356513596,0.8292134831460675,2.289665699005127,7.909846782684326,0.4
1200190,baseline_harder,Baseline harder irregularity,0.4,50,brits_mi_refined,BRITS-MI,0.6322757005691528,0.7347393087427874,1.0,500,50,,0.7438696946169773,0.6735864233546489,0.5981072143960775,0.8458563535911602,2.2843151092529297,14.853836059570312,0.4
1200191,baseline_harder,Baseline harder irregularity,0.4,50,brits_mi_refined,BRITS-MI,0.603293776512146,0.6897180224023689,1.0,500,50,,0.7212645058023208,0.6864499959144839,0.6155500791309321,0.8331441543700341,2.163666009902954,9.073217868804932,0.4
1200192,baseline_harder,Baseline harder irregularity,0.4,50,brits_mi_refined,BRITS-MI,0.60036301612854,0.6739382968215358,1.0,500,50,,0.7047238336664554,0.5898020066326906,0.6300073782523458,0.8244318181818182,2.062063694000244,9.857511281967165,0.4
1200193,baseline_harder,Baseline harder irregularity,0.4,50,brits_mi_refined,BRITS-MI,0.6429426074028015,0.7476770959468011,1.0,500,50,,0.7231131169579412,0.6763112786366758,0.6046165090866686,0.8211738891936369,2.1151344776153564,12.24385905265808,0.4
1200194,baseline_harder,Baseline harder irregularity,0.4,50,brits_mi_refined,BRITS-MI,0.6193273067474365,0.7155406021958506,1.0,500,50,,0.6116503299378564,0.5636004213956759,0.6835937390426229,0.8532212885154061,2.2880685329437256,14.120603084564207,0.4
1200195,baseline_harder,Baseline harder irregularity,0.4,50,brits_mi_refined,BRITS-MI,0.6053304672241211,0.7184166878412177,1.0,500,50,,0.7230330508338807,0.6899704220140817,0.6132043979169272,0.8296376419686317,2.084235191345215,9.35637879371643,0.4
1200196,baseline_harder,Baseline harder irregularity,0.4,50,brits_mi_refined,BRITS-MI,0.596498966217041,0.7104568461261064,1.0,500,50,,0.7526191280838122,0.6674545504438313,0.5995155715830816,0.8351648351648352,2.148112535476685,11.894913911819458,0.4
1200197,baseline_harder,Baseline harder irregularity,0.4,50,brits_mi_refined,BRITS-MI,0.6242846250534058,0.7558560603724892,1.0,500,50,,0.695276823030127,0.6255062283582216,0.6388189475052733,0.8148148148148148,2.084298610687256,8.839724063873291,0.4
1200198,baseline_harder,Baseline harder irregularity,0.4,50,brits_mi_refined,BRITS-MI,0.5974647998809814,0.6973245578181522,1.0,500,50,,0.732724358974359,0.7038841776890493,0.59741367323505,0.8730964467005076,2.2928881645202637,8.574663877487183,0.4
1200199,baseline_harder,Baseline harder irregularity,0.4,50,brits_mi_refined,BRITS-MI,0.6243987083435059,0.7236336694926273,1.0,500,50,,0.7409867020851004,0.7180596101268666,0.5962322822190488,0.82893998878295,2.1245312690734863,8.661245107650757,0.4
1200000,baseline_harder,Baseline harder irregularity,0.4,50,mice,MICE,0.6958496217253594,0.7905674189882895,1.0,500,50,,,,,,,,0.4
1200001,baseline_harder,Baseline harder irregularity,0.4,50,mice,MICE,0.7179014773418598,0.8465836776331873,1.0,500,50,,,,,,,,0.4
1200002,baseline_harder,Baseline harder irregularity,0.4,50,mice,MICE,0.7841777343175792,0.8889247772855062,1.0,500,50,,,,,,,,0.4
1200003,baseline_harder,Baseline harder irregularity,0.4,50,mice,MICE,0.7497276081751693,0.8713418213905593,1.0,500,50,,,,,,,,0.4
1200004,baseline_harder,Baseline harder irregularity,0.4,50,mice,MICE,0.7283947976666107,0.8308155033142305,1.0,500,50,,,,,,,,0.4
1200005,baseline_harder,Baseline harder irregularity,0.4,50,mice,MICE,0.7190666092546417,0.8443561495641536,1.0,500,50,,,,,,,,0.4
1200006,baseline_harder,Baseline harder irregularity,0.4,50,mice,MICE,0.7896077994372089,0.8914863359218742,1.0,500,50,,,,,,,,0.4
1200007,baseline_harder,Baseline harder irregularity,0.4,50,mice,MICE,0.6964982440251545,0.8085928611603338,1.0,500,50,,,,,,,,0.4
1200008,baseline_harder,Baseline harder irregularity,0.4,50,mice,MICE,0.7949475889026657,0.9209761125720028,1.0,500,50,,,,,,,,0.4
1200009,baseline_harder,Baseline harder irregularity,0.4,50,mice,MICE,0.7277398240983597,0.824883543355577,1.0,500,50,,,,,,,,0.4
1200010,baseline_harder,Baseline harder irregularity,0.4,50,mice,MICE,0.7961272278330697,0.9472375097357,1.0,500,50,,,,,,,,0.4
1200011,baseline_harder,Baseline harder irregularity,0.4,50,mice,MICE,0.7555655814189142,0.90922944189156,1.0,500,50,,,,,,,,0.4
1200012,baseline_harder,Baseline harder irregularity,0.4,50,mice,MICE,0.8453494772962625,1.019326300823994,1.0,500,50,,,,,,,,0.4
1200013,baseline_harder,Baseline harder irregularity,0.4,50,mice,MICE,0.7615513884701344,0.8528997704498993,1.0,500,50,,,,,,,,0.4
1200014,baseline_harder,Baseline harder irregularity,0.4,50,mice,MICE,0.7823891183283175,0.9229680213073372,1.0,500,50,,,,,,,,0.4
1200015,baseline_harder,Baseline harder irregularity,0.4,50,mice,MICE,0.7599204773329084,0.9337429330078094,1.0,500,50,,,,,,,,0.4
1200016,baseline_harder,Baseline harder irregularity,0.4,50,mice,MICE,0.8173797003441179,0.929511208456708,1.0,500,50,,,,,,,,0.4
1200017,baseline_harder,Baseline harder irregularity,0.4,50,mice,MICE,0.7344404459458809,0.8761061539547359,1.0,500,50,,,,,,,,0.4
1200018,baseline_harder,Baseline harder irregularity,0.4,50,mice,MICE,0.7579803214513114,0.8741044440087998,1.0,500,50,,,,,,,,0.4
1200019,baseline_harder,Baseline harder irregularity,0.4,50,mice,MICE,0.792214770141859,0.9372022285044436,1.0,500,50,,,,,,,,0.4
1200020,baseline_harder,Baseline harder irregularity,0.4,50,mice,MICE,0.8063926179094512,0.9868673881701336,1.0,500,50,,,,,,,,0.4
1200021,baseline_harder,Baseline harder irregularity,0.4,50,mice,MICE,0.8180042522732222,1.0060213214429332,1.0,500,50,,,,,,,,0.4
1200022,baseline_harder,Baseline harder irregularity,0.4,50,mice,MICE,0.7394264034494079,0.8119914933561855,1.0,500,50,,,,,,,,0.4
1200023,baseline_harder,Baseline harder irregularity,0.4,50,mice,MICE,0.7002053626084782,0.8527592999702879,1.0,500,50,,,,,,,,0.4
1200024,baseline_harder,Baseline harder irregularity,0.4,50,mice,MICE,0.7123379848640572,0.8282801169251621,1.0,500,50,,,,,,,,0.4
1200025,baseline_harder,Baseline harder irregularity,0.4,50,mice,MICE,0.8141423260425645,0.9858246057635184,1.0,500,50,,,,,,,,0.4
1200026,baseline_harder,Baseline harder irregularity,0.4,50,mice,MICE,0.752168880617995,0.8923564383899725,1.0,500,50,,,,,,,,0.4
1200027,baseline_harder,Baseline harder irregularity,0.4,50,mice,MICE,0.7624830241396254,0.9333515683757968,1.0,500,50,,,,,,,,0.4
1200028,baseline_harder,Baseline harder irregularity,0.4,50,mice,MICE,0.7756722065309631,0.9178610429930834,1.0,500,50,,,,,,,,0.4
1200029,baseline_harder,Baseline harder irregularity,0.4,50,mice,MICE,0.7350567446995232,0.8486947302545932,1.0,500,50,,,,,,,,0.4
1200030,baseline_harder,Baseline harder irregularity,0.4,50,mice,MICE,0.7487588358364949,0.8931399954076427,1.0,500,50,,,,,,,,0.4
1200031,baseline_harder,Baseline harder irregularity,0.4,50,mice,MICE,0.7742333571417296,0.9123577953784284,1.0,500,50,,,,,,,,0.4
1200032,baseline_harder,Baseline harder irregularity,0.4,50,mice,MICE,0.7818986007075714,0.9326828435294304,1.0,500,50,,,,,,,,0.4
1200033,baseline_harder,Baseline harder irregularity,0.4,50,mice,MICE,0.8133152085935248,0.9801530368075638,1.0,500,50,,,,,,,,0.4
1200034,baseline_harder,Baseline harder irregularity,0.4,50,mice,MICE,0.7599944297843483,0.8827822992486866,1.0,500,50,,,,,,,,0.4
1200035,baseline_harder,Baseline harder irregularity,0.4,50,mice,MICE,0.864018629923307,0.968384387973212,1.0,500,50,,,,,,,,0.4
1200036,baseline_harder,Baseline harder irregularity,0.4,50,mice,MICE,0.7628525812536938,0.8581381056247672,1.0,500,50,,,,,,,,0.4
1200037,baseline_harder,Baseline harder irregularity,0.4,50,mice,MICE,0.7202991444520274,0.8050305170079293,1.0,500,50,,,,,,,,0.4
1200038,baseline_harder,Baseline harder irregularity,0.4,50,mice,MICE,0.7263569401514519,0.8530760911277205,1.0,500,50,,,,,,,,0.4
1200039,baseline_harder,Baseline harder irregularity,0.4,50,mice,MICE,0.8283353994209124,0.9143262655249452,1.0,500,50,,,,,,,,0.4
1200040,baseline_harder,Baseline harder irregularity,0.4,50,mice,MICE,0.7123315525438911,0.7746338486401816,1.0,500,50,,,,,,,,0.4
1200041,baseline_harder,Baseline harder irregularity,0.4,50,mice,MICE,0.8650715291569905,1.0364991727770356,1.0,500,50,,,,,,,,0.4
1200042,baseline_harder,Baseline harder irregularity,0.4,50,mice,MICE,0.8071018147601788,0.9661591277772034,1.0,500,50,,,,,,,,0.4
1200043,baseline_harder,Baseline harder irregularity,0.4,50,mice,MICE,0.8009751681454081,0.9808302455129944,1.0,500,50,,,,,,,,0.4
1200044,baseline_harder,Baseline harder irregularity,0.4,50,mice,MICE,0.717570372619832,0.8064056544263194,1.0,500,50,,,,,,,,0.4
1200045,baseline_harder,Baseline harder irregularity,0.4,50,mice,MICE,0.7213642112682098,0.759489174258922,1.0,500,50,,,,,,,,0.4
1200046,baseline_harder,Baseline harder irregularity,0.4,50,mice,MICE,0.7053528934954146,0.7955931065356648,1.0,500,50,,,,,,,,0.4
1200047,baseline_harder,Baseline harder irregularity,0.4,50,mice,MICE,0.7416802495849238,0.8450813678240257,1.0,500,50,,,,,,,,0.4
1200048,baseline_harder,Baseline harder irregularity,0.4,50,mice,MICE,0.7903100203054382,0.9163161417223576,1.0,500,50,,,,,,,,0.4
1200049,baseline_harder,Baseline harder irregularity,0.4,50,mice,MICE,0.7252148662356396,0.829511004873594,1.0,500,50,,,,,,,,0.4
1200050,baseline_harder,Baseline harder irregularity,0.4,50,mice,MICE,0.7752380619381454,0.9065574886888834,1.0,500,50,,,,,,,,0.4
1200051,baseline_harder,Baseline harder irregularity,0.4,50,mice,MICE,0.7552523084137288,0.8899425946150742,1.0,500,50,,,,,,,,0.4
1200052,baseline_harder,Baseline harder irregularity,0.4,50,mice,MICE,0.7331414340606188,0.83282179562628,1.0,500,50,,,,,,,,0.4
1200053,baseline_harder,Baseline harder irregularity,0.4,50,mice,MICE,0.7297544642903201,0.8489079196275608,1.0,500,50,,,,,,,,0.4
1200054,baseline_harder,Baseline harder irregularity,0.4,50,mice,MICE,0.784355473557011,0.885905283218741,1.0,500,50,,,,,,,,0.4
1200055,baseline_harder,Baseline harder irregularity,0.4,50,mice,MICE,0.7749507084200589,0.8843799733655282,1.0,500,50,,,,,,,,0.4
1200056,baseline_harder,Baseline harder irregularity,0.4,50,mice,MICE,0.7836656463786512,0.9382196449428694,1.0,500,50,,,,,,,,0.4
1200057,baseline_harder,Baseline harder irregularity,0.4,50,mice,MICE,0.8074152091226948,0.9410427450401706,1.0,500,50,,,,,,,,0.4
1200058,baseline_harder,Baseline harder irregularity,0.4,50,mice,MICE,0.7564210995323433,0.8874850108930766,1.0,500,50,,,,,,,,0.4
1200059,baseline_harder,Baseline harder irregularity,0.4,50,mice,MICE,0.7200127289713534,0.8238928148442669,1.0,500,50,,,,,,,,0.4
1200060,baseline_harder,Baseline harder irregularity,0.4,50,mice,MICE,0.7495253394260306,0.8911702114639244,1.0,500,50,,,,,,,,0.4
1200061,baseline_harder,Baseline harder irregularity,0.4,50,mice,MICE,0.7326731340213571,0.8351031861553817,1.0,500,50,,,,,,,,0.4
1200062,baseline_harder,Baseline harder irregularity,0.4,50,mice,MICE,0.7228122365682581,0.8114489432516705,1.0,500,50,,,,,,,,0.4
1200063,baseline_harder,Baseline harder irregularity,0.4,50,mice,MICE,0.7546635777716599,0.9019738735502736,1.0,500,50,,,,,,,,0.4
1200064,baseline_harder,Baseline harder irregularity,0.4,50,mice,MICE,0.7258300344794267,0.7981790934364252,1.0,500,50,,,,,,,,0.4
1200065,baseline_harder,Baseline harder irregularity,0.4,50,mice,MICE,0.755576626623151,0.8397403807425308,1.0,500,50,,,,,,,,0.4
1200066,baseline_harder,Baseline harder irregularity,0.4,50,mice,MICE,0.7875043910516349,0.8991646402740977,1.0,500,50,,,,,,,,0.4
1200067,baseline_harder,Baseline harder irregularity,0.4,50,mice,MICE,0.712714037547379,0.8225825003346978,1.0,500,50,,,,,,,,0.4
1200068,baseline_harder,Baseline harder irregularity,0.4,50,mice,MICE,0.8668092982345754,1.0022305242619247,1.0,500,50,,,,,,,,0.4
1200069,baseline_harder,Baseline harder irregularity,0.4,50,mice,MICE,0.8351799202177759,0.9611668337182698,1.0,500,50,,,,,,,,0.4
1200070,baseline_harder,Baseline harder irregularity,0.4,50,mice,MICE,0.7560768233295537,0.875728527465172,1.0,500,50,,,,,,,,0.4
1200071,baseline_harder,Baseline harder irregularity,0.4,50,mice,MICE,0.7110360049458795,0.8168141855309478,1.0,500,50,,,,,,,,0.4
1200072,baseline_harder,Baseline harder irregularity,0.4,50,mice,MICE,0.739577034911469,0.8321832756507112,1.0,500,50,,,,,,,,0.4
1200073,baseline_harder,Baseline harder irregularity,0.4,50,mice,MICE,0.7054491348414577,0.836787249728012,1.0,500,50,,,,,,,,0.4
1200074,baseline_harder,Baseline harder irregularity,0.4,50,mice,MICE,0.8074653917900638,0.995710579100877,1.0,500,50,,,,,,,,0.4
1200075,baseline_harder,Baseline harder irregularity,0.4,50,mice,MICE,0.7480220533953275,0.8732355948126652,1.0,500,50,,,,,,,,0.4
1200076,baseline_harder,Baseline harder irregularity,0.4,50,mice,MICE,0.7358255447970724,0.8421227697364898,1.0,500,50,,,,,,,,0.4
1200077,baseline_harder,Baseline harder irregularity,0.4,50,mice,MICE,0.7963679107403093,0.9614159291797564,1.0,500,50,,,,,,,,0.4
1200078,baseline_harder,Baseline harder irregularity,0.4,50,mice,MICE,0.7558617677500329,0.8844722356575115,1.0,500,50,,,,,,,,0.4
1200079,baseline_harder,Baseline harder irregularity,0.4,50,mice,MICE,0.741411226955545,0.8225204858001867,1.0,500,50,,,,,,,,0.4
1200080,baseline_harder,Baseline harder irregularity,0.4,50,mice,MICE,0.7949387452365917,0.9278596854824008,1.0,500,50,,,,,,,,0.4
1200081,baseline_harder,Baseline harder irregularity,0.4,50,mice,MICE,0.7719868200764202,0.9307655188951596,1.0,500,50,,,,,,,,0.4
1200082,baseline_harder,Baseline harder irregularity,0.4,50,mice,MICE,0.8657003937491937,1.0529718997979671,1.0,500,50,,,,,,,,0.4
1200083,baseline_harder,Baseline harder irregularity,0.4,50,mice,MICE,0.7498291127271192,0.8683759607315616,1.0,500,50,,,,,,,,0.4
1200084,baseline_harder,Baseline harder irregularity,0.4,50,mice,MICE,0.7149375407013638,0.8681968096636098,1.0,500,50,,,,,,,,0.4
1200085,baseline_harder,Baseline harder irregularity,0.4,50,mice,MICE,0.845495334277998,0.9885594407965606,1.0,500,50,,,,,,,,0.4
1200086,baseline_harder,Baseline harder irregularity,0.4,50,mice,MICE,0.709636377238796,0.7944629523110058,1.0,500,50,,,,,,,,0.4
1200087,baseline_harder,Baseline harder irregularity,0.4,50,mice,MICE,0.7548226387552458,0.9012742554988674,1.0,500,50,,,,,,,,0.4
1200088,baseline_harder,Baseline harder irregularity,0.4,50,mice,MICE,0.8210145390549906,0.9372444418075908,1.0,500,50,,,,,,,,0.4
1200089,baseline_harder,Baseline harder irregularity,0.4,50,mice,MICE,0.8084057229932029,0.9386328871428778,1.0,500,50,,,,,,,,0.4
1200090,baseline_harder,Baseline harder irregularity,0.4,50,mice,MICE,0.7965657455841948,0.9706626675169944,1.0,500,50,,,,,,,,0.4
1200091,baseline_harder,Baseline harder irregularity,0.4,50,mice,MICE,0.7484806154892966,0.8512599994990541,1.0,500,50,,,,,,,,0.4
1200092,baseline_harder,Baseline harder irregularity,0.4,50,mice,MICE,0.7452713312570217,0.8936260343021912,1.0,500,50,,,,,,,,0.4
1200093,baseline_harder,Baseline harder irregularity,0.4,50,mice,MICE,0.7210335815238533,0.8469104110507634,1.0,500,50,,,,,,,,0.4
1200094,baseline_harder,Baseline harder irregularity,0.4,50,mice,MICE,0.7175231789267633,0.7958403634458482,1.0,500,50,,,,,,,,0.4
1200095,baseline_harder,Baseline harder irregularity,0.4,50,mice,MICE,0.8122230624586899,0.8873897006082956,1.0,500,50,,,,,,,,0.4
1200096,baseline_harder,Baseline harder irregularity,0.4,50,mice,MICE,0.7249125079663045,0.8527946239126662,1.0,500,50,,,,,,,,0.4
1200097,baseline_harder,Baseline harder irregularity,0.4,50,mice,MICE,0.7945215616116866,0.9764844348542528,1.0,500,50,,,,,,,,0.4
1200098,baseline_harder,Baseline harder irregularity,0.4,50,mice,MICE,0.7733692438518144,0.9121170626909876,1.0,500,50,,,,,,,,0.4
1200099,baseline_harder,Baseline harder irregularity,0.4,50,mice,MICE,0.8055701055059541,0.956438254704932,1.0,500,50,,,,,,,,0.4
1200100,baseline_harder,Baseline harder irregularity,0.4,50,mice,MICE,0.6904466441534838,0.8105447212120512,1.0,500,50,,,,,,,,0.4
1200101,baseline_harder,Baseline harder irregularity,0.4,50,mice,MICE,0.7371041702147477,0.8518743400928687,1.0,500,50,,,,,,,,0.4
1200102,baseline_harder,Baseline harder irregularity,0.4,50,mice,MICE,0.7858597651068482,0.957732495801944,1.0,500,50,,,,,,,,0.4
1200103,baseline_harder,Baseline harder irregularity,0.4,50,mice,MICE,0.7726354551608251,0.8711872906128912,1.0,500,50,,,,,,,,0.4
1200104,baseline_harder,Baseline harder irregularity,0.4,50,mice,MICE,0.8429147196245204,1.0071338487109156,1.0,500,50,,,,,,,,0.4
1200105,baseline_harder,Baseline harder irregularity,0.4,50,mice,MICE,0.8597802848508308,1.0763928769238158,1.0,500,50,,,,,,,,0.4
1200106,baseline_harder,Baseline harder irregularity,0.4,50,mice,MICE,0.7674755647566959,0.8545455387206666,1.0,500,50,,,,,,,,0.4
1200107,baseline_harder,Baseline harder irregularity,0.4,50,mice,MICE,0.717710527150656,0.8139336583175373,1.0,500,50,,,,,,,,0.4
1200108,baseline_harder,Baseline harder irregularity,0.4,50,mice,MICE,0.7082398432131367,0.7981831200173168,1.0,500,50,,,,,,,,0.4
1200109,baseline_harder,Baseline harder irregularity,0.4,50,mice,MICE,0.7702620157916377,0.9060440576264434,1.0,500,50,,,,,,,,0.4
1200110,baseline_harder,Baseline harder irregularity,0.4,50,mice,MICE,0.7234940979431511,0.8400888873834639,1.0,500,50,,,,,,,,0.4
1200111,baseline_harder,Baseline harder irregularity,0.4,50,mice,MICE,0.731142082728475,0.8771612984294179,1.0,500,50,,,,,,,,0.4
1200112,baseline_harder,Baseline harder irregularity,0.4,50,mice,MICE,0.7413615377839294,0.8551209859192563,1.0,500,50,,,,,,,,0.4
1200113,baseline_harder,Baseline harder irregularity,0.4,50,mice,MICE,0.7704680594557833,0.8824370463060299,1.0,500,50,,,,,,,,0.4
1200114,baseline_harder,Baseline harder irregularity,0.4,50,mice,MICE,0.8122460056935858,1.000011961675178,1.0,500,50,,,,,,,,0.4
1200115,baseline_harder,Baseline harder irregularity,0.4,50,mice,MICE,0.8069872977443053,0.9260737270469652,1.0,500,50,,,,,,,,0.4
1200116,baseline_harder,Baseline harder irregularity,0.4,50,mice,MICE,0.7268389966975956,0.8460765606273917,1.0,500,50,,,,,,,,0.4
1200117,baseline_harder,Baseline harder irregularity,0.4,50,mice,MICE,0.8556212316984079,0.9797022781152054,1.0,500,50,,,,,,,,0.4
1200118,baseline_harder,Baseline harder irregularity,0.4,50,mice,MICE,0.7120156978190252,0.8353185876544994,1.0,500,50,,,,,,,,0.4
1200119,baseline_harder,Baseline harder irregularity,0.4,50,mice,MICE,0.7929398840741338,0.9514857529800324,1.0,500,50,,,,,,,,0.4
1200120,baseline_harder,Baseline harder irregularity,0.4,50,mice,MICE,0.7321572256680108,0.8449030107440988,1.0,500,50,,,,,,,,0.4
1200121,baseline_harder,Baseline harder irregularity,0.4,50,mice,MICE,0.8340135039013357,0.9516057968768514,1.0,500,50,,,,,,,,0.4
1200122,baseline_harder,Baseline harder irregularity,0.4,50,mice,MICE,0.7686870020129014,0.8666782748618301,1.0,500,50,,,,,,,,0.4
1200123,baseline_harder,Baseline harder irregularity,0.4,50,mice,MICE,0.769881666809598,0.9364080161182434,1.0,500,50,,,,,,,,0.4
1200124,baseline_harder,Baseline harder irregularity,0.4,50,mice,MICE,0.7505475853055108,0.853870709588495,1.0,500,50,,,,,,,,0.4
1200125,baseline_harder,Baseline harder irregularity,0.4,50,mice,MICE,0.8263614209441913,0.9612400163635773,1.0,500,50,,,,,,,,0.4
1200126,baseline_harder,Baseline harder irregularity,0.4,50,mice,MICE,0.7600598988635379,0.8937676865517916,1.0,500,50,,,,,,,,0.4
1200127,baseline_harder,Baseline harder irregularity,0.4,50,mice,MICE,0.767348512635749,0.8432722531529522,1.0,500,50,,,,,,,,0.4
1200128,baseline_harder,Baseline harder irregularity,0.4,50,mice,MICE,0.793191717589534,0.9376550570018064,1.0,500,50,,,,,,,,0.4
1200129,baseline_harder,Baseline harder irregularity,0.4,50,mice,MICE,0.7256508134460362,0.825441624282035,1.0,500,50,,,,,,,,0.4
1200130,baseline_harder,Baseline harder irregularity,0.4,50,mice,MICE,0.7660328237340794,0.876229774010867,1.0,500,50,,,,,,,,0.4
1200131,baseline_harder,Baseline harder irregularity,0.4,50,mice,MICE,0.7390713430603496,0.8181698725136677,1.0,500,50,,,,,,,,0.4
1200132,baseline_harder,Baseline harder irregularity,0.4,50,mice,MICE,0.7806795295596314,0.9338072265270922,1.0,500,50,,,,,,,,0.4
1200133,baseline_harder,Baseline harder irregularity,0.4,50,mice,MICE,0.7564330452427487,0.9044915073318336,1.0,500,50,,,,,,,,0.4
1200134,baseline_harder,Baseline harder irregularity,0.4,50,mice,MICE,0.7811257961289223,0.9144814189877812,1.0,500,50,,,,,,,,0.4
1200135,baseline_harder,Baseline harder irregularity,0.4,50,mice,MICE,0.7827464755339717,0.9141356114936016,1.0,500,50,,,,,,,,0.4
1200136,baseline_harder,Baseline harder irregularity,0.4,50,mice,MICE,0.7816104690355761,0.9552094829573368,1.0,500,50,,,,,,,,0.4
1200137,baseline_harder,Baseline harder irregularity,0.4,50,mice,MICE,0.7012245739604028,0.7841484492367097,1.0,500,50,,,,,,,,0.4
1200138,baseline_harder,Baseline harder irregularity,0.4,50,mice,MICE,0.7781744974275538,0.916688149896002,1.0,500,50,,,,,,,,0.4
1200139,baseline_harder,Baseline harder irregularity,0.4,50,mice,MICE,0.7322071349961027,0.8733021934242746,1.0,500,50,,,,,,,,0.4
1200140,baseline_harder,Baseline harder irregularity,0.4,50,mice,MICE,0.7512665432607922,0.8908150517456117,1.0,500,50,,,,,,,,0.4
1200141,baseline_harder,Baseline harder irregularity,0.4,50,mice,MICE,0.8142295873428549,1.014150352403811,1.0,500,50,,,,,,,,0.4
1200142,baseline_harder,Baseline harder irregularity,0.4,50,mice,MICE,0.7920938966970406,0.9379602066625784,1.0,500,50,,,,,,,,0.4
1200143,baseline_harder,Baseline harder irregularity,0.4,50,mice,MICE,0.8118270901331178,0.9681232643805244,1.0,500,50,,,,,,,,0.4
1200144,baseline_harder,Baseline harder irregularity,0.4,50,mice,MICE,0.6961025524872373,0.7682154069316329,1.0,500,50,,,,,,,,0.4
1200145,baseline_harder,Baseline harder irregularity,0.4,50,mice,MICE,0.7362276992470093,0.8575595830064309,1.0,500,50,,,,,,,,0.4
1200146,baseline_harder,Baseline harder irregularity,0.4,50,mice,MICE,0.7552297448200415,0.8604790694233058,1.0,500,50,,,,,,,,0.4
1200147,baseline_harder,Baseline harder irregularity,0.4,50,mice,MICE,0.7627088117751164,0.86154562758986,1.0,500,50,,,,,,,,0.4
1200148,baseline_harder,Baseline harder irregularity,0.4,50,mice,MICE,0.7937578019965609,0.8747571289148908,1.0,500,50,,,,,,,,0.4
1200149,baseline_harder,Baseline harder irregularity,0.4,50,mice,MICE,0.8206333603654454,0.95543741164008,1.0,500,50,,,,,,,,0.4
1200150,baseline_harder,Baseline harder irregularity,0.4,50,mice,MICE,0.7686130378279288,0.9260932475409016,1.0,500,50,,,,,,,,0.4
1200151,baseline_harder,Baseline harder irregularity,0.4,50,mice,MICE,0.6843452275565887,0.7972158327638896,1.0,500,50,,,,,,,,0.4
1200152,baseline_harder,Baseline harder irregularity,0.4,50,mice,MICE,0.7131681474647713,0.8392570828847642,1.0,500,50,,,,,,,,0.4
1200153,baseline_harder,Baseline harder irregularity,0.4,50,mice,MICE,0.6927414365650704,0.8019456744342706,1.0,500,50,,,,,,,,0.4
1200154,baseline_harder,Baseline harder irregularity,0.4,50,mice,MICE,0.7323336177094169,0.8174281848241935,1.0,500,50,,,,,,,,0.4
1200155,baseline_harder,Baseline harder irregularity,0.4,50,mice,MICE,0.8078543799748904,0.9604058208013024,1.0,500,50,,,,,,,,0.4
1200156,baseline_harder,Baseline harder irregularity,0.4,50,mice,MICE,0.7008980882689124,0.7651884073339069,1.0,500,50,,,,,,,,0.4
1200157,baseline_harder,Baseline harder irregularity,0.4,50,mice,MICE,0.8017277602295212,0.9711720058173778,1.0,500,50,,,,,,,,0.4
1200158,baseline_harder,Baseline harder irregularity,0.4,50,mice,MICE,0.7597189797286359,0.8503889075365805,1.0,500,50,,,,,,,,0.4
1200159,baseline_harder,Baseline harder irregularity,0.4,50,mice,MICE,0.8300659968164414,1.0269291162185883,1.0,500,50,,,,,,,,0.4
1200160,baseline_harder,Baseline harder irregularity,0.4,50,mice,MICE,0.7755356445080364,0.9225054225797856,1.0,500,50,,,,,,,,0.4
1200161,baseline_harder,Baseline harder irregularity,0.4,50,mice,MICE,0.8047898846000622,0.9209572121713038,1.0,500,50,,,,,,,,0.4
1200162,baseline_harder,Baseline harder irregularity,0.4,50,mice,MICE,0.7885932452646828,0.9073904362609612,1.0,500,50,,,,,,,,0.4
1200163,baseline_harder,Baseline harder irregularity,0.4,50,mice,MICE,0.7593685298601753,0.9068100704798208,1.0,500,50,,,,,,,,0.4
1200164,baseline_harder,Baseline harder irregularity,0.4,50,mice,MICE,0.7372061113260674,0.8646778824254087,1.0,500,50,,,,,,,,0.4
1200165,baseline_harder,Baseline harder irregularity,0.4,50,mice,MICE,0.8524733375237871,1.0365328248903425,1.0,500,50,,,,,,,,0.4
1200166,baseline_harder,Baseline harder irregularity,0.4,50,mice,MICE,0.784412524217712,0.8408390813109222,1.0,500,50,,,,,,,,0.4
1200167,baseline_harder,Baseline harder irregularity,0.4,50,mice,MICE,0.7770531511272388,0.8537293523981518,1.0,500,50,,,,,,,,0.4
1200168,baseline_harder,Baseline harder irregularity,0.4,50,mice,MICE,0.7256156061520621,0.7947415745352865,1.0,500,50,,,,,,,,0.4
1200169,baseline_harder,Baseline harder irregularity,0.4,50,mice,MICE,0.8056603594726071,0.9324817963746062,1.0,500,50,,,,,,,,0.4
1200170,baseline_harder,Baseline harder irregularity,0.4,50,mice,MICE,0.7323588541189265,0.8469925911788321,1.0,500,50,,,,,,,,0.4
1200171,baseline_harder,Baseline harder irregularity,0.4,50,mice,MICE,0.7384832204364514,0.8900731807472646,1.0,500,50,,,,,,,,0.4
1200172,baseline_harder,Baseline harder irregularity,0.4,50,mice,MICE,0.8122643052117563,0.99593724610116,1.0,500,50,,,,,,,,0.4
1200173,baseline_harder,Baseline harder irregularity,0.4,50,mice,MICE,0.7623247951936856,0.8564159003184197,1.0,500,50,,,,,,,,0.4
1200174,baseline_harder,Baseline harder irregularity,0.4,50,mice,MICE,0.7589366954840101,0.8617930418296706,1.0,500,50,,,,,,,,0.4
1200175,baseline_harder,Baseline harder irregularity,0.4,50,mice,MICE,0.7489449177178364,0.8434006158746374,1.0,500,50,,,,,,,,0.4
1200176,baseline_harder,Baseline harder irregularity,0.4,50,mice,MICE,0.7600750404431501,0.8683049166108954,1.0,500,50,,,,,,,,0.4
1200177,baseline_harder,Baseline harder irregularity,0.4,50,mice,MICE,0.7902740911783103,0.9213890627149212,1.0,500,50,,,,,,,,0.4
1200178,baseline_harder,Baseline harder irregularity,0.4,50,mice,MICE,0.7660343267813369,0.8585110620624805,1.0,500,50,,,,,,,,0.4
1200179,baseline_harder,Baseline harder irregularity,0.4,50,mice,MICE,0.7647370837100019,0.8921293300655131,1.0,500,50,,,,,,,,0.4
1200180,baseline_harder,Baseline harder irregularity,0.4,50,mice,MICE,0.735194976491865,0.861294280283304,1.0,500,50,,,,,,,,0.4
1200181,baseline_harder,Baseline harder irregularity,0.4,50,mice,MICE,0.7555247714069449,0.9002757336316376,1.0,500,50,,,,,,,,0.4
1200182,baseline_harder,Baseline harder irregularity,0.4,50,mice,MICE,0.7517545687928516,0.8652839760285598,1.0,500,50,,,,,,,,0.4
1200183,baseline_harder,Baseline harder irregularity,0.4,50,mice,MICE,0.7852271704821675,0.8589240840982244,1.0,500,50,,,,,,,,0.4
1200184,baseline_harder,Baseline harder irregularity,0.4,50,mice,MICE,0.7417002934861613,0.8419422201319585,1.0,500,50,,,,,,,,0.4
1200185,baseline_harder,Baseline harder irregularity,0.4,50,mice,MICE,0.7398489758876668,0.8740841788769821,1.0,500,50,,,,,,,,0.4
1200186,baseline_harder,Baseline harder irregularity,0.4,50,mice,MICE,0.8021634171240668,0.9864574266453447,1.0,500,50,,,,,,,,0.4
1200187,baseline_harder,Baseline harder irregularity,0.4,50,mice,MICE,0.7780410161028022,0.862549427888239,1.0,500,50,,,,,,,,0.4
1200188,baseline_harder,Baseline harder irregularity,0.4,50,mice,MICE,0.7857138813440551,0.8833209344987343,1.0,500,50,,,,,,,,0.4
1200189,baseline_harder,Baseline harder irregularity,0.4,50,mice,MICE,0.8114878756207184,0.9378438243597148,1.0,500,50,,,,,,,,0.4
1200190,baseline_harder,Baseline harder irregularity,0.4,50,mice,MICE,0.8032490673169218,0.9158301659831848,1.0,500,50,,,,,,,,0.4
1200191,baseline_harder,Baseline harder irregularity,0.4,50,mice,MICE,0.7915244134969905,0.931735910992056,1.0,500,50,,,,,,,,0.4
1200192,baseline_harder,Baseline harder irregularity,0.4,50,mice,MICE,0.7392400022570138,0.8133048965559294,1.0,500,50,,,,,,,,0.4
1200193,baseline_harder,Baseline harder irregularity,0.4,50,mice,MICE,0.8656960810237486,1.026075999197848,1.0,500,50,,,,,,,,0.4
1200194,baseline_harder,Baseline harder irregularity,0.4,50,mice,MICE,0.7977859848171899,0.920046404203877,1.0,500,50,,,,,,,,0.4
1200195,baseline_harder,Baseline harder irregularity,0.4,50,mice,MICE,0.8322619001287825,0.9723943304766228,1.0,500,50,,,,,,,,0.4
1200196,baseline_harder,Baseline harder irregularity,0.4,50,mice,MICE,0.7769197021157248,0.9216450355310744,1.0,500,50,,,,,,,,0.4
1200197,baseline_harder,Baseline harder irregularity,0.4,50,mice,MICE,0.7567984353991541,0.8635518627045486,1.0,500,50,,,,,,,,0.4
1200198,baseline_harder,Baseline harder irregularity,0.4,50,mice,MICE,0.8130977046443896,0.9298420817220668,1.0,500,50,,,,,,,,0.4
1200199,baseline_harder,Baseline harder irregularity,0.4,50,mice,MICE,0.910140076436064,1.0813486652516109,1.0,500,50,,,,,,,,0.4
1200000,baseline_harder,Baseline harder irregularity,0.4,1,full_data,Full data,0.0,0.0,1.0,500,1,,,,,,,,0.4
1200000,baseline_harder,Baseline harder irregularity,0.4,1,mean_impute,Mean imputation,0.839074906523286,0.9824518961337536,1.0,500,1,,,,,,,,0.4
1200001,baseline_harder,Baseline harder irregularity,0.4,1,full_data,Full data,0.0,0.0,1.0,500,1,,,,,,,,0.4
1200001,baseline_harder,Baseline harder irregularity,0.4,1,mean_impute,Mean imputation,0.879657308095032,1.0645790960630896,1.0,500,1,,,,,,,,0.4
1200002,baseline_harder,Baseline harder irregularity,0.4,1,full_data,Full data,0.0,0.0,1.0,500,1,,,,,,,,0.4
1200002,baseline_harder,Baseline harder irregularity,0.4,1,mean_impute,Mean imputation,0.8847286965634469,0.9881763109635936,1.0,500,1,,,,,,,,0.4
1200003,baseline_harder,Baseline harder irregularity,0.4,1,full_data,Full data,0.0,0.0,1.0,500,1,,,,,,,,0.4
1200003,baseline_harder,Baseline harder irregularity,0.4,1,mean_impute,Mean imputation,0.9175088931648908,1.0555925956784356,1.0,500,1,,,,,,,,0.4
1200004,baseline_harder,Baseline harder irregularity,0.4,1,full_data,Full data,0.0,0.0,1.0,500,1,,,,,,,,0.4
1200004,baseline_harder,Baseline harder irregularity,0.4,1,mean_impute,Mean imputation,0.8633716313060176,1.0116458941960047,1.0,500,1,,,,,,,,0.4
1200005,baseline_harder,Baseline harder irregularity,0.4,1,full_data,Full data,0.0,0.0,1.0,500,1,,,,,,,,0.4
1200005,baseline_harder,Baseline harder irregularity,0.4,1,mean_impute,Mean imputation,0.920799664634497,1.0703073766752842,1.0,500,1,,,,,,,,0.4
1200006,baseline_harder,Baseline harder irregularity,0.4,1,full_data,Full data,0.0,0.0,1.0,500,1,,,,,,,,0.4
1200006,baseline_harder,Baseline harder irregularity,0.4,1,mean_impute,Mean imputation,0.9004001112564416,1.0741923812934495,1.0,500,1,,,,,,,,0.4
1200007,baseline_harder,Baseline harder irregularity,0.4,1,full_data,Full data,0.0,0.0,1.0,500,1,,,,,,,,0.4
1200007,baseline_harder,Baseline harder irregularity,0.4,1,mean_impute,Mean imputation,0.9182364375530188,1.0827225498150632,1.0,500,1,,,,,,,,0.4
1200008,baseline_harder,Baseline harder irregularity,0.4,1,full_data,Full data,0.0,0.0,1.0,500,1,,,,,,,,0.4
1200008,baseline_harder,Baseline harder irregularity,0.4,1,mean_impute,Mean imputation,0.9298626110700586,1.077047716033649,1.0,500,1,,,,,,,,0.4
1200009,baseline_harder,Baseline harder irregularity,0.4,1,full_data,Full data,0.0,0.0,1.0,500,1,,,,,,,,0.4
1200009,baseline_harder,Baseline harder irregularity,0.4,1,mean_impute,Mean imputation,0.914933771168692,1.0650500109180043,1.0,500,1,,,,,,,,0.4
1200010,baseline_harder,Baseline harder irregularity,0.4,1,full_data,Full data,0.0,0.0,1.0,500,1,,,,,,,,0.4
1200010,baseline_harder,Baseline harder irregularity,0.4,1,mean_impute,Mean imputation,0.9154233365695442,1.0837341857556302,1.0,500,1,,,,,,,,0.4
1200011,baseline_harder,Baseline harder irregularity,0.4,1,full_data,Full data,0.0,0.0,1.0,500,1,,,,,,,,0.4
1200011,baseline_harder,Baseline harder irregularity,0.4,1,mean_impute,Mean imputation,0.8579690022568315,1.0370065591040354,1.0,500,1,,,,,,,,0.4
1200012,baseline_harder,Baseline harder irregularity,0.4,1,full_data,Full data,0.0,0.0,1.0,500,1,,,,,,,,0.4
1200012,baseline_harder,Baseline harder irregularity,0.4,1,mean_impute,Mean imputation,0.9311107338265974,1.0995783941963373,1.0,500,1,,,,,,,,0.4
1200013,baseline_harder,Baseline harder irregularity,0.4,1,full_data,Full data,0.0,0.0,1.0,500,1,,,,,,,,0.4
1200013,baseline_harder,Baseline harder irregularity,0.4,1,mean_impute,Mean imputation,0.901931539218879,1.0391419386913,1.0,500,1,,,,,,,,0.4
1200014,baseline_harder,Baseline harder irregularity,0.4,1,full_data,Full data,0.0,0.0,1.0,500,1,,,,,,,,0.4
1200014,baseline_harder,Baseline harder irregularity,0.4,1,mean_impute,Mean imputation,0.8848707564034881,1.0138300948566694,1.0,500,1,,,,,,,,0.4
1200015,baseline_harder,Baseline harder irregularity,0.4,1,full_data,Full data,0.0,0.0,1.0,500,1,,,,,,,,0.4
1200015,baseline_harder,Baseline harder irregularity,0.4,1,mean_impute,Mean imputation,0.8675995552603375,1.0362969775152813,1.0,500,1,,,,,,,,0.4
1200016,baseline_harder,Baseline harder irregularity,0.4,1,full_data,Full data,0.0,0.0,1.0,500,1,,,,,,,,0.4
1200016,baseline_harder,Baseline harder irregularity,0.4,1,mean_impute,Mean imputation,0.9603731386507596,1.10777573848981,1.0,500,1,,,,,,,,0.4
1200017,baseline_harder,Baseline harder irregularity,0.4,1,full_data,Full data,0.0,0.0,1.0,500,1,,,,,,,,0.4
1200017,baseline_harder,Baseline harder irregularity,0.4,1,mean_impute,Mean imputation,0.8673003766222982,1.004758851132579,1.0,500,1,,,,,,,,0.4
1200018,baseline_harder,Baseline harder irregularity,0.4,1,full_data,Full data,0.0,0.0,1.0,500,1,,,,,,,,0.4
1200018,baseline_harder,Baseline harder irregularity,0.4,1,mean_impute,Mean imputation,0.9113849921501264,1.0515153341063312,1.0,500,1,,,,,,,,0.4
1200019,baseline_harder,Baseline harder irregularity,0.4,1,full_data,Full data,0.0,0.0,1.0,500,1,,,,,,,,0.4
1200019,baseline_harder,Baseline harder irregularity,0.4,1,mean_impute,Mean imputation,0.8735376238212074,1.0325267268305274,1.0,500,1,,,,,,,,0.4
1200020,baseline_harder,Baseline harder irregularity,0.4,1,full_data,Full data,0.0,0.0,1.0,500,1,,,,,,,,0.4
1200020,baseline_harder,Baseline harder irregularity,0.4,1,mean_impute,Mean imputation,0.9126196715252072,1.0770337781696715,1.0,500,1,,,,,,,,0.4
1200021,baseline_harder,Baseline harder irregularity,0.4,1,full_data,Full data,0.0,0.0,1.0,500,1,,,,,,,,0.4
1200021,baseline_harder,Baseline harder irregularity,0.4,1,mean_impute,Mean imputation,0.8836725824921376,1.0201871770077435,1.0,500,1,,,,,,,,0.4
1200022,baseline_harder,Baseline harder irregularity,0.4,1,full_data,Full data,0.0,0.0,1.0,500,1,,,,,,,,0.4
1200022,baseline_harder,Baseline harder irregularity,0.4,1,mean_impute,Mean imputation,0.8945172135969304,1.0110025666393485,1.0,500,1,,,,,,,,0.4
1200023,baseline_harder,Baseline harder irregularity,0.4,1,full_data,Full data,0.0,0.0,1.0,500,1,,,,,,,,0.4
1200023,baseline_harder,Baseline harder irregularity,0.4,1,mean_impute,Mean imputation,0.8503575748369752,1.0372996182819982,1.0,500,1,,,,,,,,0.4
1200024,baseline_harder,Baseline harder irregularity,0.4,1,full_data,Full data,0.0,0.0,1.0,500,1,,,,,,,,0.4
1200024,baseline_harder,Baseline harder irregularity,0.4,1,mean_impute,Mean imputation,0.8673028409100478,1.0286525391164634,1.0,500,1,,,,,,,,0.4
1200025,baseline_harder,Baseline harder irregularity,0.4,1,full_data,Full data,0.0,0.0,1.0,500,1,,,,,,,,0.4
1200025,baseline_harder,Baseline harder irregularity,0.4,1,mean_impute,Mean imputation,0.914549565045834,1.090151935212991,1.0,500,1,,,,,,,,0.4
1200026,baseline_harder,Baseline harder irregularity,0.4,1,full_data,Full data,0.0,0.0,1.0,500,1,,,,,,,,0.4
1200026,baseline_harder,Baseline harder irregularity,0.4,1,mean_impute,Mean imputation,0.8382661433783489,0.9880550795852284,1.0,500,1,,,,,,,,0.4
1200027,baseline_harder,Baseline harder irregularity,0.4,1,full_data,Full data,0.0,0.0,1.0,500,1,,,,,,,,0.4
1200027,baseline_harder,Baseline harder irregularity,0.4,1,mean_impute,Mean imputation,0.8936160225187917,1.074873044363435,1.0,500,1,,,,,,,,0.4
1200028,baseline_harder,Baseline harder irregularity,0.4,1,full_data,Full data,0.0,0.0,1.0,500,1,,,,,,,,0.4
1200028,baseline_harder,Baseline harder irregularity,0.4,1,mean_impute,Mean imputation,0.9167151921911731,1.094995735703452,1.0,500,1,,,,,,,,0.4
1200029,baseline_harder,Baseline harder irregularity,0.4,1,full_data,Full data,0.0,0.0,1.0,500,1,,,,,,,,0.4
1200029,baseline_harder,Baseline harder irregularity,0.4,1,mean_impute,Mean imputation,0.8810101422213171,1.019168178056016,1.0,500,1,,,,,,,,0.4
1200030,baseline_harder,Baseline harder irregularity,0.4,1,full_data,Full data,0.0,0.0,1.0,500,1,,,,,,,,0.4
1200030,baseline_harder,Baseline harder irregularity,0.4,1,mean_impute,Mean imputation,0.8656962338143566,1.0205033286824907,1.0,500,1,,,,,,,,0.4
1200031,baseline_harder,Baseline harder irregularity,0.4,1,full_data,Full data,0.0,0.0,1.0,500,1,,,,,,,,0.4
1200031,baseline_harder,Baseline harder irregularity,0.4,1,mean_impute,Mean imputation,0.8927746165184727,1.0413305805321,1.0,500,1,,,,,,,,0.4
1200032,baseline_harder,Baseline harder irregularity,0.4,1,full_data,Full data,0.0,0.0,1.0,500,1,,,,,,,,0.4
1200032,baseline_harder,Baseline harder irregularity,0.4,1,mean_impute,Mean imputation,0.9035091701120974,1.091001254237631,1.0,500,1,,,,,,,,0.4
1200033,baseline_harder,Baseline harder irregularity,0.4,1,full_data,Full data,0.0,0.0,1.0,500,1,,,,,,,,0.4
1200033,baseline_harder,Baseline harder irregularity,0.4,1,mean_impute,Mean imputation,0.9109061297861476,1.0874953916885863,1.0,500,1,,,,,,,,0.4
1200034,baseline_harder,Baseline harder irregularity,0.4,1,full_data,Full data,0.0,0.0,1.0,500,1,,,,,,,,0.4
1200034,baseline_harder,Baseline harder irregularity,0.4,1,mean_impute,Mean imputation,0.8709960213809901,1.0253180572208185,1.0,500,1,,,,,,,,0.4
1200035,baseline_harder,Baseline harder irregularity,0.4,1,full_data,Full data,0.0,0.0,1.0,500,1,,,,,,,,0.4
1200035,baseline_harder,Baseline harder irregularity,0.4,1,mean_impute,Mean imputation,0.9465501668891414,1.0750273670287105,1.0,500,1,,,,,,,,0.4
1200036,baseline_harder,Baseline harder irregularity,0.4,1,full_data,Full data,0.0,0.0,1.0,500,1,,,,,,,,0.4
1200036,baseline_harder,Baseline harder irregularity,0.4,1,mean_impute,Mean imputation,0.9015828936233824,1.0531157976584022,1.0,500,1,,,,,,,,0.4
1200037,baseline_harder,Baseline harder irregularity,0.4,1,full_data,Full data,0.0,0.0,1.0,500,1,,,,,,,,0.4
1200037,baseline_harder,Baseline harder irregularity,0.4,1,mean_impute,Mean imputation,0.8553160708117177,1.0068710841443458,1.0,500,1,,,,,,,,0.4
1200038,baseline_harder,Baseline harder irregularity,0.4,1,full_data,Full data,0.0,0.0,1.0,500,1,,,,,,,,0.4
1200038,baseline_harder,Baseline harder irregularity,0.4,1,mean_impute,Mean imputation,0.9047028713049772,1.0663891569342014,1.0,500,1,,,,,,,,0.4
1200039,baseline_harder,Baseline harder irregularity,0.4,1,full_data,Full data,0.0,0.0,1.0,500,1,,,,,,,,0.4
1200039,baseline_harder,Baseline harder irregularity,0.4,1,mean_impute,Mean imputation,0.95143706534141,1.12377179447086,1.0,500,1,,,,,,,,0.4
1200040,baseline_harder,Baseline harder irregularity,0.4,1,full_data,Full data,0.0,0.0,1.0,500,1,,,,,,,,0.4
1200040,baseline_harder,Baseline harder irregularity,0.4,1,mean_impute,Mean imputation,0.9032993857647718,1.0259609418418851,1.0,500,1,,,,,,,,0.4
1200041,baseline_harder,Baseline harder irregularity,0.4,1,full_data,Full data,0.0,0.0,1.0,500,1,,,,,,,,0.4
1200041,baseline_harder,Baseline harder irregularity,0.4,1,mean_impute,Mean imputation,0.9266557660332412,1.0736897260970548,1.0,500,1,,,,,,,,0.4
1200042,baseline_harder,Baseline harder irregularity,0.4,1,full_data,Full data,0.0,0.0,1.0,500,1,,,,,,,,0.4
1200042,baseline_harder,Baseline harder irregularity,0.4,1,mean_impute,Mean imputation,0.9751122728290414,1.1572416656987194,1.0,500,1,,,,,,,,0.4
1200043,baseline_harder,Baseline harder irregularity,0.4,1,full_data,Full data,0.0,0.0,1.0,500,1,,,,,,,,0.4
1200043,baseline_harder,Baseline harder irregularity,0.4,1,mean_impute,Mean imputation,0.9452480078233944,1.1285308680549335,1.0,500,1,,,,,,,,0.4
1200044,baseline_harder,Baseline harder irregularity,0.4,1,full_data,Full data,0.0,0.0,1.0,500,1,,,,,,,,0.4
1200044,baseline_harder,Baseline harder irregularity,0.4,1,mean_impute,Mean imputation,0.8883068940723292,1.0461005659578893,1.0,500,1,,,,,,,,0.4
1200045,baseline_harder,Baseline harder irregularity,0.4,1,full_data,Full data,0.0,0.0,1.0,500,1,,,,,,,,0.4
1200045,baseline_harder,Baseline harder irregularity,0.4,1,mean_impute,Mean imputation,0.8788264259868614,0.9799049366009448,1.0,500,1,,,,,,,,0.4
1200046,baseline_harder,Baseline harder irregularity,0.4,1,full_data,Full data,0.0,0.0,1.0,500,1,,,,,,,,0.4
1200046,baseline_harder,Baseline harder irregularity,0.4,1,mean_impute,Mean imputation,0.905375606697752,1.05782806433915,1.0,500,1,,,,,,,,0.4
1200047,baseline_harder,Baseline harder irregularity,0.4,1,full_data,Full data,0.0,0.0,1.0,500,1,,,,,,,,0.4
1200047,baseline_harder,Baseline harder irregularity,0.4,1,mean_impute,Mean imputation,0.8940473902437039,1.0368703240099166,1.0,500,1,,,,,,,,0.4
1200048,baseline_harder,Baseline harder irregularity,0.4,1,full_data,Full data,0.0,0.0,1.0,500,1,,,,,,,,0.4
1200048,baseline_harder,Baseline harder irregularity,0.4,1,mean_impute,Mean imputation,0.9513375865932912,1.1182553505872683,1.0,500,1,,,,,,,,0.4
1200049,baseline_harder,Baseline harder irregularity,0.4,1,full_data,Full data,0.0,0.0,1.0,500,1,,,,,,,,0.4
1200049,baseline_harder,Baseline harder irregularity,0.4,1,mean_impute,Mean imputation,0.8856907973039081,1.0230481702706449,1.0,500,1,,,,,,,,0.4
1200050,baseline_harder,Baseline harder irregularity,0.4,1,full_data,Full data,0.0,0.0,1.0,500,1,,,,,,,,0.4
1200050,baseline_harder,Baseline harder irregularity,0.4,1,mean_impute,Mean imputation,0.9044159917400878,1.064293154689181,1.0,500,1,,,,,,,,0.4
1200051,baseline_harder,Baseline harder irregularity,0.4,1,full_data,Full data,0.0,0.0,1.0,500,1,,,,,,,,0.4
1200051,baseline_harder,Baseline harder irregularity,0.4,1,mean_impute,Mean imputation,0.9006343016230365,1.0299337067138392,1.0,500,1,,,,,,,,0.4
1200052,baseline_harder,Baseline harder irregularity,0.4,1,full_data,Full data,0.0,0.0,1.0,500,1,,,,,,,,0.4
1200052,baseline_harder,Baseline harder irregularity,0.4,1,mean_impute,Mean imputation,0.936762772239654,1.0929755639825989,1.0,500,1,,,,,,,,0.4
1200053,baseline_harder,Baseline harder irregularity,0.4,1,full_data,Full data,0.0,0.0,1.0,500,1,,,,,,,,0.4
1200053,baseline_harder,Baseline harder irregularity,0.4,1,mean_impute,Mean imputation,0.9403120254274754,1.09464134273642,1.0,500,1,,,,,,,,0.4
1200054,baseline_harder,Baseline harder irregularity,0.4,1,full_data,Full data,0.0,0.0,1.0,500,1,,,,,,,,0.4
1200054,baseline_harder,Baseline harder irregularity,0.4,1,mean_impute,Mean imputation,0.9102050753387184,1.0327190286282018,1.0,500,1,,,,,,,,0.4
1200055,baseline_harder,Baseline harder irregularity,0.4,1,full_data,Full data,0.0,0.0,1.0,500,1,,,,,,,,0.4
1200055,baseline_harder,Baseline harder irregularity,0.4,1,mean_impute,Mean imputation,0.9224556224711962,1.096522622345797,1.0,500,1,,,,,,,,0.4
1200056,baseline_harder,Baseline harder irregularity,0.4,1,full_data,Full data,0.0,0.0,1.0,500,1,,,,,,,,0.4
1200056,baseline_harder,Baseline harder irregularity,0.4,1,mean_impute,Mean imputation,0.9160489333382336,1.0722708634860685,1.0,500,1,,,,,,,,0.4
1200057,baseline_harder,Baseline harder irregularity,0.4,1,full_data,Full data,0.0,0.0,1.0,500,1,,,,,,,,0.4
1200057,baseline_harder,Baseline harder irregularity,0.4,1,mean_impute,Mean imputation,0.984211681403298,1.1268193301575276,1.0,500,1,,,,,,,,0.4
1200058,baseline_harder,Baseline harder irregularity,0.4,1,full_data,Full data,0.0,0.0,1.0,500,1,,,,,,,,0.4
1200058,baseline_harder,Baseline harder irregularity,0.4,1,mean_impute,Mean imputation,0.9074229020720068,1.0569848891431606,1.0,500,1,,,,,,,,0.4
1200059,baseline_harder,Baseline harder irregularity,0.4,1,full_data,Full data,0.0,0.0,1.0,500,1,,,,,,,,0.4
1200059,baseline_harder,Baseline harder irregularity,0.4,1,mean_impute,Mean imputation,0.8901571817239152,1.0462902971496266,1.0,500,1,,,,,,,,0.4
1200060,baseline_harder,Baseline harder irregularity,0.4,1,full_data,Full data,0.0,0.0,1.0,500,1,,,,,,,,0.4
1200060,baseline_harder,Baseline harder irregularity,0.4,1,mean_impute,Mean imputation,0.8316351419527579,0.994494505007578,1.0,500,1,,,,,,,,0.4
1200061,baseline_harder,Baseline harder irregularity,0.4,1,full_data,Full data,0.0,0.0,1.0,500,1,,,,,,,,0.4
1200061,baseline_harder,Baseline harder irregularity,0.4,1,mean_impute,Mean imputation,0.9042507798918824,1.0463462659615024,1.0,500,1,,,,,,,,0.4
1200062,baseline_harder,Baseline harder irregularity,0.4,1,full_data,Full data,0.0,0.0,1.0,500,1,,,,,,,,0.4
1200062,baseline_harder,Baseline harder irregularity,0.4,1,mean_impute,Mean imputation,0.8892780855546127,1.0166370444757689,1.0,500,1,,,,,,,,0.4
1200063,baseline_harder,Baseline harder irregularity,0.4,1,full_data,Full data,0.0,0.0,1.0,500,1,,,,,,,,0.4
1200063,baseline_harder,Baseline harder irregularity,0.4,1,mean_impute,Mean imputation,0.9079343087273456,1.0620283124582053,1.0,500,1,,,,,,,,0.4
1200064,baseline_harder,Baseline harder irregularity,0.4,1,full_data,Full data,0.0,0.0,1.0,500,1,,,,,,,,0.4
1200064,baseline_harder,Baseline harder irregularity,0.4,1,mean_impute,Mean imputation,0.9122590073354888,1.056728500635667,1.0,500,1,,,,,,,,0.4
1200065,baseline_harder,Baseline harder irregularity,0.4,1,full_data,Full data,0.0,0.0,1.0,500,1,,,,,,,,0.4
1200065,baseline_harder,Baseline harder irregularity,0.4,1,mean_impute,Mean imputation,0.8905938491833505,1.03138439562984,1.0,500,1,,,,,,,,0.4
1200066,baseline_harder,Baseline harder irregularity,0.4,1,full_data,Full data,0.0,0.0,1.0,500,1,,,,,,,,0.4
1200066,baseline_harder,Baseline harder irregularity,0.4,1,mean_impute,Mean imputation,0.8896196686541123,1.0537784047758294,1.0,500,1,,,,,,,,0.4
1200067,baseline_harder,Baseline harder irregularity,0.4,1,full_data,Full data,0.0,0.0,1.0,500,1,,,,,,,,0.4
1200067,baseline_harder,Baseline harder irregularity,0.4,1,mean_impute,Mean imputation,0.9058995698308286,1.0604261411900398,1.0,500,1,,,,,,,,0.4
1200068,baseline_harder,Baseline harder irregularity,0.4,1,full_data,Full data,0.0,0.0,1.0,500,1,,,,,,,,0.4
1200068,baseline_harder,Baseline harder irregularity,0.4,1,mean_impute,Mean imputation,0.9201599278356776,1.042873072452886,1.0,500,1,,,,,,,,0.4
1200069,baseline_harder,Baseline harder irregularity,0.4,1,full_data,Full data,0.0,0.0,1.0,500,1,,,,,,,,0.4
1200069,baseline_harder,Baseline harder irregularity,0.4,1,mean_impute,Mean imputation,0.9605712715660952,1.1184839304499794,1.0,500,1,,,,,,,,0.4
1200070,baseline_harder,Baseline harder irregularity,0.4,1,full_data,Full data,0.0,0.0,1.0,500,1,,,,,,,,0.4
1200070,baseline_harder,Baseline harder irregularity,0.4,1,mean_impute,Mean imputation,0.9118280966076424,1.0574590032710962,1.0,500,1,,,,,,,,0.4
1200071,baseline_harder,Baseline harder irregularity,0.4,1,full_data,Full data,0.0,0.0,1.0,500,1,,,,,,,,0.4
1200071,baseline_harder,Baseline harder irregularity,0.4,1,mean_impute,Mean imputation,0.8838011156064889,1.0330401961364606,1.0,500,1,,,,,,,,0.4
1200072,baseline_harder,Baseline harder irregularity,0.4,1,full_data,Full data,0.0,0.0,1.0,500,1,,,,,,,,0.4
1200072,baseline_harder,Baseline harder irregularity,0.4,1,mean_impute,Mean imputation,0.8515495909534845,0.9967583966632196,1.0,500,1,,,,,,,,0.4
1200073,baseline_harder,Baseline harder irregularity,0.4,1,full_data,Full data,0.0,0.0,1.0,500,1,,,,,,,,0.4
1200073,baseline_harder,Baseline harder irregularity,0.4,1,mean_impute,Mean imputation,0.9037216284017706,1.0500840914251273,1.0,500,1,,,,,,,,0.4
1200074,baseline_harder,Baseline harder irregularity,0.4,1,full_data,Full data,0.0,0.0,1.0,500,1,,,,,,,,0.4
1200074,baseline_harder,Baseline harder irregularity,0.4,1,mean_impute,Mean imputation,0.9084861756557606,1.0790357672581914,1.0,500,1,,,,,,,,0.4
1200075,baseline_harder,Baseline harder irregularity,0.4,1,full_data,Full data,0.0,0.0,1.0,500,1,,,,,,,,0.4
1200075,baseline_harder,Baseline harder irregularity,0.4,1,mean_impute,Mean imputation,0.8736399760005992,1.0300998469857596,1.0,500,1,,,,,,,,0.4
1200076,baseline_harder,Baseline harder irregularity,0.4,1,full_data,Full data,0.0,0.0,1.0,500,1,,,,,,,,0.4
1200076,baseline_harder,Baseline harder irregularity,0.4,1,mean_impute,Mean imputation,0.8947688159059987,1.032022599791531,1.0,500,1,,,,,,,,0.4
1200077,baseline_harder,Baseline harder irregularity,0.4,1,full_data,Full data,0.0,0.0,1.0,500,1,,,,,,,,0.4
1200077,baseline_harder,Baseline harder irregularity,0.4,1,mean_impute,Mean imputation,0.9164657392947776,1.0812049028913977,1.0,500,1,,,,,,,,0.4
1200078,baseline_harder,Baseline harder irregularity,0.4,1,full_data,Full data,0.0,0.0,1.0,500,1,,,,,,,,0.4
1200078,baseline_harder,Baseline harder irregularity,0.4,1,mean_impute,Mean imputation,0.8862712065447393,1.036828681141492,1.0,500,1,,,,,,,,0.4
1200079,baseline_harder,Baseline harder irregularity,0.4,1,full_data,Full data,0.0,0.0,1.0,500,1,,,,,,,,0.4
1200079,baseline_harder,Baseline harder irregularity,0.4,1,mean_impute,Mean imputation,0.904354929546994,1.048767796760533,1.0,500,1,,,,,,,,0.4
1200080,baseline_harder,Baseline harder irregularity,0.4,1,full_data,Full data,0.0,0.0,1.0,500,1,,,,,,,,0.4
1200080,baseline_harder,Baseline harder irregularity,0.4,1,mean_impute,Mean imputation,0.8980248319308808,1.0339229962857457,1.0,500,1,,,,,,,,0.4
1200081,baseline_harder,Baseline harder irregularity,0.4,1,full_data,Full data,0.0,0.0,1.0,500,1,,,,,,,,0.4
1200081,baseline_harder,Baseline harder irregularity,0.4,1,mean_impute,Mean imputation,0.9332595418853304,1.107620069751764,1.0,500,1,,,,,,,,0.4
1200082,baseline_harder,Baseline harder irregularity,0.4,1,full_data,Full data,0.0,0.0,1.0,500,1,,,,,,,,0.4
1200082,baseline_harder,Baseline harder irregularity,0.4,1,mean_impute,Mean imputation,0.9553005625631704,1.1465004312275533,1.0,500,1,,,,,,,,0.4
1200083,baseline_harder,Baseline harder irregularity,0.4,1,full_data,Full data,0.0,0.0,1.0,500,1,,,,,,,,0.4
1200083,baseline_harder,Baseline harder irregularity,0.4,1,mean_impute,Mean imputation,0.9030786807738695,1.066838484680274,1.0,500,1,,,,,,,,0.4
1200084,baseline_harder,Baseline harder irregularity,0.4,1,full_data,Full data,0.0,0.0,1.0,500,1,,,,,,,,0.4
1200084,baseline_harder,Baseline harder irregularity,0.4,1,mean_impute,Mean imputation,0.8988343595463875,1.0476729361073216,1.0,500,1,,,,,,,,0.4
1200085,baseline_harder,Baseline harder irregularity,0.4,1,full_data,Full data,0.0,0.0,1.0,500,1,,,,,,,,0.4
1200085,baseline_harder,Baseline harder irregularity,0.4,1,mean_impute,Mean imputation,0.8955841744208105,1.0331084957636272,1.0,500,1,,,,,,,,0.4
1200086,baseline_harder,Baseline harder irregularity,0.4,1,full_data,Full data,0.0,0.0,1.0,500,1,,,,,,,,0.4
1200086,baseline_harder,Baseline harder irregularity,0.4,1,mean_impute,Mean imputation,0.8839805787686283,1.0011287806481586,1.0,500,1,,,,,,,,0.4
1200087,baseline_harder,Baseline harder irregularity,0.4,1,full_data,Full data,0.0,0.0,1.0,500,1,,,,,,,,0.4
1200087,baseline_harder,Baseline harder irregularity,0.4,1,mean_impute,Mean imputation,0.8793463044216432,1.0407998581996658,1.0,500,1,,,,,,,,0.4
1200088,baseline_harder,Baseline harder irregularity,0.4,1,full_data,Full data,0.0,0.0,1.0,500,1,,,,,,,,0.4
1200088,baseline_harder,Baseline harder irregularity,0.4,1,mean_impute,Mean imputation,0.9527053287449234,1.0961962277988495,1.0,500,1,,,,,,,,0.4
1200089,baseline_harder,Baseline harder irregularity,0.4,1,full_data,Full data,0.0,0.0,1.0,500,1,,,,,,,,0.4
1200089,baseline_harder,Baseline harder irregularity,0.4,1,mean_impute,Mean imputation,0.9307915787016698,1.102168712851274,1.0,500,1,,,,,,,,0.4
1200090,baseline_harder,Baseline harder irregularity,0.4,1,full_data,Full data,0.0,0.0,1.0,500,1,,,,,,,,0.4
1200090,baseline_harder,Baseline harder irregularity,0.4,1,mean_impute,Mean imputation,0.911843770732939,1.0686147731728082,1.0,500,1,,,,,,,,0.4
1200091,baseline_harder,Baseline harder irregularity,0.4,1,full_data,Full data,0.0,0.0,1.0,500,1,,,,,,,,0.4
1200091,baseline_harder,Baseline harder irregularity,0.4,1,mean_impute,Mean imputation,0.8774390653717062,1.0267741534671522,1.0,500,1,,,,,,,,0.4
1200092,baseline_harder,Baseline harder irregularity,0.4,1,full_data,Full data,0.0,0.0,1.0,500,1,,,,,,,,0.4
1200092,baseline_harder,Baseline harder irregularity,0.4,1,mean_impute,Mean imputation,0.9207185906217572,1.0602647397070508,1.0,500,1,,,,,,,,0.4
1200093,baseline_harder,Baseline harder irregularity,0.4,1,full_data,Full data,0.0,0.0,1.0,500,1,,,,,,,,0.4
1200093,baseline_harder,Baseline harder irregularity,0.4,1,mean_impute,Mean imputation,0.8663032070455232,1.0034469834806834,1.0,500,1,,,,,,,,0.4
1200094,baseline_harder,Baseline harder irregularity,0.4,1,full_data,Full data,0.0,0.0,1.0,500,1,,,,,,,,0.4
1200094,baseline_harder,Baseline harder irregularity,0.4,1,mean_impute,Mean imputation,0.8793345026238372,1.025111068880818,1.0,500,1,,,,,,,,0.4
1200095,baseline_harder,Baseline harder irregularity,0.4,1,full_data,Full data,0.0,0.0,1.0,500,1,,,,,,,,0.4
1200095,baseline_harder,Baseline harder irregularity,0.4,1,mean_impute,Mean imputation,0.9015770194085236,1.0483638498290673,1.0,500,1,,,,,,,,0.4
1200096,baseline_harder,Baseline harder irregularity,0.4,1,full_data,Full data,0.0,0.0,1.0,500,1,,,,,,,,0.4
1200096,baseline_harder,Baseline harder irregularity,0.4,1,mean_impute,Mean imputation,0.8805452030535669,1.0286852119002088,1.0,500,1,,,,,,,,0.4
1200097,baseline_harder,Baseline harder irregularity,0.4,1,full_data,Full data,0.0,0.0,1.0,500,1,,,,,,,,0.4
1200097,baseline_harder,Baseline harder irregularity,0.4,1,mean_impute,Mean imputation,0.956115951285136,1.1295812439566255,1.0,500,1,,,,,,,,0.4
1200098,baseline_harder,Baseline harder irregularity,0.4,1,full_data,Full data,0.0,0.0,1.0,500,1,,,,,,,,0.4
1200098,baseline_harder,Baseline harder irregularity,0.4,1,mean_impute,Mean imputation,0.9035471436285284,1.055996156015606,1.0,500,1,,,,,,,,0.4
1200099,baseline_harder,Baseline harder irregularity,0.4,1,full_data,Full data,0.0,0.0,1.0,500,1,,,,,,,,0.4
1200099,baseline_harder,Baseline harder irregularity,0.4,1,mean_impute,Mean imputation,0.9273899575782982,1.0866862470131269,1.0,500,1,,,,,,,,0.4
1200100,baseline_harder,Baseline harder irregularity,0.4,1,full_data,Full data,0.0,0.0,1.0,500,1,,,,,,,,0.4
1200100,baseline_harder,Baseline harder irregularity,0.4,1,mean_impute,Mean imputation,0.8764891146769576,1.0245506047252355,1.0,500,1,,,,,,,,0.4
1200101,baseline_harder,Baseline harder irregularity,0.4,1,full_data,Full data,0.0,0.0,1.0,500,1,,,,,,,,0.4
1200101,baseline_harder,Baseline harder irregularity,0.4,1,mean_impute,Mean imputation,0.86939429741455,1.0099650370720656,1.0,500,1,,,,,,,,0.4
1200102,baseline_harder,Baseline harder irregularity,0.4,1,full_data,Full data,0.0,0.0,1.0,500,1,,,,,,,,0.4
1200102,baseline_harder,Baseline harder irregularity,0.4,1,mean_impute,Mean imputation,0.90774092996849,1.0618703935207128,1.0,500,1,,,,,,,,0.4
1200103,baseline_harder,Baseline harder irregularity,0.4,1,full_data,Full data,0.0,0.0,1.0,500,1,,,,,,,,0.4
1200103,baseline_harder,Baseline harder irregularity,0.4,1,mean_impute,Mean imputation,0.920995757157864,1.0437256739482947,1.0,500,1,,,,,,,,0.4
1200104,baseline_harder,Baseline harder irregularity,0.4,1,full_data,Full data,0.0,0.0,1.0,500,1,,,,,,,,0.4
1200104,baseline_harder,Baseline harder irregularity,0.4,1,mean_impute,Mean imputation,0.9408026992010484,1.107569156030262,1.0,500,1,,,,,,,,0.4
1200105,baseline_harder,Baseline harder irregularity,0.4,1,full_data,Full data,0.0,0.0,1.0,500,1,,,,,,,,0.4
1200105,baseline_harder,Baseline harder irregularity,0.4,1,mean_impute,Mean imputation,0.8760737223900632,1.048629585767719,1.0,500,1,,,,,,,,0.4
1200106,baseline_harder,Baseline harder irregularity,0.4,1,full_data,Full data,0.0,0.0,1.0,500,1,,,,,,,,0.4
1200106,baseline_harder,Baseline harder irregularity,0.4,1,mean_impute,Mean imputation,0.9609724991113352,1.0422124437041569,1.0,500,1,,,,,,,,0.4
1200107,baseline_harder,Baseline harder irregularity,0.4,1,full_data,Full data,0.0,0.0,1.0,500,1,,,,,,,,0.4
1200107,baseline_harder,Baseline harder irregularity,0.4,1,mean_impute,Mean imputation,0.8915438911289258,1.0379481203346148,1.0,500,1,,,,,,,,0.4
1200108,baseline_harder,Baseline harder irregularity,0.4,1,full_data,Full data,0.0,0.0,1.0,500,1,,,,,,,,0.4
1200108,baseline_harder,Baseline harder irregularity,0.4,1,mean_impute,Mean imputation,0.8734261567239748,0.984551178136381,1.0,500,1,,,,,,,,0.4
1200109,baseline_harder,Baseline harder irregularity,0.4,1,full_data,Full data,0.0,0.0,1.0,500,1,,,,,,,,0.4
1200109,baseline_harder,Baseline harder irregularity,0.4,1,mean_impute,Mean imputation,0.8947857054307323,1.0411150403760334,1.0,500,1,,,,,,,,0.4
1200110,baseline_harder,Baseline harder irregularity,0.4,1,full_data,Full data,0.0,0.0,1.0,500,1,,,,,,,,0.4
1200110,baseline_harder,Baseline harder irregularity,0.4,1,mean_impute,Mean imputation,0.8547530106672708,0.9998175082774432,1.0,500,1,,,,,,,,0.4
1200111,baseline_harder,Baseline harder irregularity,0.4,1,full_data,Full data,0.0,0.0,1.0,500,1,,,,,,,,0.4
1200111,baseline_harder,Baseline harder irregularity,0.4,1,mean_impute,Mean imputation,0.8702481127833435,1.0225991574190434,1.0,500,1,,,,,,,,0.4
1200112,baseline_harder,Baseline harder irregularity,0.4,1,full_data,Full data,0.0,0.0,1.0,500,1,,,,,,,,0.4
1200112,baseline_harder,Baseline harder irregularity,0.4,1,mean_impute,Mean imputation,0.8912524928708746,1.0542640710119693,1.0,500,1,,,,,,,,0.4
1200113,baseline_harder,Baseline harder irregularity,0.4,1,full_data,Full data,0.0,0.0,1.0,500,1,,,,,,,,0.4
1200113,baseline_harder,Baseline harder irregularity,0.4,1,mean_impute,Mean imputation,0.9349730643582052,1.1060886628984488,1.0,500,1,,,,,,,,0.4
1200114,baseline_harder,Baseline harder irregularity,0.4,1,full_data,Full data,0.0,0.0,1.0,500,1,,,,,,,,0.4
1200114,baseline_harder,Baseline harder irregularity,0.4,1,mean_impute,Mean imputation,0.9476193945977394,1.1190699151891104,1.0,500,1,,,,,,,,0.4
1200115,baseline_harder,Baseline harder irregularity,0.4,1,full_data,Full data,0.0,0.0,1.0,500,1,,,,,,,,0.4
1200115,baseline_harder,Baseline harder irregularity,0.4,1,mean_impute,Mean imputation,0.9348503105177132,1.1205143664200974,1.0,500,1,,,,,,,,0.4
1200116,baseline_harder,Baseline harder irregularity,0.4,1,full_data,Full data,0.0,0.0,1.0,500,1,,,,,,,,0.4
1200116,baseline_harder,Baseline harder irregularity,0.4,1,mean_impute,Mean imputation,0.905995073289382,1.0436584758158003,1.0,500,1,,,,,,,,0.4
1200117,baseline_harder,Baseline harder irregularity,0.4,1,full_data,Full data,0.0,0.0,1.0,500,1,,,,,,,,0.4
1200117,baseline_harder,Baseline harder irregularity,0.4,1,mean_impute,Mean imputation,0.9253565427332217,1.0455448300875176,1.0,500,1,,,,,,,,0.4
1200118,baseline_harder,Baseline harder irregularity,0.4,1,full_data,Full data,0.0,0.0,1.0,500,1,,,,,,,,0.4
1200118,baseline_harder,Baseline harder irregularity,0.4,1,mean_impute,Mean imputation,0.8620053492982199,0.996651699156012,1.0,500,1,,,,,,,,0.4
1200119,baseline_harder,Baseline harder irregularity,0.4,1,full_data,Full data,0.0,0.0,1.0,500,1,,,,,,,,0.4
1200119,baseline_harder,Baseline harder irregularity,0.4,1,mean_impute,Mean imputation,0.8994099673928578,1.0822374845600964,1.0,500,1,,,,,,,,0.4
1200120,baseline_harder,Baseline harder irregularity,0.4,1,full_data,Full data,0.0,0.0,1.0,500,1,,,,,,,,0.4
1200120,baseline_harder,Baseline harder irregularity,0.4,1,mean_impute,Mean imputation,0.8958610332730997,1.0442421220308242,1.0,500,1,,,,,,,,0.4
1200121,baseline_harder,Baseline harder irregularity,0.4,1,full_data,Full data,0.0,0.0,1.0,500,1,,,,,,,,0.4
1200121,baseline_harder,Baseline harder irregularity,0.4,1,mean_impute,Mean imputation,0.9200063663805764,1.0784154694318666,1.0,500,1,,,,,,,,0.4
1200122,baseline_harder,Baseline harder irregularity,0.4,1,full_data,Full data,0.0,0.0,1.0,500,1,,,,,,,,0.4
1200122,baseline_harder,Baseline harder irregularity,0.4,1,mean_impute,Mean imputation,0.9426647938079186,1.0696047412033944,1.0,500,1,,,,,,,,0.4
1200123,baseline_harder,Baseline harder irregularity,0.4,1,full_data,Full data,0.0,0.0,1.0,500,1,,,,,,,,0.4
1200123,baseline_harder,Baseline harder irregularity,0.4,1,mean_impute,Mean imputation,0.9019666297781748,1.0563550325569275,1.0,500,1,,,,,,,,0.4
1200124,baseline_harder,Baseline harder irregularity,0.4,1,full_data,Full data,0.0,0.0,1.0,500,1,,,,,,,,0.4
1200124,baseline_harder,Baseline harder irregularity,0.4,1,mean_impute,Mean imputation,0.9110121620385804,1.0820942274828058,1.0,500,1,,,,,,,,0.4
1200125,baseline_harder,Baseline harder irregularity,0.4,1,full_data,Full data,0.0,0.0,1.0,500,1,,,,,,,,0.4
1200125,baseline_harder,Baseline harder irregularity,0.4,1,mean_impute,Mean imputation,0.9325308233873578,1.0836601668739707,1.0,500,1,,,,,,,,0.4
1200126,baseline_harder,Baseline harder irregularity,0.4,1,full_data,Full data,0.0,0.0,1.0,500,1,,,,,,,,0.4
1200126,baseline_harder,Baseline harder irregularity,0.4,1,mean_impute,Mean imputation,0.9245578829836112,1.078749565260937,1.0,500,1,,,,,,,,0.4
1200127,baseline_harder,Baseline harder irregularity,0.4,1,full_data,Full data,0.0,0.0,1.0,500,1,,,,,,,,0.4
1200127,baseline_harder,Baseline harder irregularity,0.4,1,mean_impute,Mean imputation,0.94860455989703,1.116495673359475,1.0,500,1,,,,,,,,0.4
1200128,baseline_harder,Baseline harder irregularity,0.4,1,full_data,Full data,0.0,0.0,1.0,500,1,,,,,,,,0.4
1200128,baseline_harder,Baseline harder irregularity,0.4,1,mean_impute,Mean imputation,0.8758230173290094,1.0355846396407564,1.0,500,1,,,,,,,,0.4
1200129,baseline_harder,Baseline harder irregularity,0.4,1,full_data,Full data,0.0,0.0,1.0,500,1,,,,,,,,0.4
1200129,baseline_harder,Baseline harder irregularity,0.4,1,mean_impute,Mean imputation,0.9077135535003348,1.050438303021714,1.0,500,1,,,,,,,,0.4
1200130,baseline_harder,Baseline harder irregularity,0.4,1,full_data,Full data,0.0,0.0,1.0,500,1,,,,,,,,0.4
1200130,baseline_harder,Baseline harder irregularity,0.4,1,mean_impute,Mean imputation,0.8731377378513828,1.0098356805580548,1.0,500,1,,,,,,,,0.4
1200131,baseline_harder,Baseline harder irregularity,0.4,1,full_data,Full data,0.0,0.0,1.0,500,1,,,,,,,,0.4
1200131,baseline_harder,Baseline harder irregularity,0.4,1,mean_impute,Mean imputation,0.8698653283894824,0.9804458940106544,1.0,500,1,,,,,,,,0.4
1200132,baseline_harder,Baseline harder irregularity,0.4,1,full_data,Full data,0.0,0.0,1.0,500,1,,,,,,,,0.4
1200132,baseline_harder,Baseline harder irregularity,0.4,1,mean_impute,Mean imputation,0.9151193337837727,1.080028121839172,1.0,500,1,,,,,,,,0.4
1200133,baseline_harder,Baseline harder irregularity,0.4,1,full_data,Full data,0.0,0.0,1.0,500,1,,,,,,,,0.4
1200133,baseline_harder,Baseline harder irregularity,0.4,1,mean_impute,Mean imputation,0.951283200464748,1.1307354432691568,1.0,500,1,,,,,,,,0.4
1200134,baseline_harder,Baseline harder irregularity,0.4,1,full_data,Full data,0.0,0.0,1.0,500,1,,,,,,,,0.4
1200134,baseline_harder,Baseline harder irregularity,0.4,1,mean_impute,Mean imputation,0.8913412836043266,1.0251871497884868,1.0,500,1,,,,,,,,0.4
1200135,baseline_harder,Baseline harder irregularity,0.4,1,full_data,Full data,0.0,0.0,1.0,500,1,,,,,,,,0.4
1200135,baseline_harder,Baseline harder irregularity,0.4,1,mean_impute,Mean imputation,0.9565922112383712,1.143658289656999,1.0,500,1,,,,,,,,0.4
1200136,baseline_harder,Baseline harder irregularity,0.4,1,full_data,Full data,0.0,0.0,1.0,500,1,,,,,,,,0.4
1200136,baseline_harder,Baseline harder irregularity,0.4,1,mean_impute,Mean imputation,0.9228554870778842,1.068868700522016,1.0,500,1,,,,,,,,0.4
1200137,baseline_harder,Baseline harder irregularity,0.4,1,full_data,Full data,0.0,0.0,1.0,500,1,,,,,,,,0.4
1200137,baseline_harder,Baseline harder irregularity,0.4,1,mean_impute,Mean imputation,0.8607394655007582,0.988953900584184,1.0,500,1,,,,,,,,0.4
1200138,baseline_harder,Baseline harder irregularity,0.4,1,full_data,Full data,0.0,0.0,1.0,500,1,,,,,,,,0.4
1200138,baseline_harder,Baseline harder irregularity,0.4,1,mean_impute,Mean imputation,0.9609506391300464,1.1477865141814845,1.0,500,1,,,,,,,,0.4
1200139,baseline_harder,Baseline harder irregularity,0.4,1,full_data,Full data,0.0,0.0,1.0,500,1,,,,,,,,0.4
1200139,baseline_harder,Baseline harder irregularity,0.4,1,mean_impute,Mean imputation,0.8935191562588483,1.051904349002035,1.0,500,1,,,,,,,,0.4
1200140,baseline_harder,Baseline harder irregularity,0.4,1,full_data,Full data,0.0,0.0,1.0,500,1,,,,,,,,0.4
1200140,baseline_harder,Baseline harder irregularity,0.4,1,mean_impute,Mean imputation,0.8897394155653354,1.0071649811908645,1.0,500,1,,,,,,,,0.4
1200141,baseline_harder,Baseline harder irregularity,0.4,1,full_data,Full data,0.0,0.0,1.0,500,1,,,,,,,,0.4
1200141,baseline_harder,Baseline harder irregularity,0.4,1,mean_impute,Mean imputation,0.893483123542914,1.0762920721275433,1.0,500,1,,,,,,,,0.4
1200142,baseline_harder,Baseline harder irregularity,0.4,1,full_data,Full data,0.0,0.0,1.0,500,1,,,,,,,,0.4
1200142,baseline_harder,Baseline harder irregularity,0.4,1,mean_impute,Mean imputation,0.9250757386970008,1.0913964533013922,1.0,500,1,,,,,,,,0.4
1200143,baseline_harder,Baseline harder irregularity,0.4,1,full_data,Full data,0.0,0.0,1.0,500,1,,,,,,,,0.4
1200143,baseline_harder,Baseline harder irregularity,0.4,1,mean_impute,Mean imputation,0.9195064485653348,1.0784752913355875,1.0,500,1,,,,,,,,0.4
1200144,baseline_harder,Baseline harder irregularity,0.4,1,full_data,Full data,0.0,0.0,1.0,500,1,,,,,,,,0.4
1200144,baseline_harder,Baseline harder irregularity,0.4,1,mean_impute,Mean imputation,0.8814951560794133,0.9993752392406008,1.0,500,1,,,,,,,,0.4
1200145,baseline_harder,Baseline harder irregularity,0.4,1,full_data,Full data,0.0,0.0,1.0,500,1,,,,,,,,0.4
1200145,baseline_harder,Baseline harder irregularity,0.4,1,mean_impute,Mean imputation,0.904230498271314,1.0312185122276942,1.0,500,1,,,,,,,,0.4
1200146,baseline_harder,Baseline harder irregularity,0.4,1,full_data,Full data,0.0,0.0,1.0,500,1,,,,,,,,0.4
1200146,baseline_harder,Baseline harder irregularity,0.4,1,mean_impute,Mean imputation,0.9282300103903758,1.0894143410117592,1.0,500,1,,,,,,,,0.4
1200147,baseline_harder,Baseline harder irregularity,0.4,1,full_data,Full data,0.0,0.0,1.0,500,1,,,,,,,,0.4
1200147,baseline_harder,Baseline harder irregularity,0.4,1,mean_impute,Mean imputation,0.9210924750839188,1.06013516927936,1.0,500,1,,,,,,,,0.4
1200148,baseline_harder,Baseline harder irregularity,0.4,1,full_data,Full data,0.0,0.0,1.0,500,1,,,,,,,,0.4
1200148,baseline_harder,Baseline harder irregularity,0.4,1,mean_impute,Mean imputation,0.8972281867122874,1.020937660488133,1.0,500,1,,,,,,,,0.4
1200149,baseline_harder,Baseline harder irregularity,0.4,1,full_data,Full data,0.0,0.0,1.0,500,1,,,,,,,,0.4
1200149,baseline_harder,Baseline harder irregularity,0.4,1,mean_impute,Mean imputation,0.9180898041835936,1.0596002810498726,1.0,500,1,,,,,,,,0.4
1200150,baseline_harder,Baseline harder irregularity,0.4,1,full_data,Full data,0.0,0.0,1.0,500,1,,,,,,,,0.4
1200150,baseline_harder,Baseline harder irregularity,0.4,1,mean_impute,Mean imputation,0.9313843516504756,1.102662010810079,1.0,500,1,,,,,,,,0.4
1200151,baseline_harder,Baseline harder irregularity,0.4,1,full_data,Full data,0.0,0.0,1.0,500,1,,,,,,,,0.4
1200151,baseline_harder,Baseline harder irregularity,0.4,1,mean_impute,Mean imputation,0.8561579689711033,1.0172735444791785,1.0,500,1,,,,,,,,0.4
1200152,baseline_harder,Baseline harder irregularity,0.4,1,full_data,Full data,0.0,0.0,1.0,500,1,,,,,,,,0.4
1200152,baseline_harder,Baseline harder irregularity,0.4,1,mean_impute,Mean imputation,0.8875283241153636,1.0436848748966931,1.0,500,1,,,,,,,,0.4
1200153,baseline_harder,Baseline harder irregularity,0.4,1,full_data,Full data,0.0,0.0,1.0,500,1,,,,,,,,0.4
1200153,baseline_harder,Baseline harder irregularity,0.4,1,mean_impute,Mean imputation,0.8997010769005173,1.0614980021430394,1.0,500,1,,,,,,,,0.4
1200154,baseline_harder,Baseline harder irregularity,0.4,1,full_data,Full data,0.0,0.0,1.0,500,1,,,,,,,,0.4
1200154,baseline_harder,Baseline harder irregularity,0.4,1,mean_impute,Mean imputation,0.905525415474102,1.0701366874895235,1.0,500,1,,,,,,,,0.4
1200155,baseline_harder,Baseline harder irregularity,0.4,1,full_data,Full data,0.0,0.0,1.0,500,1,,,,,,,,0.4
1200155,baseline_harder,Baseline harder irregularity,0.4,1,mean_impute,Mean imputation,0.9323311023099684,1.1126259846312705,1.0,500,1,,,,,,,,0.4
1200156,baseline_harder,Baseline harder irregularity,0.4,1,full_data,Full data,0.0,0.0,1.0,500,1,,,,,,,,0.4
1200156,baseline_harder,Baseline harder irregularity,0.4,1,mean_impute,Mean imputation,0.9212510860723976,1.0468812831568524,1.0,500,1,,,,,,,,0.4
1200157,baseline_harder,Baseline harder irregularity,0.4,1,full_data,Full data,0.0,0.0,1.0,500,1,,,,,,,,0.4
1200157,baseline_harder,Baseline harder irregularity,0.4,1,mean_impute,Mean imputation,0.8824058479446726,1.0455112008032292,1.0,500,1,,,,,,,,0.4
1200158,baseline_harder,Baseline harder irregularity,0.4,1,full_data,Full data,0.0,0.0,1.0,500,1,,,,,,,,0.4
1200158,baseline_harder,Baseline harder irregularity,0.4,1,mean_impute,Mean imputation,0.9040949791355388,1.0452771600782027,1.0,500,1,,,,,,,,0.4
1200159,baseline_harder,Baseline harder irregularity,0.4,1,full_data,Full data,0.0,0.0,1.0,500,1,,,,,,,,0.4
1200159,baseline_harder,Baseline harder irregularity,0.4,1,mean_impute,Mean imputation,0.9353347350764956,1.1239354897139502,1.0,500,1,,,,,,,,0.4
1200160,baseline_harder,Baseline harder irregularity,0.4,1,full_data,Full data,0.0,0.0,1.0,500,1,,,,,,,,0.4
1200160,baseline_harder,Baseline harder irregularity,0.4,1,mean_impute,Mean imputation,0.9525921825787792,1.108354442910555,1.0,500,1,,,,,,,,0.4
1200161,baseline_harder,Baseline harder irregularity,0.4,1,full_data,Full data,0.0,0.0,1.0,500,1,,,,,,,,0.4
1200161,baseline_harder,Baseline harder irregularity,0.4,1,mean_impute,Mean imputation,0.8861787474941893,1.0073769651074282,1.0,500,1,,,,,,,,0.4
1200162,baseline_harder,Baseline harder irregularity,0.4,1,full_data,Full data,0.0,0.0,1.0,500,1,,,,,,,,0.4
1200162,baseline_harder,Baseline harder irregularity,0.4,1,mean_impute,Mean imputation,0.8844887150507798,1.0461882846334984,1.0,500,1,,,,,,,,0.4
1200163,baseline_harder,Baseline harder irregularity,0.4,1,full_data,Full data,0.0,0.0,1.0,500,1,,,,,,,,0.4
1200163,baseline_harder,Baseline harder irregularity,0.4,1,mean_impute,Mean imputation,0.8819478867949695,1.0409966426811132,1.0,500,1,,,,,,,,0.4
1200164,baseline_harder,Baseline harder irregularity,0.4,1,full_data,Full data,0.0,0.0,1.0,500,1,,,,,,,,0.4
1200164,baseline_harder,Baseline harder irregularity,0.4,1,mean_impute,Mean imputation,0.8877765679282972,1.0368251349531512,1.0,500,1,,,,,,,,0.4
1200165,baseline_harder,Baseline harder irregularity,0.4,1,full_data,Full data,0.0,0.0,1.0,500,1,,,,,,,,0.4
1200165,baseline_harder,Baseline harder irregularity,0.4,1,mean_impute,Mean imputation,0.9097618162811292,1.066566296623509,1.0,500,1,,,,,,,,0.4
1200166,baseline_harder,Baseline harder irregularity,0.4,1,full_data,Full data,0.0,0.0,1.0,500,1,,,,,,,,0.4
1200166,baseline_harder,Baseline harder irregularity,0.4,1,mean_impute,Mean imputation,0.8647317165069726,1.0013665344146627,1.0,500,1,,,,,,,,0.4
1200167,baseline_harder,Baseline harder irregularity,0.4,1,full_data,Full data,0.0,0.0,1.0,500,1,,,,,,,,0.4
1200167,baseline_harder,Baseline harder irregularity,0.4,1,mean_impute,Mean imputation,0.9233805479865068,1.027088192430606,1.0,500,1,,,,,,,,0.4
1200168,baseline_harder,Baseline harder irregularity,0.4,1,full_data,Full data,0.0,0.0,1.0,500,1,,,,,,,,0.4
1200168,baseline_harder,Baseline harder irregularity,0.4,1,mean_impute,Mean imputation,0.8792914316024871,0.9969670981458018,1.0,500,1,,,,,,,,0.4
1200169,baseline_harder,Baseline harder irregularity,0.4,1,full_data,Full data,0.0,0.0,1.0,500,1,,,,,,,,0.4
1200169,baseline_harder,Baseline harder irregularity,0.4,1,mean_impute,Mean imputation,0.8779824479072554,1.0457369938349783,1.0,500,1,,,,,,,,0.4
1200170,baseline_harder,Baseline harder irregularity,0.4,1,full_data,Full data,0.0,0.0,1.0,500,1,,,,,,,,0.4
1200170,baseline_harder,Baseline harder irregularity,0.4,1,mean_impute,Mean imputation,0.9561613692936864,1.1272367744153904,1.0,500,1,,,,,,,,0.4
1200171,baseline_harder,Baseline harder irregularity,0.4,1,full_data,Full data,0.0,0.0,1.0,500,1,,,,,,,,0.4
1200171,baseline_harder,Baseline harder irregularity,0.4,1,mean_impute,Mean imputation,0.8768607547191326,1.0260046471334536,1.0,500,1,,,,,,,,0.4
1200172,baseline_harder,Baseline harder irregularity,0.4,1,full_data,Full data,0.0,0.0,1.0,500,1,,,,,,,,0.4
1200172,baseline_harder,Baseline harder irregularity,0.4,1,mean_impute,Mean imputation,0.9129275159274256,1.0939764508292442,1.0,500,1,,,,,,,,0.4
1200173,baseline_harder,Baseline harder irregularity,0.4,1,full_data,Full data,0.0,0.0,1.0,500,1,,,,,,,,0.4
1200173,baseline_harder,Baseline harder irregularity,0.4,1,mean_impute,Mean imputation,0.8856926569233888,1.0620499143489317,1.0,500,1,,,,,,,,0.4
1200174,baseline_harder,Baseline harder irregularity,0.4,1,full_data,Full data,0.0,0.0,1.0,500,1,,,,,,,,0.4
1200174,baseline_harder,Baseline harder irregularity,0.4,1,mean_impute,Mean imputation,0.9193402972797564,1.0590773097895,1.0,500,1,,,,,,,,0.4
1200175,baseline_harder,Baseline harder irregularity,0.4,1,full_data,Full data,0.0,0.0,1.0,500,1,,,,,,,,0.4
1200175,baseline_harder,Baseline harder irregularity,0.4,1,mean_impute,Mean imputation,0.917506669018555,1.0825710046915813,1.0,500,1,,,,,,,,0.4
1200176,baseline_harder,Baseline harder irregularity,0.4,1,full_data,Full data,0.0,0.0,1.0,500,1,,,,,,,,0.4
1200176,baseline_harder,Baseline harder irregularity,0.4,1,mean_impute,Mean imputation,0.8925786087359182,1.0348688415608414,1.0,500,1,,,,,,,,0.4
1200177,baseline_harder,Baseline harder irregularity,0.4,1,full_data,Full data,0.0,0.0,1.0,500,1,,,,,,,,0.4
1200177,baseline_harder,Baseline harder irregularity,0.4,1,mean_impute,Mean imputation,0.9549933472568324,1.1425303526646076,1.0,500,1,,,,,,,,0.4
1200178,baseline_harder,Baseline harder irregularity,0.4,1,full_data,Full data,0.0,0.0,1.0,500,1,,,,,,,,0.4
1200178,baseline_harder,Baseline harder irregularity,0.4,1,mean_impute,Mean imputation,0.9221304218079434,1.0759919974382417,1.0,500,1,,,,,,,,0.4
1200179,baseline_harder,Baseline harder irregularity,0.4,1,full_data,Full data,0.0,0.0,1.0,500,1,,,,,,,,0.4
1200179,baseline_harder,Baseline harder irregularity,0.4,1,mean_impute,Mean imputation,0.9262940264104372,1.1036535734686634,1.0,500,1,,,,,,,,0.4
1200180,baseline_harder,Baseline harder irregularity,0.4,1,full_data,Full data,0.0,0.0,1.0,500,1,,,,,,,,0.4
1200180,baseline_harder,Baseline harder irregularity,0.4,1,mean_impute,Mean imputation,0.924916029576689,1.0831396243245126,1.0,500,1,,,,,,,,0.4
1200181,baseline_harder,Baseline harder irregularity,0.4,1,full_data,Full data,0.0,0.0,1.0,500,1,,,,,,,,0.4
1200181,baseline_harder,Baseline harder irregularity,0.4,1,mean_impute,Mean imputation,0.9102691931569374,1.089402659679999,1.0,500,1,,,,,,,,0.4
1200182,baseline_harder,Baseline harder irregularity,0.4,1,full_data,Full data,0.0,0.0,1.0,500,1,,,,,,,,0.4
1200182,baseline_harder,Baseline harder irregularity,0.4,1,mean_impute,Mean imputation,0.8757646136026751,1.025992349278798,1.0,500,1,,,,,,,,0.4
1200183,baseline_harder,Baseline harder irregularity,0.4,1,full_data,Full data,0.0,0.0,1.0,500,1,,,,,,,,0.4
1200183,baseline_harder,Baseline harder irregularity,0.4,1,mean_impute,Mean imputation,0.8910054845301286,1.0294636838453104,1.0,500,1,,,,,,,,0.4
1200184,baseline_harder,Baseline harder irregularity,0.4,1,full_data,Full data,0.0,0.0,1.0,500,1,,,,,,,,0.4
1200184,baseline_harder,Baseline harder irregularity,0.4,1,mean_impute,Mean imputation,0.8920750862748998,1.0411150485264449,1.0,500,1,,,,,,,,0.4
1200185,baseline_harder,Baseline harder irregularity,0.4,1,full_data,Full data,0.0,0.0,1.0,500,1,,,,,,,,0.4
1200185,baseline_harder,Baseline harder irregularity,0.4,1,mean_impute,Mean imputation,0.8799473565391411,1.0661862481169893,1.0,500,1,,,,,,,,0.4
1200186,baseline_harder,Baseline harder irregularity,0.4,1,full_data,Full data,0.0,0.0,1.0,500,1,,,,,,,,0.4
1200186,baseline_harder,Baseline harder irregularity,0.4,1,mean_impute,Mean imputation,0.8956537981585619,1.076074261751308,1.0,500,1,,,,,,,,0.4
1200187,baseline_harder,Baseline harder irregularity,0.4,1,full_data,Full data,0.0,0.0,1.0,500,1,,,,,,,,0.4
1200187,baseline_harder,Baseline harder irregularity,0.4,1,mean_impute,Mean imputation,0.8707636943502577,1.00267407341586,1.0,500,1,,,,,,,,0.4
1200188,baseline_harder,Baseline harder irregularity,0.4,1,full_data,Full data,0.0,0.0,1.0,500,1,,,,,,,,0.4
1200188,baseline_harder,Baseline harder irregularity,0.4,1,mean_impute,Mean imputation,0.9642634100690536,1.1100681264071623,1.0,500,1,,,,,,,,0.4
1200189,baseline_harder,Baseline harder irregularity,0.4,1,full_data,Full data,0.0,0.0,1.0,500,1,,,,,,,,0.4
1200189,baseline_harder,Baseline harder irregularity,0.4,1,mean_impute,Mean imputation,0.964327800017625,1.1298459788193411,1.0,500,1,,,,,,,,0.4
1200190,baseline_harder,Baseline harder irregularity,0.4,1,full_data,Full data,0.0,0.0,1.0,500,1,,,,,,,,0.4
1200190,baseline_harder,Baseline harder irregularity,0.4,1,mean_impute,Mean imputation,0.9280952786136104,1.0699542759848273,1.0,500,1,,,,,,,,0.4
1200191,baseline_harder,Baseline harder irregularity,0.4,1,full_data,Full data,0.0,0.0,1.0,500,1,,,,,,,,0.4
1200191,baseline_harder,Baseline harder irregularity,0.4,1,mean_impute,Mean imputation,0.9191245018866596,1.0558430338619753,1.0,500,1,,,,,,,,0.4
1200192,baseline_harder,Baseline harder irregularity,0.4,1,full_data,Full data,0.0,0.0,1.0,500,1,,,,,,,,0.4
1200192,baseline_harder,Baseline harder irregularity,0.4,1,mean_impute,Mean imputation,0.8699974974895636,1.001781164742893,1.0,500,1,,,,,,,,0.4
1200193,baseline_harder,Baseline harder irregularity,0.4,1,full_data,Full data,0.0,0.0,1.0,500,1,,,,,,,,0.4
1200193,baseline_harder,Baseline harder irregularity,0.4,1,mean_impute,Mean imputation,0.9518309353135176,1.1292788831040932,1.0,500,1,,,,,,,,0.4
1200194,baseline_harder,Baseline harder irregularity,0.4,1,full_data,Full data,0.0,0.0,1.0,500,1,,,,,,,,0.4
1200194,baseline_harder,Baseline harder irregularity,0.4,1,mean_impute,Mean imputation,0.9075248179158124,1.050461309757844,1.0,500,1,,,,,,,,0.4
1200195,baseline_harder,Baseline harder irregularity,0.4,1,full_data,Full data,0.0,0.0,1.0,500,1,,,,,,,,0.4
1200195,baseline_harder,Baseline harder irregularity,0.4,1,mean_impute,Mean imputation,0.9115623587652544,1.0947335099325557,1.0,500,1,,,,,,,,0.4
1200196,baseline_harder,Baseline harder irregularity,0.4,1,full_data,Full data,0.0,0.0,1.0,500,1,,,,,,,,0.4
1200196,baseline_harder,Baseline harder irregularity,0.4,1,mean_impute,Mean imputation,0.942362747218809,1.112808005553004,1.0,500,1,,,,,,,,0.4
1200197,baseline_harder,Baseline harder irregularity,0.4,1,full_data,Full data,0.0,0.0,1.0,500,1,,,,,,,,0.4
1200197,baseline_harder,Baseline harder irregularity,0.4,1,mean_impute,Mean imputation,0.9756764809808688,1.1449713506285173,1.0,500,1,,,,,,,,0.4
1200198,baseline_harder,Baseline harder irregularity,0.4,1,full_data,Full data,0.0,0.0,1.0,500,1,,,,,,,,0.4
1200198,baseline_harder,Baseline harder irregularity,0.4,1,mean_impute,Mean imputation,0.8787392973355471,1.028318808202801,1.0,500,1,,,,,,,,0.4
1200199,baseline_harder,Baseline harder irregularity,0.4,1,full_data,Full data,0.0,0.0,1.0,500,1,,,,,,,,0.4
1200199,baseline_harder,Baseline harder irregularity,0.4,1,mean_impute,Mean imputation,0.9498604452153778,1.0921219619241085,1.0,500,1,,,,,,,,0.4
1200000,baseline_harder,Baseline harder irregularity,0.6,50,brits_mi_refined,BRITS-MI,0.6348152756690979,0.8868233415876846,1.0,500,50,,0.6804487179487179,0.6033740039293447,0.6408941520449409,0.7870234604105572,1.9401791095733645,8.690584182739258,0.6
1200001,baseline_harder,Baseline harder irregularity,0.6,50,brits_mi_refined,BRITS-MI,0.6578651666641235,0.9259709704546863,1.0,500,50,,0.7338198578836183,0.6981942745639417,0.6055770530821196,0.8244444444444444,2.2125890254974365,17.132231950759888,0.6
1200002,baseline_harder,Baseline harder irregularity,0.6,50,brits_mi_refined,BRITS-MI,0.7162399291992188,1.0140842923874795,1.0,500,50,,0.7302711907975066,0.6670567705677936,0.6153369363052856,0.8137651821862348,2.085235834121704,17.255654096603394,0.6
1200003,baseline_harder,Baseline harder irregularity,0.6,50,brits_mi_refined,BRITS-MI,0.6544808149337769,0.9408043649972728,1.0,500,50,,0.6831532613045219,0.6434448422210415,0.6468263520916994,0.8111760409057707,2.1457531452178955,12.788612842559814,0.6
1200004,baseline_harder,Baseline harder irregularity,0.6,50,brits_mi_refined,BRITS-MI,0.6222363710403442,0.8703603860895566,1.0,500,50,,0.6633714294899615,0.5749272285235317,0.6527533196954286,0.8565543071161049,2.2753469944000244,14.859769821166992,0.6
1200005,baseline_harder,Baseline harder irregularity,0.6,50,brits_mi_refined,BRITS-MI,0.6493552923202515,0.8935824764256696,1.0,500,50,,0.7558793824844899,0.7052209959020179,0.5965241854898179,0.8165413533834587,2.047008752822876,17.70643901824951,0.6
1200006,baseline_harder,Baseline harder irregularity,0.6,50,brits_mi_refined,BRITS-MI,0.67624431848526,0.9773761313899944,1.0,500,50,,0.7419633709016393,0.6870655119374153,0.6096159494496003,0.8055248618784531,2.033128023147583,16.433143138885498,0.6
1200007,baseline_harder,Baseline harder irregularity,0.6,50,brits_mi_refined,BRITS-MI,0.643523097038269,0.9392451758479228,1.0,500,50,,0.6272320354237858,0.5357444560406548,0.6638676244761758,0.7577981651376147,1.9034518003463743,16.544850826263428,0.6
1200008,baseline_harder,Baseline harder irregularity,0.6,50,brits_mi_refined,BRITS-MI,0.6566876769065857,0.9595679380218668,1.0,500,50,,0.7748855881172221,0.6861458374791306,0.5830942740414532,0.8187134502923976,2.1393096446990967,16.089077949523926,0.6
1200009,baseline_harder,Baseline harder irregularity,0.6,50,brits_mi_refined,BRITS-MI,0.6487131118774414,0.9093629303074716,1.0,500,50,,0.6852593501711776,0.5841904751521027,0.6304271787428031,0.7807807807807807,1.914644241333008,16.766125917434692,0.6
1200010,baseline_harder,Baseline harder irregularity,0.6,50,brits_mi_refined,BRITS-MI,0.6508004665374756,0.9497884764597724,1.0,500,50,,0.7247783195738586,0.6320370101234506,0.6210688864918684,0.7731843575418994,1.865705966949463,16.58443021774292,0.6
1200011,baseline_harder,Baseline harder irregularity,0.6,50,brits_mi_refined,BRITS-MI,0.6465334892272949,0.9208821808386374,1.0,500,50,,0.7077228547180989,0.633055723168584,0.6200931887438083,0.7748516320474778,1.897513508796692,18.027731895446777,0.6
1200012,baseline_harder,Baseline harder irregularity,0.6,50,brits_mi_refined,BRITS-MI,0.6641436815261841,0.9384947129065268,1.0,500,50,,0.7142857142857143,0.6193790038796247,0.612987333259843,0.8308769344141489,2.164935350418091,15.622613668441772,0.6
1200013,baseline_harder,Baseline harder irregularity,0.6,50,brits_mi_refined,BRITS-MI,0.6351056694984436,0.8605982512819432,1.0,500,50,,0.7265384615384616,0.6491888934773372,0.6207776058484756,0.8020989505247377,2.0672788619995117,15.492823839187622,0.6
1200014,baseline_harder,Baseline harder irregularity,0.6,50,brits_mi_refined,BRITS-MI,0.6772797107696533,0.9604203649604592,1.0,500,50,,0.6059413890004014,0.5394152417962366,0.6781658609516552,0.8129657228017884,2.04809308052063,17.128551959991455,0.6
1200015,baseline_harder,Baseline harder irregularity,0.6,50,brits_mi_refined,BRITS-MI,0.6579902768135071,0.963442324803233,1.0,500,50,,0.7060225442834139,0.6307564736035123,0.626208099947598,0.8021937842778794,2.039231061935425,17.566009283065796,0.6
1200016,baseline_harder,Baseline harder irregularity,0.6,50,brits_mi_refined,BRITS-MI,0.6499131917953491,0.9299506235781654,1.0,500,50,,0.7125184756763703,0.633496980451557,0.6214657782990587,0.7961783439490446,2.081876039505005,12.257399797439575,0.6
1200017,baseline_harder,Baseline harder irregularity,0.6,50,brits_mi_refined,BRITS-MI,0.6331614255905151,0.877424253818138,1.0,500,50,,0.7967046164192727,0.7498768650838378,0.5693799699634192,0.8334566987416728,2.103693723678589,15.594812870025637,0.6
1200018,baseline_harder,Baseline harder irregularity,0.6,50,brits_mi_refined,BRITS-MI,0.6556043028831482,0.8853915817888528,1.0,500,50,,0.6259353243542195,0.5010904045303444,0.6523454287814412,0.8084234066343645,2.0229368209838867,13.42679500579834,0.6
1200019,baseline_harder,Baseline harder irregularity,0.6,50,brits_mi_refined,BRITS-MI,0.6761091351509094,0.968293099287432,1.0,500,50,,0.6895704930662558,0.5975087984993835,0.6334346931262159,0.7989652623798965,2.039628505706787,16.92235803604126,0.6
1200020,baseline_harder,Baseline harder irregularity,0.6,50,brits_mi_refined,BRITS-MI,0.6404333114624023,0.9028857513389744,1.0,500,50,,0.6959766801204434,0.6230954752168093,0.6291441764731741,0.8316460442444694,2.1673407554626465,17.238255977630615,0.6
1200021,baseline_harder,Baseline harder irregularity,0.6,50,brits_mi_refined,BRITS-MI,0.6178094744682312,0.8568180261191295,1.0,500,50,,0.5881534104545671,0.5347378251132504,0.6820960099212058,0.8552238805970149,2.1990668773651123,19.52686071395874,0.6
1200022,baseline_harder,Baseline harder irregularity,0.6,50,brits_mi_refined,BRITS-MI,0.6538111567497253,0.9217674903523578,1.0,500,50,,0.792763790121084,0.7058156120122634,0.5739305072360348,0.8249630723781388,2.117643356323242,20.24865198135376,0.6
1200023,baseline_harder,Baseline harder irregularity,0.6,50,brits_mi_refined,BRITS-MI,0.6621407270431519,0.9520989276534256,1.0,500,50,,0.6333733493397359,0.5780875852077402,0.6711235391022878,0.810479375696767,2.0518438816070557,16.89005422592163,0.6
1200024,baseline_harder,Baseline harder irregularity,0.6,50,brits_mi_refined,BRITS-MI,0.623005747795105,0.8603344105982974,1.0,500,50,,0.6493037065724291,0.5675392738228066,0.6541903092236193,0.8217197924388436,2.0455682277679443,18.32297110557556,0.6
1200025,baseline_harder,Baseline harder irregularity,0.6,50,brits_mi_refined,BRITS-MI,0.6648007035255432,0.925053918119799,1.0,500,50,,0.6484513805522208,0.627895482545322,0.6531978810360011,0.798134328358209,2.0563735961914062,18.470438957214355,0.6
1200026,baseline_harder,Baseline harder irregularity,0.6,50,brits_mi_refined,BRITS-MI,0.6731407046318054,0.926634216036916,1.0,500,50,,0.6702403846153846,0.5859512273865857,0.6364466235533064,0.7919639504318438,1.944990873336792,15.57307505607605,0.6
1200027,baseline_harder,Baseline harder irregularity,0.6,50,brits_mi_refined,BRITS-MI,0.6472229957580566,0.8963194420378693,1.0,500,50,,0.5239375750300119,0.4801518420883485,0.7076095526502386,0.786140089418778,1.9841609001159668,12.959111213684082,0.6
1200028,baseline_harder,Baseline harder irregularity,0.6,50,brits_mi_refined,BRITS-MI,0.6567168831825256,0.9470658710363924,1.0,500,50,,0.6779078666688378,0.545907227620205,0.6318817547549029,0.7872968980797637,1.9364742040634155,16.524778842926025,0.6
1200029,baseline_harder,Baseline harder irregularity,0.6,50,brits_mi_refined,BRITS-MI,0.689448893070221,0.9579343391905164,1.0,500,50,,0.643998394219189,0.5723250034682575,0.6613864061928068,0.8366429374297489,2.1780312061309814,17.849163055419922,0.6
1200030,baseline_harder,Baseline harder irregularity,0.6,50,brits_mi_refined,BRITS-MI,0.6701459884643555,0.9521398777064188,1.0,500,50,,0.7199679871948779,0.663941301501058,0.6238542305243204,0.7942583732057417,1.962619423866272,16.60695195198059,0.6
1200031,baseline_harder,Baseline harder irregularity,0.6,50,brits_mi_refined,BRITS-MI,0.6524617671966553,0.9142163193153284,1.0,500,50,,0.7476917127249875,0.6883765282440658,0.5919669746434463,0.8196906827612221,2.029024600982666,19.18048095703125,0.6
1200032,baseline_harder,Baseline harder irregularity,0.6,50,brits_mi_refined,BRITS-MI,0.6601043343544006,0.908821057470018,1.0,500,50,,0.6532693077230892,0.610576394832474,0.6488339945568923,0.797677032596478,1.949321746826172,18.314897060394287,0.6
1200033,baseline_harder,Baseline harder irregularity,0.6,50,brits_mi_refined,BRITS-MI,0.6714288592338562,0.9321224580305488,1.0,500,50,,0.7611561621838618,0.6769901809711651,0.5969336603677785,0.8160325083117843,2.1245973110198975,17.026539087295532,0.6
1200034,baseline_harder,Baseline harder irregularity,0.6,50,brits_mi_refined,BRITS-MI,0.6582372784614563,0.8927391479680556,1.0,500,50,,0.6620075830602146,0.6474459436547545,0.6439328133677776,0.8273699741792696,2.2163591384887695,16.596500158309937,0.6
1200035,baseline_harder,Baseline harder irregularity,0.6,50,brits_mi_refined,BRITS-MI,0.682748556137085,0.9653466918647232,1.0,500,50,,0.6407414608853458,0.5251370719211831,0.653062963418824,0.7884187082405345,2.0017852783203125,17.4967360496521,0.6
1200036,baseline_harder,Baseline harder irregularity,0.6,50,brits_mi_refined,BRITS-MI,0.6640702486038208,0.9328909340802876,1.0,500,50,,0.7145583424209379,0.6400819755736522,0.6192523145075712,0.7871621621621622,2.0403270721435547,20.466102600097656,0.6
1200037,baseline_harder,Baseline harder irregularity,0.6,50,brits_mi_refined,BRITS-MI,0.6311297416687012,0.9258378118462608,1.0,500,50,,0.6660256410256411,0.5824216838649019,0.6642655702579625,0.8598841419261405,2.3118810653686523,17.502388954162598,0.6
1200038,baseline_harder,Baseline harder irregularity,0.6,50,brits_mi_refined,BRITS-MI,0.6558132767677307,0.9258908997133432,1.0,500,50,,0.7290338164251208,0.6464536134174138,0.6037768060251124,0.8182492581602374,2.014726400375366,11.994499206542969,0.6
1200039,baseline_harder,Baseline harder irregularity,0.6,50,brits_mi_refined,BRITS-MI,0.6543645858764648,0.9480070836881834,1.0,500,50,,0.6217145427671744,0.5422660517701251,0.6615509387378763,0.7641474990872581,2.0098536014556885,7.654053211212158,0.6
1200040,baseline_harder,Baseline harder irregularity,0.6,50,brits_mi_refined,BRITS-MI,0.6549486517906189,0.9155484802311208,1.0,500,50,,0.7065035952747816,0.6499043737833277,0.6302352946798307,0.8351729212656365,2.049415826797486,8.270934104919434,0.6
1200041,baseline_harder,Baseline harder irregularity,0.6,50,brits_mi_refined,BRITS-MI,0.6386914253234863,0.9049239542414664,1.0,500,50,,0.7393092105263157,0.657783113409681,0.6092652430174855,0.8489289740698985,2.215198278427124,7.194241046905518,0.6
1200042,baseline_harder,Baseline harder irregularity,0.6,50,brits_mi_refined,BRITS-MI,0.7170760035514832,1.007897916237142,1.0,500,50,,0.7367383253979705,0.6647855465715402,0.6160438115500552,0.771865889212828,2.082338809967041,6.993354082107544,0.6
1200043,baseline_harder,Baseline harder irregularity,0.6,50,brits_mi_refined,BRITS-MI,0.6883945465087891,0.9782652681055318,1.0,500,50,,0.602896,0.5680877378478685,0.6706176120119842,0.7986774430565761,2.1074743270874023,5.994383811950684,0.6
1200044,baseline_harder,Baseline harder irregularity,0.6,50,brits_mi_refined,BRITS-MI,0.6480600237846375,0.9268912532045268,1.0,500,50,,0.7176242424242424,0.6083626225814358,0.6156053615141001,0.8018552875695732,2.1356146335601807,6.743388891220093,0.6
1200045,baseline_harder,Baseline harder irregularity,0.6,50,brits_mi_refined,BRITS-MI,0.6441167593002319,0.8872258389286358,1.0,500,50,,0.6963770901403037,0.6200681054207287,0.6423255750661656,0.8366429374297489,2.107804298400879,7.2968058586120605,0.6
1200046,baseline_harder,Baseline harder irregularity,0.6,50,brits_mi_refined,BRITS-MI,0.6524977087974548,0.909477718821478,1.0,500,50,,0.8111051943651062,0.7370601994655768,0.5549534173670984,0.8129390018484288,2.078838348388672,7.444966316223144,0.6
1200047,baseline_harder,Baseline harder irregularity,0.6,50,brits_mi_refined,BRITS-MI,0.6552547216415405,0.9022739784655665,1.0,500,50,,0.7355881211180124,0.6355923330499366,0.6158950955417556,0.8257826887661142,2.1566336154937744,6.726280927658081,0.6
1200048,baseline_harder,Baseline harder irregularity,0.6,50,brits_mi_refined,BRITS-MI,0.6723191738128662,0.9318330045614064,1.0,500,50,,0.7327943715608913,0.6628598305384215,0.6043209831907017,0.8252138341390851,2.176074743270874,6.212289094924927,0.6
1200049,baseline_harder,Baseline harder irregularity,0.6,50,brits_mi_refined,BRITS-MI,0.6324563026428223,0.909859140019998,1.0,500,50,,0.5352523053278688,0.4941640084619582,0.7095951910037545,0.7702552719200888,2.0095911026000977,6.113508939743042,0.6
1200050,baseline_harder,Baseline harder irregularity,0.6,50,brits_mi_refined,BRITS-MI,0.641912043094635,0.9285002907015762,1.0,500,50,,0.694993264481365,0.6263674176065179,0.6354453036926033,0.8026706231454006,2.1090972423553467,7.811604022979736,0.6
1200051,baseline_harder,Baseline harder irregularity,0.6,50,brits_mi_refined,BRITS-MI,0.6505511403083801,0.9080647982400896,1.0,500,50,,0.7047748447204969,0.6128165156548713,0.6185157283415194,0.8008130081300813,1.953185796737671,5.590571880340576,0.6
1200052,baseline_harder,Baseline harder irregularity,0.6,50,brits_mi_refined,BRITS-MI,0.6662217378616333,0.9222923394281676,1.0,500,50,,0.7373350155279503,0.6286423131911767,0.5997205098411316,0.8013196480938416,2.062522649765014,8.20611834526062,0.6
1200053,baseline_harder,Baseline harder irregularity,0.6,50,brits_mi_refined,BRITS-MI,0.6535832285881042,0.8992890745050086,1.0,500,50,,0.7913503602676274,0.7188399284188017,0.5556633895358948,0.8402497245684907,2.117987155914306,9.068272829055786,0.6
1200054,baseline_harder,Baseline harder irregularity,0.6,50,brits_mi_refined,BRITS-MI,0.6739677786827087,0.9410388040129344,1.0,500,50,,0.699119593856436,0.6315125828231094,0.6299093537965312,0.8476968796433878,2.3163115978240967,7.549803733825684,0.6
1200055,baseline_harder,Baseline harder irregularity,0.6,50,brits_mi_refined,BRITS-MI,0.6480094790458679,0.9199560209259384,1.0,500,50,,0.7357614196937664,0.6642434929864798,0.6052292044399527,0.7961926091825308,1.9928576946258545,8.052081823348999,0.6
1200056,baseline_harder,Baseline harder irregularity,0.6,50,brits_mi_refined,BRITS-MI,0.6373447179794312,0.9006057899088986,1.0,500,50,,0.739454094292804,0.661062870710193,0.5978472864815804,0.8456375838926175,2.223738670349121,7.848198890686035,0.6
1200057,baseline_harder,Baseline harder irregularity,0.6,50,brits_mi_refined,BRITS-MI,0.6529324054718018,0.9313183431046876,1.0,500,50,,0.7603881443051352,0.6996012894267201,0.5877604788028727,0.7870680044593088,1.953486084938049,8.496715784072876,0.6
1200058,baseline_harder,Baseline harder irregularity,0.6,50,brits_mi_refined,BRITS-MI,0.641423761844635,0.8873562632287428,1.0,500,50,,0.7801975752132914,0.7068188104238275,0.5717679216834758,0.7979873276183377,1.9785574674606323,10.294354915618896,0.6
1200059,baseline_harder,Baseline harder irregularity,0.6,50,brits_mi_refined,BRITS-MI,0.6339705586433411,0.8859523029091053,1.0,500,50,,0.7248723816229538,0.6666557013005128,0.60387809612123,0.8179126572908957,2.0307233333587646,9.08644199371338,0.6
1200060,baseline_harder,Baseline harder irregularity,0.6,50,brits_mi_refined,BRITS-MI,0.6255641579627991,0.8672914943807936,1.0,500,50,,0.6778261643813439,0.5690210136877956,0.6392928867708799,0.8076923076923077,1.9351747035980225,8.684713363647461,0.6
1200061,baseline_harder,Baseline harder irregularity,0.6,50,brits_mi_refined,BRITS-MI,0.6512790322303772,0.9280988479689688,1.0,500,50,,0.7533084764206046,0.714472482568067,0.5892875846145759,0.810820895522388,2.0917184352874756,8.492838859558105,0.6
1200062,baseline_harder,Baseline harder irregularity,0.6,50,brits_mi_refined,BRITS-MI,0.6728259921073914,0.946329017628754,1.0,500,50,,0.6624825662482565,0.5867636621209932,0.6510373142858623,0.8403055656602401,2.1998836994171143,8.582614183425903,0.6
1200063,baseline_harder,Baseline harder irregularity,0.6,50,brits_mi_refined,BRITS-MI,0.648975670337677,0.9022396210037806,1.0,500,50,,0.7786565061475409,0.727463570366182,0.5997150829076843,0.7972315750093528,2.0495495796203613,9.174538850784302,0.6
1200064,baseline_harder,Baseline harder irregularity,0.6,50,brits_mi_refined,BRITS-MI,0.6390208005905151,0.9122007739651627,1.0,500,50,,0.7175030012004803,0.6454864857423673,0.6192575513360496,0.7818317200297841,1.9976353645324707,9.62524390220642,0.6
1200065,baseline_harder,Baseline harder irregularity,0.6,50,brits_mi_refined,BRITS-MI,0.691338062286377,0.944068812739144,1.0,500,50,,0.7472279888636766,0.6616780720420224,0.6009157522413959,0.7934983376431474,1.9774315357208252,8.406994104385376,0.6
1200066,baseline_harder,Baseline harder irregularity,0.6,50,brits_mi_refined,BRITS-MI,0.6591855883598328,0.9071602895490248,1.0,500,50,,0.7454807692307692,0.6566520424721416,0.6028214243733477,0.7975876366377685,1.9182950258255005,9.270910263061523,0.6
1200067,baseline_harder,Baseline harder irregularity,0.6,50,brits_mi_refined,BRITS-MI,0.6377993822097778,0.894367333042419,1.0,500,50,,0.622953181272509,0.6075138432037165,0.6696069459113144,0.7531411677753141,1.895368814468384,6.988134860992432,0.6
1200068,baseline_harder,Baseline harder irregularity,0.6,50,brits_mi_refined,BRITS-MI,0.6783000230789185,0.9304003126408658,1.0,500,50,,0.7084777863379558,0.6487800302389805,0.6282321756730316,0.7509476876421531,1.918482542037964,8.28028917312622,0.6
1200069,baseline_harder,Baseline harder irregularity,0.6,50,brits_mi_refined,BRITS-MI,0.6604135036468506,0.9365683169675062,1.0,500,50,,0.7495019600282758,0.7068445415437106,0.604115055935735,0.7883184523809523,1.9647324085235596,9.32391095161438,0.6
1200070,baseline_harder,Baseline harder irregularity,0.6,50,brits_mi_refined,BRITS-MI,0.6246310472488403,0.8728811582666046,1.0,500,50,,0.756418324700263,0.6642878404253831,0.6044886951302025,0.8023598820058997,2.0813405513763428,7.922756195068359,0.6
1200071,baseline_harder,Baseline harder irregularity,0.6,50,brits_mi_refined,BRITS-MI,0.6315290331840515,0.8997623965855251,1.0,500,50,,0.7146282973621103,0.6122261443344208,0.6121765824573062,0.7757043541895353,1.8693219423294067,9.915417909622192,0.6
1200072,baseline_harder,Baseline harder irregularity,0.6,50,brits_mi_refined,BRITS-MI,0.6426966190338135,0.920058432303779,1.0,500,50,,0.7381320949432404,0.6369876526627897,0.605767810517723,0.8375184638109305,2.1578359603881836,9.37326169013977,0.6
1200073,baseline_harder,Baseline harder irregularity,0.6,50,brits_mi_refined,BRITS-MI,0.6299090385437012,0.8791354285109602,1.0,500,50,,0.6920008330796712,0.6133455832815832,0.6390735140186518,0.7623798965262379,1.7966508865356443,8.444880962371826,0.6
1200074,baseline_harder,Baseline harder irregularity,0.6,50,brits_mi_refined,BRITS-MI,0.6504507660865784,0.9254344942971114,1.0,500,50,,0.6510550694801852,0.5684967435722055,0.6459420706322339,0.7871559633027523,2.0404746532440186,7.426331996917725,0.6
1200075,baseline_harder,Baseline harder irregularity,0.6,50,brits_mi_refined,BRITS-MI,0.6571772694587708,0.9344665699834096,1.0,500,50,,0.7428428975810601,0.6712177340660663,0.6255839314536513,0.8047779022023143,2.100660562515259,8.615140199661255,0.6
1200076,baseline_harder,Baseline harder irregularity,0.6,50,brits_mi_refined,BRITS-MI,0.6628433465957642,0.9111765216247288,1.0,500,50,,0.6869908268650972,0.6246831423232937,0.6420400450189996,0.8133580705009277,2.078406810760498,7.848549842834473,0.6
1200077,baseline_harder,Baseline harder irregularity,0.6,50,brits_mi_refined,BRITS-MI,0.6344406604766846,0.905950753433369,1.0,500,50,,0.7430983564458141,0.6475527348643471,0.6069351618401095,0.8092592592592592,2.1013195514678955,9.03402304649353,0.6
1200078,baseline_harder,Baseline harder irregularity,0.6,50,brits_mi_refined,BRITS-MI,0.631598174571991,0.903410101569889,1.0,500,50,,0.7580756344282531,0.6756911706644682,0.6042092819851315,0.8413639733135656,2.1507999897003174,9.10760498046875,0.6
1200079,baseline_harder,Baseline harder irregularity,0.6,50,brits_mi_refined,BRITS-MI,0.6338487863540649,0.9025108511371388,1.0,500,50,,0.757954236121119,0.7153983412521792,0.5957773963702311,0.8495675065814215,2.302273750305176,7.924669027328491,0.6
1200080,baseline_harder,Baseline harder irregularity,0.6,50,brits_mi_refined,BRITS-MI,0.6452676653862,0.9429629410563288,1.0,500,50,,0.6107323474809551,0.5924251983167146,0.6674693778336788,0.8045891931902295,2.0497286319732666,8.262447118759155,0.6
1200081,baseline_harder,Baseline harder irregularity,0.6,50,brits_mi_refined,BRITS-MI,0.6558395028114319,0.9153167194173728,1.0,500,50,,0.607223731884058,0.5393138059780507,0.6663863155090376,0.787210172026926,2.0327417850494385,6.86858868598938,0.6
1200082,baseline_harder,Baseline harder irregularity,0.6,50,brits_mi_refined,BRITS-MI,0.675362765789032,0.9417803905855407,1.0,500,50,,0.7188801332564546,0.6549829966934475,0.619190957406754,0.7900960827790096,2.1031315326690674,7.854558944702148,0.6
1200083,baseline_harder,Baseline harder irregularity,0.6,50,brits_mi_refined,BRITS-MI,0.6424739956855774,0.8860547959207814,1.0,500,50,,0.7662454294694978,0.6816624336406839,0.5998317966262317,0.8637702503681886,2.2918736934661865,8.874913215637207,0.6
1200084,baseline_harder,Baseline harder irregularity,0.6,50,brits_mi_refined,BRITS-MI,0.6486744284629822,0.9297020527623714,1.0,500,50,,0.7225303037738626,0.6034094647021626,0.6135291172405455,0.7939550313306303,1.9631413221359253,7.912580013275147,0.6
1200085,baseline_harder,Baseline harder irregularity,0.6,50,brits_mi_refined,BRITS-MI,0.6605491042137146,0.9474514949140692,1.0,500,50,,0.6749899638699318,0.6297323222860998,0.6480142156990657,0.7737037037037037,1.898289918899536,8.475980043411255,0.6
1200086,baseline_harder,Baseline harder irregularity,0.6,50,brits_mi_refined,BRITS-MI,0.6407907605171204,0.8984631666208514,1.0,500,50,,0.7673696177803397,0.7389549353759937,0.5896645362688905,0.83345507669832,2.187229633331299,8.979370832443237,0.6
1200087,baseline_harder,Baseline harder irregularity,0.6,50,brits_mi_refined,BRITS-MI,0.6659224629402161,0.9368559591992586,1.0,500,50,,0.7366037856605707,0.6595725796608332,0.6203998402751348,0.7845303867403315,1.972628593444824,7.457965135574341,0.6
1200088,baseline_harder,Baseline harder irregularity,0.6,50,brits_mi_refined,BRITS-MI,0.6857873201370239,0.9695167974029328,1.0,500,50,,0.6953972348163219,0.6012569321073917,0.6407743179284505,0.8082551594746716,2.151470422744751,8.383331060409546,0.6
1200089,baseline_harder,Baseline harder irregularity,0.6,50,brits_mi_refined,BRITS-MI,0.6469223499298096,0.9054686210862796,1.0,500,50,,0.711203560371517,0.6322279815883928,0.616746958533821,0.7898065476190477,1.97658371925354,8.683228254318237,0.6
1200090,baseline_harder,Baseline harder irregularity,0.6,50,brits_mi_refined,BRITS-MI,0.6481447815895081,0.9200821180013852,1.0,500,50,,0.7489437295947762,0.7040078317721712,0.6064821933298358,0.8244387191755613,2.103699207305908,8.1178879737854,0.6
1200091,baseline_harder,Baseline harder irregularity,0.6,50,brits_mi_refined,BRITS-MI,0.6541638374328613,0.9031388007754464,1.0,500,50,,0.6873782970437246,0.6111434458062706,0.6374659218288087,0.8043235184494968,1.9660016298294067,8.515152215957642,0.6
1200092,baseline_harder,Baseline harder irregularity,0.6,50,brits_mi_refined,BRITS-MI,0.6777452826499939,0.9638816693654456,1.0,500,50,,0.7542200675210804,0.6935631743330786,0.6040106584221516,0.802141011443337,2.1650075912475586,8.660475015640259,0.6
1200093,baseline_harder,Baseline harder irregularity,0.6,50,brits_mi_refined,BRITS-MI,0.6547949910163879,0.9156316264965432,1.0,500,50,,0.714635787045935,0.6531438843355288,0.625177752723262,0.7889221556886228,1.9913944005966189,7.696461915969849,0.6
1200094,baseline_harder,Baseline harder irregularity,0.6,50,brits_mi_refined,BRITS-MI,0.6331374645233154,0.8639578809121928,1.0,500,50,,0.7659383753501401,0.7182988894032846,0.5897339153186353,0.8319793205317577,2.227759838104248,9.156299829483032,0.6
1200095,baseline_harder,Baseline harder irregularity,0.6,50,brits_mi_refined,BRITS-MI,0.6679316759109497,0.9479595312674812,1.0,500,50,,0.6856082701406442,0.5714474269415741,0.6331152428367343,0.8512304250559284,2.213407039642334,9.0083589553833,0.6
1200096,baseline_harder,Baseline harder irregularity,0.6,50,brits_mi_refined,BRITS-MI,0.6425639986991882,0.9108194497227678,1.0,500,50,,0.7064836027491629,0.6464207476235333,0.6354950531381652,0.8024917552216929,2.0669708251953125,8.795099258422852,0.6
1200097,baseline_harder,Baseline harder irregularity,0.6,50,brits_mi_refined,BRITS-MI,0.6504668593406677,0.93536642689057,1.0,500,50,,0.6369527649769586,0.575562820085344,0.6703675677013996,0.8032424465733236,2.11092209815979,7.740429878234863,0.6
1200098,baseline_harder,Baseline harder irregularity,0.6,50,brits_mi_refined,BRITS-MI,0.6645070910453796,0.9091457541123686,1.0,500,50,,0.7550893028615325,0.7121888316127429,0.6043590834137992,0.8319391634980988,2.181709051132202,8.866005897521973,0.6
1200099,baseline_harder,Baseline harder irregularity,0.6,50,brits_mi_refined,BRITS-MI,0.6439452767372131,0.9075604802305886,1.0,500,50,,0.7814484572454937,0.7283904347344277,0.5714120822287885,0.8359144542772862,2.2096686363220215,8.972548246383667,0.6
1200100,baseline_harder,Baseline harder irregularity,0.6,50,brits_mi_refined,BRITS-MI,0.6498117446899414,0.908086418902412,1.0,500,50,,0.7105894777265745,0.6420643378045621,0.6197291088272623,0.8147462022971471,2.039487361907959,8.526371717453003,0.6
1200101,baseline_harder,Baseline harder irregularity,0.6,50,brits_mi_refined,BRITS-MI,0.6307727098464966,0.8969441007530314,1.0,500,50,,0.72394357176026,0.6567657320183815,0.6222362903630616,0.8395152405435182,2.155200958251953,9.13367199897766,0.6
1200102,baseline_harder,Baseline harder irregularity,0.6,50,brits_mi_refined,BRITS-MI,0.6502547264099121,0.9493362217779926,1.0,500,50,,0.6771189021946489,0.6472123168532661,0.6455777371690553,0.8019504876219055,2.070713996887207,9.780115842819214,0.6
1200103,baseline_harder,Baseline harder irregularity,0.6,50,brits_mi_refined,BRITS-MI,0.6601844429969788,0.9419737604184728,1.0,500,50,,0.7159244264507423,0.6323903141986691,0.6214617085986088,0.8616283315078496,2.366682529449463,11.965123176574709,0.6
1200104,baseline_harder,Baseline harder irregularity,0.6,50,brits_mi_refined,BRITS-MI,0.6967400312423706,0.9847973163554808,1.0,500,50,,0.7306280193236716,0.6573834578988349,0.6101428710336274,0.789551140544518,2.0944244861602783,11.566313982009888,0.6
1200105,baseline_harder,Baseline harder irregularity,0.6,50,brits_mi_refined,BRITS-MI,0.630229651927948,0.8792559410398465,1.0,500,50,,0.652039574795082,0.601127910190837,0.6549876665101423,0.7995495495495496,2.1542704105377197,10.747617959976196,0.6
1200106,baseline_harder,Baseline harder irregularity,0.6,50,brits_mi_refined,BRITS-MI,0.6632266640663147,0.9005706575246893,1.0,500,50,,0.7360399590163935,0.6674142710966873,0.6084345404737435,0.7648982558139535,1.913741946220398,11.179696083068848,0.6
1200107,baseline_harder,Baseline harder irregularity,0.6,50,brits_mi_refined,BRITS-MI,0.645851194858551,0.9394361961958668,1.0,500,50,,0.72466435166664,0.6801358764888563,0.6081308548919775,0.8319203833394766,2.2370901107788086,12.188931941986084,0.6
1200108,baseline_harder,Baseline harder irregularity,0.6,50,brits_mi_refined,BRITS-MI,0.6347677707672119,0.864824607164639,1.0,500,50,,0.6841869469911518,0.6760219714742052,0.6442323714073077,0.8349335302806499,2.2688145637512207,10.250849723815918,0.6
1200109,baseline_harder,Baseline harder irregularity,0.6,50,brits_mi_refined,BRITS-MI,0.6579755544662476,0.901316885368922,1.0,500,50,,0.7200051266441309,0.6477830220960803,0.6166331808007606,0.821882001493652,2.098583698272705,12.099315404891968,0.6
1200110,baseline_harder,Baseline harder irregularity,0.6,50,brits_mi_refined,BRITS-MI,0.6129599809646606,0.8470747198037589,1.0,500,50,,0.744904004739716,0.6916564160811697,0.6061992495454956,0.818349299926308,2.1259427070617676,12.651408910751345,0.6
1200111,baseline_harder,Baseline harder irregularity,0.6,50,brits_mi_refined,BRITS-MI,0.6534331440925598,0.928048574699613,1.0,500,50,,0.780288,0.7309653516714042,0.5768953293719984,0.8217311233885819,2.1657469272613525,12.00682520866394,0.6
1200112,baseline_harder,Baseline harder irregularity,0.6,50,brits_mi_refined,BRITS-MI,0.6231110692024231,0.9036727168207144,1.0,500,50,,0.7784000896129043,0.7222670211791777,0.5746347330624497,0.8300988648846577,2.0787007808685303,13.03458309173584,0.6
1200113,baseline_harder,Baseline harder irregularity,0.6,50,brits_mi_refined,BRITS-MI,0.6875525116920471,1.009080058947572,1.0,500,50,,0.7661858974358974,0.7143392909184296,0.5900503019189897,0.7737226277372263,2.0137181282043457,11.7832772731781,0.6
1200114,baseline_harder,Baseline harder irregularity,0.6,50,brits_mi_refined,BRITS-MI,0.6954962015151978,0.9770784613976402,1.0,500,50,,0.6840151078676142,0.6331442712249733,0.6308006066198713,0.8082242990654206,2.106046199798584,10.282074928283691,0.6
1200115,baseline_harder,Baseline harder irregularity,0.6,50,brits_mi_refined,BRITS-MI,0.6530716419219971,0.9286692830451018,1.0,500,50,,0.7839924883845169,0.6964023182757593,0.5798294216260379,0.7705095771593784,1.98791241645813,12.724544048309326,0.6
1200116,baseline_harder,Baseline harder irregularity,0.6,50,brits_mi_refined,BRITS-MI,0.6466987729072571,0.9086615727939268,1.0,500,50,,0.6883599671703762,0.6066137765119726,0.6329090454690885,0.8033157498116051,2.0005099773406982,14.45349907875061,0.6
1200117,baseline_harder,Baseline harder irregularity,0.6,50,brits_mi_refined,BRITS-MI,0.6723291873931885,0.957097680428101,1.0,500,50,,0.7117520544427324,0.6511074957564067,0.6290851690935583,0.7776568734131302,2.056405544281006,17.749154090881348,0.6
1200118,baseline_harder,Baseline harder irregularity,0.6,50,brits_mi_refined,BRITS-MI,0.6349111795425415,0.8850928465729148,1.0,500,50,,0.6368437054935912,0.6002806401684135,0.6671266820331507,0.7989556135770235,2.015322685241699,10.42943811416626,0.6
1200119,baseline_harder,Baseline harder irregularity,0.6,50,brits_mi_refined,BRITS-MI,0.6720072031021118,0.948050684375386,1.0,500,50,,0.6222627737226276,0.5252168339351662,0.6629538310386595,0.824567855829349,2.1802186965942383,9.897033929824827,0.6
1200120,baseline_harder,Baseline harder irregularity,0.6,50,brits_mi_refined,BRITS-MI,0.6621918678283691,0.9385792271222568,1.0,500,50,,0.5876024590163934,0.5336408934304493,0.6767412533707241,0.7611995557201037,1.8926258087158203,11.05037784576416,0.6
1200121,baseline_harder,Baseline harder irregularity,0.6,50,brits_mi_refined,BRITS-MI,0.6554102897644043,0.959892917790445,1.0,500,50,,0.6640156182490279,0.620865767527168,0.6474065345609101,0.8101077666295058,2.1334903240203857,9.992120027542114,0.6
1200122,baseline_harder,Baseline harder irregularity,0.6,50,brits_mi_refined,BRITS-MI,0.6455643177032471,0.8649635517517215,1.0,500,50,,0.7282237780163091,0.67805763088275,0.6178854592882522,0.8506838905775076,2.280879020690918,8.923463821411133,0.6
1200123,baseline_harder,Baseline harder irregularity,0.6,50,brits_mi_refined,BRITS-MI,0.6516357064247131,0.9342961729713684,1.0,500,50,,0.7215234778121776,0.6542868682739393,0.6140266779466917,0.829394387001477,2.212650775909424,11.105165243148804,0.6
1200124,baseline_harder,Baseline harder irregularity,0.6,50,brits_mi_refined,BRITS-MI,0.6670741438865662,0.9405611968034716,1.0,500,50,,0.6859989411368339,0.617174693641036,0.6392905866628285,0.7871396895787139,1.9808186292648315,11.589483976364136,0.6
1200125,baseline_harder,Baseline harder irregularity,0.6,50,brits_mi_refined,BRITS-MI,0.6582688689231873,0.9366012993273068,1.0,500,50,,0.6822669162706603,0.6338517223040219,0.6388666380721452,0.7798534798534799,1.9869047403335571,9.975767135620115,0.6
1200126,baseline_harder,Baseline harder irregularity,0.6,50,brits_mi_refined,BRITS-MI,0.635654091835022,0.90930029330008,1.0,500,50,,0.6987647209421403,0.6353106869689208,0.637122242197851,0.7216117216117216,1.7653663158416748,9.84798812866211,0.6
1200127,baseline_harder,Baseline harder irregularity,0.6,50,brits_mi_refined,BRITS-MI,0.6349175572395325,0.8838835371302258,1.0,500,50,,0.7522402597402598,0.6682371355554093,0.5921202967660381,0.7817978366281239,1.9103580713272097,10.120943069458008,0.6
1200128,baseline_harder,Baseline harder irregularity,0.6,50,brits_mi_refined,BRITS-MI,0.621497392654419,0.9091648802607036,1.0,500,50,,0.715962102630693,0.6542877864564252,0.6167003493219435,0.8258743888679955,2.177325487136841,14.5604510307312,0.6
1200129,baseline_harder,Baseline harder irregularity,0.6,50,brits_mi_refined,BRITS-MI,0.6950616836547852,0.9465603260856308,1.0,500,50,,0.6610517864311521,0.5935003925042,0.6529168209026666,0.7925731432858214,2.0634894371032715,15.603868961334229,0.6
1200130,baseline_harder,Baseline harder irregularity,0.6,50,brits_mi_refined,BRITS-MI,0.6264729499816895,0.8736392173850969,1.0,500,50,,0.6966450702418373,0.619401587163128,0.6288770556302613,0.7806047197640118,1.9534660577774048,12.791028022766112,0.6
1200131,baseline_harder,Baseline harder irregularity,0.6,50,brits_mi_refined,BRITS-MI,0.6654831171035767,0.9039311344806886,1.0,500,50,,0.629402633979293,0.6073404758954689,0.664151399801353,0.8135593220338984,2.072704076766968,9.64126992225647,0.6
1200132,baseline_harder,Baseline harder irregularity,0.6,50,brits_mi_refined,BRITS-MI,0.6296139359474182,0.8655044009097346,1.0,500,50,,0.75562896914491,0.699394817374068,0.593623432594245,0.8265460030165912,2.203862190246582,10.338156938552856,0.6
1200133,baseline_harder,Baseline harder irregularity,0.6,50,brits_mi_refined,BRITS-MI,0.6639450788497925,0.9534071104284616,1.0,500,50,,0.66644644612385,0.558426559326417,0.6359050095135608,0.7840616966580977,2.1052510738372803,8.568245887756348,0.6
1200134,baseline_harder,Baseline harder irregularity,0.6,50,brits_mi_refined,BRITS-MI,0.6404128670692444,0.9066711220654216,1.0,500,50,,0.7244640706543556,0.6304326168146984,0.6283500135953622,0.8028064992614475,1.986472010612488,9.21229124069214,0.6
1200135,baseline_harder,Baseline harder irregularity,0.6,50,brits_mi_refined,BRITS-MI,0.6809903383255005,0.9647719131888604,1.0,500,50,,0.7563536265283913,0.7041617497346687,0.5975608594111969,0.79149871747893,2.0865726470947266,11.148041009902954,0.6
1200136,baseline_harder,Baseline harder irregularity,0.6,50,brits_mi_refined,BRITS-MI,0.6771421432495117,0.9659275856236104,1.0,500,50,,0.7467646870395285,0.6644471102431558,0.6105472702756658,0.7894152479644707,2.0460216999053955,10.562506914138794,0.6
1200137,baseline_harder,Baseline harder irregularity,0.6,50,brits_mi_refined,BRITS-MI,0.6633455157279968,0.9237203152671938,1.0,500,50,,0.7044327862540309,0.6280784721948428,0.6228432104252846,0.8312710911136107,2.1933982372283936,10.172674655914308,0.6
1200138,baseline_harder,Baseline harder irregularity,0.6,50,brits_mi_refined,BRITS-MI,0.6765521764755249,0.9575147744911032,1.0,500,50,,0.7507321054231809,0.6858027505654958,0.5887536876883055,0.7933085501858737,2.143829822540283,10.550922870635986,0.6
1200139,baseline_harder,Baseline harder irregularity,0.6,50,brits_mi_refined,BRITS-MI,0.6608167886734009,0.9446304540046088,1.0,500,50,,0.5975135602169634,0.5532895095374949,0.6708677489737122,0.7928623988226637,2.139613151550293,8.367167949676514,0.6
1200140,baseline_harder,Baseline harder irregularity,0.6,50,brits_mi_refined,BRITS-MI,0.6567486524581909,0.9137128555969436,1.0,500,50,,0.7068564741339232,0.6348815065649004,0.6287622808557976,0.8281649033199562,2.1668264865875244,9.882426023483276,0.6
1200141,baseline_harder,Baseline harder irregularity,0.6,50,brits_mi_refined,BRITS-MI,0.6427164673805237,0.8982017716213565,1.0,500,50,,0.6707416855176397,0.6087095189867648,0.6385406721024401,0.8224543080939948,2.204993724822998,9.336940050125122,0.6
1200142,baseline_harder,Baseline harder irregularity,0.6,50,brits_mi_refined,BRITS-MI,0.6519702076911926,0.9296634504597746,1.0,500,50,,0.7380422780880446,0.6989901899767568,0.6046995401827387,0.8016017473607572,2.0998709201812744,12.05448603630066,0.6
1200143,baseline_harder,Baseline harder irregularity,0.6,50,brits_mi_refined,BRITS-MI,0.6533634066581726,0.936957280589409,1.0,500,50,,0.7455479287668603,0.687027685698459,0.6019241617769671,0.8492647058823529,2.288916826248169,15.483294010162354,0.6
1200144,baseline_harder,Baseline harder irregularity,0.6,50,brits_mi_refined,BRITS-MI,0.628660261631012,0.8809827495021244,1.0,500,50,,0.6231982970149011,0.5465116788354251,0.661296650527295,0.8292406497922176,2.172267436981201,20.391897916793823,0.6
1200145,baseline_harder,Baseline harder irregularity,0.6,50,brits_mi_refined,BRITS-MI,0.6482341289520264,0.9140409154385812,1.0,500,50,,0.7756766358762354,0.6935426880809864,0.5906742573990047,0.7919312663429212,1.868340253829956,13.678784132003784,0.6
1200146,baseline_harder,Baseline harder irregularity,0.6,50,brits_mi_refined,BRITS-MI,0.6637883186340332,0.9262165865020277,1.0,500,50,,0.7395090289827131,0.6570590188636823,0.6034923174543055,0.8477699963140435,2.3235831260681152,13.711343765258787,0.6
1200147,baseline_harder,Baseline harder irregularity,0.6,50,brits_mi_refined,BRITS-MI,0.6727926135063171,0.9396178738967336,1.0,500,50,,0.6810803022540984,0.6368771122946819,0.6335736827662287,0.7803447011367803,1.9689375162124632,14.266992092132568,0.6
1200148,baseline_harder,Baseline harder irregularity,0.6,50,brits_mi_refined,BRITS-MI,0.6531412601470947,0.9061236200695568,1.0,500,50,,0.7084273709483793,0.6295906575141271,0.6186817203681511,0.8333955920806874,2.283985137939453,12.195957899093628,0.6
1200149,baseline_harder,Baseline harder irregularity,0.6,50,brits_mi_refined,BRITS-MI,0.6646793484687805,0.9424663819739736,1.0,500,50,,0.764743558950217,0.707010135609835,0.5934077899131308,0.7970062066447609,1.9944294691085815,9.141740083694458,0.6
1200150,baseline_harder,Baseline harder irregularity,0.6,50,brits_mi_refined,BRITS-MI,0.6336606740951538,0.909265870328828,1.0,500,50,,0.6793269230769231,0.5895682993409583,0.6494352720134509,0.833642089662838,2.255964994430542,8.047433137893677,0.6
1200151,baseline_harder,Baseline harder irregularity,0.6,50,brits_mi_refined,BRITS-MI,0.6498793363571167,0.929186642044785,1.0,500,50,,0.6305131450359666,0.5807363372978241,0.6597580431452461,0.8190229459659512,2.1716415882110596,7.773036241531372,0.6
1200152,baseline_harder,Baseline harder irregularity,0.6,50,brits_mi_refined,BRITS-MI,0.6378788948059082,0.917942041857674,1.0,500,50,,0.605879246611512,0.5519616740449789,0.6764668778691169,0.7891107078039927,2.006406784057617,8.327085971832275,0.6
1200153,baseline_harder,Baseline harder irregularity,0.6,50,brits_mi_refined,BRITS-MI,0.6420935392379761,0.8903818397130191,1.0,500,50,,0.7079473271572345,0.6396958872011331,0.6368099156623105,0.7736822705492076,1.876415729522705,8.852985858917236,0.6
1200154,baseline_harder,Baseline harder irregularity,0.6,50,brits_mi_refined,BRITS-MI,0.6403675079345703,0.8913810229701713,1.0,500,50,,0.7717521908393277,0.7000774254869462,0.5928751769205872,0.8241316270566728,2.109060049057007,9.472167015075684,0.6
1200155,baseline_harder,Baseline harder irregularity,0.6,50,brits_mi_refined,BRITS-MI,0.6568295359611511,0.9776888146286712,1.0,500,50,,0.6412980769230769,0.5797884171208765,0.6596002032777335,0.813849590469099,2.0919487476348877,9.030286073684692,0.6
1200156,baseline_harder,Baseline harder irregularity,0.6,50,brits_mi_refined,BRITS-MI,0.6489453315734863,0.9059114990290555,1.0,500,50,,0.6606710591705542,0.5712860573157714,0.6542107431290332,0.8177102630603927,2.1742050647735596,8.553675889968872,0.6
1200157,baseline_harder,Baseline harder irregularity,0.6,50,brits_mi_refined,BRITS-MI,0.644476056098938,0.9473063483651356,1.0,500,50,,0.7216680900433459,0.6210326625538216,0.6155656676435903,0.844208211143695,2.411162853240967,11.325260162353516,0.6
1200158,baseline_harder,Baseline harder irregularity,0.6,50,brits_mi_refined,BRITS-MI,0.6326503753662109,0.8917782534069102,1.0,500,50,,0.742948717948718,0.718733665667945,0.5910567886539655,0.8332089552238806,2.2069251537323,10.711434125900269,0.6
1200159,baseline_harder,Baseline harder irregularity,0.6,50,brits_mi_refined,BRITS-MI,0.7157607078552246,1.0173494552396585,1.0,500,50,,0.5555608889742236,0.5417438418476738,0.6948196076669576,0.7485007496251874,1.8801437616348269,10.167432069778442,0.6
1200160,baseline_harder,Baseline harder irregularity,0.6,50,brits_mi_refined,BRITS-MI,0.6774675846099854,0.9639629174065648,1.0,500,50,,0.7377129831581365,0.6101044274011531,0.5968183426802973,0.8574040219378428,2.4195451736450195,10.424850940704346,0.6
1200161,baseline_harder,Baseline harder irregularity,0.6,50,brits_mi_refined,BRITS-MI,0.6504063010215759,0.9076599864945124,1.0,500,50,,0.6785222839196386,0.5633931087903299,0.644771167371008,0.8388157894736842,2.2149624824523926,8.7199387550354,0.6
1200162,baseline_harder,Baseline harder irregularity,0.6,50,brits_mi_refined,BRITS-MI,0.6673430800437927,0.9464272709916856,1.0,500,50,,0.6221848739495797,0.540409140662297,0.6667430175446896,0.7562684365781711,1.8839167356491089,6.969887018203735,0.6
1200163,baseline_harder,Baseline harder irregularity,0.6,50,brits_mi_refined,BRITS-MI,0.6295937299728394,0.888419430735919,1.0,500,50,,0.6751158003088008,0.6056859479147065,0.6290869235749934,0.8246445497630331,2.0991482734680176,8.258335828781128,0.6
1200164,baseline_harder,Baseline harder irregularity,0.6,50,brits_mi_refined,BRITS-MI,0.6398452520370483,0.8890602394798679,1.0,500,50,,0.7731173155737705,0.735547945902594,0.572202942172767,0.8211111111111111,2.1829516887664795,10.1619291305542,0.6
1200165,baseline_harder,Baseline harder irregularity,0.6,50,brits_mi_refined,BRITS-MI,0.6566250920295715,0.916392255676743,1.0,500,50,,0.7064628482972136,0.5906570429630571,0.625616447673049,0.7778592375366569,1.880836606025696,9.09225606918335,0.6
1200166,baseline_harder,Baseline harder irregularity,0.6,50,brits_mi_refined,BRITS-MI,0.6428933143615723,0.891280398074037,1.0,500,50,,0.7951762820512821,0.7448344444138724,0.5731945253217937,0.8201787043931497,2.08052396774292,9.957854986190796,0.6
1200167,baseline_harder,Baseline harder irregularity,0.6,50,brits_mi_refined,BRITS-MI,0.6628816723823547,0.9147410421207476,1.0,500,50,,0.7629451780712285,0.7361258362301513,0.596228326975581,0.8208092485549133,2.1244421005249023,8.48600435256958,0.6
1200168,baseline_harder,Baseline harder irregularity,0.6,50,brits_mi_refined,BRITS-MI,0.651465892791748,0.9358748193142956,1.0,500,50,,0.7436574629851941,0.6861106638042022,0.5979323852393811,0.7496307237813885,1.7423216104507446,9.1230571269989,0.6
1200169,baseline_harder,Baseline harder irregularity,0.6,50,brits_mi_refined,BRITS-MI,0.6496978402137756,0.9376369188490288,1.0,500,50,,0.7619551451610318,0.6849960169508278,0.5968316513869685,0.8073260073260073,2.0055887699127197,9.897202968597412,0.6
1200170,baseline_harder,Baseline harder irregularity,0.6,50,brits_mi_refined,BRITS-MI,0.7010929584503174,1.0331651250422331,1.0,500,50,,0.7164016589005779,0.6472972766584668,0.6261962643877589,0.8032424465733236,2.1522152423858643,8.409243822097778,0.6
1200171,baseline_harder,Baseline harder irregularity,0.6,50,brits_mi_refined,BRITS-MI,0.6511213779449463,0.898932985609819,1.0,500,50,,0.6272749099639856,0.5937846612767096,0.6639428717746045,0.7778614457831325,1.8897165060043335,8.418300151824951,0.6
1200172,baseline_harder,Baseline harder irregularity,0.6,50,brits_mi_refined,BRITS-MI,0.6470156311988831,0.9066059319734132,1.0,500,50,,0.7403292774812036,0.7254785268290429,0.600946104168942,0.7913238593866866,2.0627355575561523,8.95171308517456,0.6
1200173,baseline_harder,Baseline harder irregularity,0.6,50,brits_mi_refined,BRITS-MI,0.6691583395004272,0.9691503241895066,1.0,500,50,,0.6809773627889814,0.6073876240061065,0.6408840471355459,0.7914957105557627,1.960571050643921,7.673557996749878,0.6
1200174,baseline_harder,Baseline harder irregularity,0.6,50,brits_mi_refined,BRITS-MI,0.6667910218238831,0.935228010501241,1.0,500,50,,0.6414502632042112,0.578347624547352,0.6595473187729783,0.8213372305443917,2.12080717086792,8.137941837310791,0.6
1200175,baseline_harder,Baseline harder irregularity,0.6,50,brits_mi_refined,BRITS-MI,0.6655696034431458,0.9288262807217208,1.0,500,50,,0.7110779404211608,0.6149217510131292,0.6247994334198834,0.8086924219910847,2.085629940032959,8.049023866653442,0.6
1200176,baseline_harder,Baseline harder irregularity,0.6,50,brits_mi_refined,BRITS-MI,0.6422975063323975,0.9092073006607608,1.0,500,50,,0.7071012544802867,0.6684042001371107,0.6206143094873698,0.8140051871063356,2.109487771987915,7.764578104019165,0.6
1200177,baseline_harder,Baseline harder irregularity,0.6,50,brits_mi_refined,BRITS-MI,0.6770087480545044,0.9826171357286548,1.0,500,50,,0.8022964911155303,0.720776333847235,0.5594220792059417,0.8125461254612546,2.147452592849731,10.67154097557068,0.6
1200178,baseline_harder,Baseline harder irregularity,0.6,50,brits_mi_refined,BRITS-MI,0.6509637236595154,0.9152838402114506,1.0,500,50,,0.6602702832684075,0.571624336589124,0.6608619603057271,0.8204837490551776,2.211182117462158,9.290634155273438,0.6
1200179,baseline_harder,Baseline harder irregularity,0.6,50,brits_mi_refined,BRITS-MI,0.6570839285850525,0.9769151329902612,1.0,500,50,,0.7684156527036343,0.722601885424589,0.5890369630150194,0.7430329352153456,1.798479437828064,13.992194175720217,0.6
1200180,baseline_harder,Baseline harder irregularity,0.6,50,brits_mi_refined,BRITS-MI,0.6568151712417603,0.9451591388954216,1.0,500,50,,0.7507082611581487,0.6547177051014601,0.6020644027242861,0.831275720164609,2.2340784072875977,10.468347072601318,0.6
1200181,baseline_harder,Baseline harder irregularity,0.6,50,brits_mi_refined,BRITS-MI,0.642475962638855,0.930768666941227,1.0,500,50,,0.6910088982779591,0.6272742272173093,0.6325136971874303,0.8006782215523738,2.034979820251465,8.640796899795532,0.6
1200182,baseline_harder,Baseline harder irregularity,0.6,50,brits_mi_refined,BRITS-MI,0.6312987208366394,0.8771829448191593,1.0,500,50,,0.7248575635362653,0.6295604182622527,0.6160900436055431,0.8338895068594735,2.178734540939331,7.563622951507568,0.6
1200183,baseline_harder,Baseline harder irregularity,0.6,50,brits_mi_refined,BRITS-MI,0.6555970907211304,0.9141111021331244,1.0,500,50,,0.6323679396480549,0.5306798214803504,0.6635030188312492,0.8199630314232902,2.1027019023895264,7.343685865402222,0.6
1200184,baseline_harder,Baseline harder irregularity,0.6,50,brits_mi_refined,BRITS-MI,0.626164972782135,0.8986608198403226,1.0,500,50,,0.6474996397175384,0.5618322248508205,0.6573231322905406,0.7948243992606284,1.9725996255874632,6.363845109939575,0.6
1200185,baseline_harder,Baseline harder irregularity,0.6,50,brits_mi_refined,BRITS-MI,0.6771711707115173,0.967250420354067,1.0,500,50,,0.6877004141220451,0.60467311791392,0.6336201032999136,0.7909190772610766,1.9891085624694824,7.344154119491577,0.6
1200186,baseline_harder,Baseline harder irregularity,0.6,50,brits_mi_refined,BRITS-MI,0.6470566987991333,0.9428418821765676,1.0,500,50,,0.7115164601427674,0.6088215346813071,0.6212672560900279,0.7709235209235209,1.866668939590454,10.38860821723938,0.6
1200187,baseline_harder,Baseline harder irregularity,0.6,50,brits_mi_refined,BRITS-MI,0.6174996495246887,0.875709723183446,1.0,500,50,,0.7065917302288237,0.6034939998196589,0.6334620016101729,0.8665923448532145,2.3323259353637695,6.969152927398682,0.6
1200188,baseline_harder,Baseline harder irregularity,0.6,50,brits_mi_refined,BRITS-MI,0.6689727306365967,0.9303217143440136,1.0,500,50,,0.7129963609548085,0.6362565180607642,0.6192440303960327,0.7461082283172721,1.8882378339767456,6.891448020935059,0.6
1200189,baseline_harder,Baseline harder irregularity,0.6,50,brits_mi_refined,BRITS-MI,0.675180196762085,0.9446309964605464,1.0,500,50,,0.6663840000000001,0.6262324064238174,0.6457055267315331,0.8399545970488081,2.308143377304077,14.102013111114502,0.6
1200190,baseline_harder,Baseline harder irregularity,0.6,50,brits_mi_refined,BRITS-MI,0.6761056780815125,0.9780651496887232,1.0,500,50,,0.6835533126293996,0.5973919313147104,0.6348326654105831,0.8218475073313783,2.228350877761841,15.212877988815308,0.6
1200191,baseline_harder,Baseline harder irregularity,0.6,50,brits_mi_refined,BRITS-MI,0.648910641670227,0.8981675673843699,1.0,500,50,,0.6473789515806323,0.5885771213583653,0.6559240001326788,0.8039361307092462,2.1110665798187256,10.391566038131714,0.6
1200192,baseline_harder,Baseline harder irregularity,0.6,50,brits_mi_refined,BRITS-MI,0.6401934623718262,0.8958504002737259,1.0,500,50,,0.7003201221989307,0.5751861051071556,0.6301764806932196,0.776395173453997,1.8786522150039673,9.169849157333374,0.6
1200193,baseline_harder,Baseline harder irregularity,0.6,50,brits_mi_refined,BRITS-MI,0.6534343361854553,0.9214116627305152,1.0,500,50,,0.7053805774278215,0.646759851365226,0.6233236536449501,0.799625468164794,2.110276460647583,9.222685098648071,0.6
1200194,baseline_harder,Baseline harder irregularity,0.6,50,brits_mi_refined,BRITS-MI,0.6562911868095398,0.918954037309712,1.0,500,50,,0.5231116663463387,0.4665344216612502,0.7469773292356172,0.823271130625686,2.2017321586608887,7.646576881408691,0.6
1200195,baseline_harder,Baseline harder irregularity,0.6,50,brits_mi_refined,BRITS-MI,0.6561099886894226,0.9473075929026552,1.0,500,50,,0.5946586776462295,0.5653197876409701,0.6767109721182084,0.7713864306784661,1.9806355237960815,7.040257930755615,0.6
1200196,baseline_harder,Baseline harder irregularity,0.6,50,brits_mi_refined,BRITS-MI,0.691417932510376,0.9817059104197507,1.0,500,50,,0.732181077905985,0.63332644245762,0.6294660256101097,0.8210802700675168,2.154874801635742,7.985429048538208,0.6
1200197,baseline_harder,Baseline harder irregularity,0.6,50,brits_mi_refined,BRITS-MI,0.6508321166038513,0.9391392802313772,1.0,500,50,,0.6505623598134611,0.5763883275050317,0.6539799916343048,0.8278319579894974,2.291747570037842,10.26902198791504,0.6
1200198,baseline_harder,Baseline harder irregularity,0.6,50,brits_mi_refined,BRITS-MI,0.6345365643501282,0.879636974976392,1.0,500,50,,0.6580448717948718,0.600531973257987,0.6484932692411903,0.8145963877626244,2.05692458152771,9.77167582511902,0.6
1200199,baseline_harder,Baseline harder irregularity,0.6,50,brits_mi_refined,BRITS-MI,0.6664654016494751,0.971641601906761,1.0,500,50,,0.7409386951721048,0.6977765297897486,0.5995362559016462,0.8073325851103629,2.072352886199951,8.932671070098877,0.6
1200000,baseline_harder,Baseline harder irregularity,0.6,50,mice,MICE,0.746094668357792,1.054784745380054,1.0,500,50,,,,,,,,0.6
1200001,baseline_harder,Baseline harder irregularity,0.6,50,mice,MICE,0.7399403889849093,1.035067135550637,1.0,500,50,,,,,,,,0.6
1200002,baseline_harder,Baseline harder irregularity,0.6,50,mice,MICE,0.7885979844432468,1.0739401140408862,1.0,500,50,,,,,,,,0.6
1200003,baseline_harder,Baseline harder irregularity,0.6,50,mice,MICE,0.7398740943794192,1.033743106681653,1.0,500,50,,,,,,,,0.6
1200004,baseline_harder,Baseline harder irregularity,0.6,50,mice,MICE,0.7548947663747003,1.0593217055792716,1.0,500,50,,,,,,,,0.6
1200005,baseline_harder,Baseline harder irregularity,0.6,50,mice,MICE,0.8179509962491521,1.1063993549339004,1.0,500,50,,,,,,,,0.6
1200006,baseline_harder,Baseline harder irregularity,0.6,50,mice,MICE,0.7578917830768912,1.081997978955545,1.0,500,50,,,,,,,,0.6
1200007,baseline_harder,Baseline harder irregularity,0.6,50,mice,MICE,0.7518411028886457,1.076390895929002,1.0,500,50,,,,,,,,0.6
1200008,baseline_harder,Baseline harder irregularity,0.6,50,mice,MICE,0.7700202549801037,1.1168126194637464,1.0,500,50,,,,,,,,0.6
1200009,baseline_harder,Baseline harder irregularity,0.6,50,mice,MICE,0.7999466306873274,1.1148111688542146,1.0,500,50,,,,,,,,0.6
1200010,baseline_harder,Baseline harder irregularity,0.6,50,mice,MICE,0.7735480661719767,1.0772137778565765,1.0,500,50,,,,,,,,0.6
1200011,baseline_harder,Baseline harder irregularity,0.6,50,mice,MICE,0.7661594803439014,1.079277990066169,1.0,500,50,,,,,,,,0.6
1200012,baseline_harder,Baseline harder irregularity,0.6,50,mice,MICE,0.7681974334753275,1.0755552858054689,1.0,500,50,,,,,,,,0.6
1200013,baseline_harder,Baseline harder irregularity,0.6,50,mice,MICE,0.7468507810807314,0.9854894211731062,1.0,500,50,,,,,,,,0.6
1200014,baseline_harder,Baseline harder irregularity,0.6,50,mice,MICE,0.8283056899971709,1.1168070879285827,1.0,500,50,,,,,,,,0.6
1200015,baseline_harder,Baseline harder irregularity,0.6,50,mice,MICE,0.7826630868079097,1.154288576739254,1.0,500,50,,,,,,,,0.6
1200016,baseline_harder,Baseline harder irregularity,0.6,50,mice,MICE,0.7983415018823854,1.099079904035457,1.0,500,50,,,,,,,,0.6
1200017,baseline_harder,Baseline harder irregularity,0.6,50,mice,MICE,0.745114115601125,1.0291560494265326,1.0,500,50,,,,,,,,0.6
1200018,baseline_harder,Baseline harder irregularity,0.6,50,mice,MICE,0.7675777903236174,1.0380586940541634,1.0,500,50,,,,,,,,0.6
1200019,baseline_harder,Baseline harder irregularity,0.6,50,mice,MICE,0.8290433415421752,1.195916957312252,1.0,500,50,,,,,,,,0.6
1200020,baseline_harder,Baseline harder irregularity,0.6,50,mice,MICE,0.7869393502602647,1.118281449496361,1.0,500,50,,,,,,,,0.6
1200021,baseline_harder,Baseline harder irregularity,0.6,50,mice,MICE,0.7401011476855973,0.997789027922558,1.0,500,50,,,,,,,,0.6
1200022,baseline_harder,Baseline harder irregularity,0.6,50,mice,MICE,0.7574697466268281,1.063118196605719,1.0,500,50,,,,,,,,0.6
1200023,baseline_harder,Baseline harder irregularity,0.6,50,mice,MICE,0.7741608430286235,1.1225716120863454,1.0,500,50,,,,,,,,0.6
1200024,baseline_harder,Baseline harder irregularity,0.6,50,mice,MICE,0.7391519990190382,1.0062436928838847,1.0,500,50,,,,,,,,0.6
1200025,baseline_harder,Baseline harder irregularity,0.6,50,mice,MICE,0.7855523104102516,1.0775351491254053,1.0,500,50,,,,,,,,0.6
1200026,baseline_harder,Baseline harder irregularity,0.6,50,mice,MICE,0.7902779180264053,1.1347433877949868,1.0,500,50,,,,,,,,0.6
1200027,baseline_harder,Baseline harder irregularity,0.6,50,mice,MICE,0.7495156363791452,1.0020066539458874,1.0,500,50,,,,,,,,0.6
1200028,baseline_harder,Baseline harder irregularity,0.6,50,mice,MICE,0.8110169156851691,1.1357748937178898,1.0,500,50,,,,,,,,0.6
1200029,baseline_harder,Baseline harder irregularity,0.6,50,mice,MICE,0.7820773476491224,1.0789057701926226,1.0,500,50,,,,,,,,0.6
1200030,baseline_harder,Baseline harder irregularity,0.6,50,mice,MICE,0.7497959654714467,1.0645102702226896,1.0,500,50,,,,,,,,0.6
1200031,baseline_harder,Baseline harder irregularity,0.6,50,mice,MICE,0.7430882569136554,1.0819023235144425,1.0,500,50,,,,,,,,0.6
1200032,baseline_harder,Baseline harder irregularity,0.6,50,mice,MICE,0.7572884567479957,1.02330630204134,1.0,500,50,,,,,,,,0.6
1200033,baseline_harder,Baseline harder irregularity,0.6,50,mice,MICE,0.7743071265306826,1.1338321695067457,1.0,500,50,,,,,,,,0.6
1200034,baseline_harder,Baseline harder irregularity,0.6,50,mice,MICE,0.7665434766857114,1.0860672506247109,1.0,500,50,,,,,,,,0.6
1200035,baseline_harder,Baseline harder irregularity,0.6,50,mice,MICE,0.8126935105288378,1.0717382905565354,1.0,500,50,,,,,,,,0.6
1200036,baseline_harder,Baseline harder irregularity,0.6,50,mice,MICE,0.7629348716953291,1.0409397596063308,1.0,500,50,,,,,,,,0.6
1200037,baseline_harder,Baseline harder irregularity,0.6,50,mice,MICE,0.7158604863797774,1.042205022123649,1.0,500,50,,,,,,,,0.6
1200038,baseline_harder,Baseline harder irregularity,0.6,50,mice,MICE,0.7243083303183727,1.0017155666796165,1.0,500,50,,,,,,,,0.6
1200039,baseline_harder,Baseline harder irregularity,0.6,50,mice,MICE,0.8430987837765692,1.209990555264292,1.0,500,50,,,,,,,,0.6
1200040,baseline_harder,Baseline harder irregularity,0.6,50,mice,MICE,0.7855305224703499,1.0413286722641044,1.0,500,50,,,,,,,,0.6
1200041,baseline_harder,Baseline harder irregularity,0.6,50,mice,MICE,0.7671633155108506,1.0446258648192763,1.0,500,50,,,,,,,,0.6
1200042,baseline_harder,Baseline harder irregularity,0.6,50,mice,MICE,0.8341878722942653,1.167980646316233,1.0,500,50,,,,,,,,0.6
1200043,baseline_harder,Baseline harder irregularity,0.6,50,mice,MICE,0.7804054471916967,1.0918775500119091,1.0,500,50,,,,,,,,0.6
1200044,baseline_harder,Baseline harder irregularity,0.6,50,mice,MICE,0.7786757724416439,1.1080896202506203,1.0,500,50,,,,,,,,0.6
1200045,baseline_harder,Baseline harder irregularity,0.6,50,mice,MICE,0.7342621542306299,0.9678765112612326,1.0,500,50,,,,,,,,0.6
1200046,baseline_harder,Baseline harder irregularity,0.6,50,mice,MICE,0.8070090187989577,1.1115027493900551,1.0,500,50,,,,,,,,0.6
1200047,baseline_harder,Baseline harder irregularity,0.6,50,mice,MICE,0.7197404752305442,1.014742898393752,1.0,500,50,,,,,,,,0.6
1200048,baseline_harder,Baseline harder irregularity,0.6,50,mice,MICE,0.8085740278183913,1.1457699455735653,1.0,500,50,,,,,,,,0.6
1200049,baseline_harder,Baseline harder irregularity,0.6,50,mice,MICE,0.7803848281009037,1.1044450764145386,1.0,500,50,,,,,,,,0.6
1200050,baseline_harder,Baseline harder irregularity,0.6,50,mice,MICE,0.7615017891016567,1.0660620180730007,1.0,500,50,,,,,,,,0.6
1200051,baseline_harder,Baseline harder irregularity,0.6,50,mice,MICE,0.8285032003382728,1.183009505765563,1.0,500,50,,,,,,,,0.6
1200052,baseline_harder,Baseline harder irregularity,0.6,50,mice,MICE,0.7660132212781413,1.0275095009416204,1.0,500,50,,,,,,,,0.6
1200053,baseline_harder,Baseline harder irregularity,0.6,50,mice,MICE,0.7454765882380868,1.0435672512501917,1.0,500,50,,,,,,,,0.6
1200054,baseline_harder,Baseline harder irregularity,0.6,50,mice,MICE,0.8188494185346326,1.119392714936296,1.0,500,50,,,,,,,,0.6
1200055,baseline_harder,Baseline harder irregularity,0.6,50,mice,MICE,0.7760279261800982,1.0646537024316036,1.0,500,50,,,,,,,,0.6
1200056,baseline_harder,Baseline harder irregularity,0.6,50,mice,MICE,0.801991651313638,1.1195717333041495,1.0,500,50,,,,,,,,0.6
1200057,baseline_harder,Baseline harder irregularity,0.6,50,mice,MICE,0.8005631754416521,1.1349214692124407,1.0,500,50,,,,,,,,0.6
1200058,baseline_harder,Baseline harder irregularity,0.6,50,mice,MICE,0.7891695363518911,1.1163292086550356,1.0,500,50,,,,,,,,0.6
1200059,baseline_harder,Baseline harder irregularity,0.6,50,mice,MICE,0.7502436804906445,1.0583114353134848,1.0,500,50,,,,,,,,0.6
1200060,baseline_harder,Baseline harder irregularity,0.6,50,mice,MICE,0.7097849137884906,0.9709500575321588,1.0,500,50,,,,,,,,0.6
1200061,baseline_harder,Baseline harder irregularity,0.6,50,mice,MICE,0.7866630337963162,1.0791571896027792,1.0,500,50,,,,,,,,0.6
1200062,baseline_harder,Baseline harder irregularity,0.6,50,mice,MICE,0.7726984640774598,1.0727975822671698,1.0,500,50,,,,,,,,0.6
1200063,baseline_harder,Baseline harder irregularity,0.6,50,mice,MICE,0.8315280452188861,1.1816470233673564,1.0,500,50,,,,,,,,0.6
1200064,baseline_harder,Baseline harder irregularity,0.6,50,mice,MICE,0.8119522038017196,1.1957922175015323,1.0,500,50,,,,,,,,0.6
1200065,baseline_harder,Baseline harder irregularity,0.6,50,mice,MICE,0.7637991264994545,0.9982150521377904,1.0,500,50,,,,,,,,0.6
1200066,baseline_harder,Baseline harder irregularity,0.6,50,mice,MICE,0.7505484968630958,1.079099754157772,1.0,500,50,,,,,,,,0.6
1200067,baseline_harder,Baseline harder irregularity,0.6,50,mice,MICE,0.7954468651168982,1.110924626020381,1.0,500,50,,,,,,,,0.6
1200068,baseline_harder,Baseline harder irregularity,0.6,50,mice,MICE,0.8378418245248707,1.0369933595391896,1.0,500,50,,,,,,,,0.6
1200069,baseline_harder,Baseline harder irregularity,0.6,50,mice,MICE,0.766470339524361,1.0632886320757633,1.0,500,50,,,,,,,,0.6
1200070,baseline_harder,Baseline harder irregularity,0.6,50,mice,MICE,0.8003143180226723,1.1184155743559034,1.0,500,50,,,,,,,,0.6
1200071,baseline_harder,Baseline harder irregularity,0.6,50,mice,MICE,0.7822259911040972,1.0811047281329582,1.0,500,50,,,,,,,,0.6
1200072,baseline_harder,Baseline harder irregularity,0.6,50,mice,MICE,0.7876785714532643,1.085241918004669,1.0,500,50,,,,,,,,0.6
1200073,baseline_harder,Baseline harder irregularity,0.6,50,mice,MICE,0.7795480217870214,1.0779100972560804,1.0,500,50,,,,,,,,0.6
1200074,baseline_harder,Baseline harder irregularity,0.6,50,mice,MICE,0.8122351868794666,1.1612412094669289,1.0,500,50,,,,,,,,0.6
1200075,baseline_harder,Baseline harder irregularity,0.6,50,mice,MICE,0.7546054221735535,1.0791766494128414,1.0,500,50,,,,,,,,0.6
1200076,baseline_harder,Baseline harder irregularity,0.6,50,mice,MICE,0.7800907318983673,1.0705232457245026,1.0,500,50,,,,,,,,0.6
1200077,baseline_harder,Baseline harder irregularity,0.6,50,mice,MICE,0.8024522248863608,1.1536986941464065,1.0,500,50,,,,,,,,0.6
1200078,baseline_harder,Baseline harder irregularity,0.6,50,mice,MICE,0.7565647960141033,1.062872903637471,1.0,500,50,,,,,,,,0.6
1200079,baseline_harder,Baseline harder irregularity,0.6,50,mice,MICE,0.7495868632658274,1.019719085541707,1.0,500,50,,,,,,,,0.6
1200080,baseline_harder,Baseline harder irregularity,0.6,50,mice,MICE,0.7708986625968111,1.0681422712238176,1.0,500,50,,,,,,,,0.6
1200081,baseline_harder,Baseline harder irregularity,0.6,50,mice,MICE,0.7891393442960771,1.104673104122647,1.0,500,50,,,,,,,,0.6
1200082,baseline_harder,Baseline harder irregularity,0.6,50,mice,MICE,0.8080603118642933,1.1444491848601188,1.0,500,50,,,,,,,,0.6
1200083,baseline_harder,Baseline harder irregularity,0.6,50,mice,MICE,0.7556980520313888,1.0716965369105795,1.0,500,50,,,,,,,,0.6
1200084,baseline_harder,Baseline harder irregularity,0.6,50,mice,MICE,0.7427285224580347,1.0679654193555297,1.0,500,50,,,,,,,,0.6
1200085,baseline_harder,Baseline harder irregularity,0.6,50,mice,MICE,0.7794537917822131,1.0529426676925182,1.0,500,50,,,,,,,,0.6
1200086,baseline_harder,Baseline harder irregularity,0.6,50,mice,MICE,0.7418752242219857,0.9881252815160356,1.0,500,50,,,,,,,,0.6
1200087,baseline_harder,Baseline harder irregularity,0.6,50,mice,MICE,0.7705876037087371,1.0734598231076995,1.0,500,50,,,,,,,,0.6
1200088,baseline_harder,Baseline harder irregularity,0.6,50,mice,MICE,0.8864610129539565,1.284699106041438,1.0,500,50,,,,,,,,0.6
1200089,baseline_harder,Baseline harder irregularity,0.6,50,mice,MICE,0.8204208317499323,1.1092239573007427,1.0,500,50,,,,,,,,0.6
1200090,baseline_harder,Baseline harder irregularity,0.6,50,mice,MICE,0.7409115051338453,1.0489499744121138,1.0,500,50,,,,,,,,0.6
1200091,baseline_harder,Baseline harder irregularity,0.6,50,mice,MICE,0.7557734725602332,1.0307803697107174,1.0,500,50,,,,,,,,0.6
1200092,baseline_harder,Baseline harder irregularity,0.6,50,mice,MICE,0.8350336886130816,1.2059916996712603,1.0,500,50,,,,,,,,0.6
1200093,baseline_harder,Baseline harder irregularity,0.6,50,mice,MICE,0.7860047014394614,1.1001030894614798,1.0,500,50,,,,,,,,0.6
1200094,baseline_harder,Baseline harder irregularity,0.6,50,mice,MICE,0.793296748632845,1.0429747735565666,1.0,500,50,,,,,,,,0.6
1200095,baseline_harder,Baseline harder irregularity,0.6,50,mice,MICE,0.7829766440260021,1.0998395001967587,1.0,500,50,,,,,,,,0.6
1200096,baseline_harder,Baseline harder irregularity,0.6,50,mice,MICE,0.763361756249249,1.0964609001390873,1.0,500,50,,,,,,,,0.6
1200097,baseline_harder,Baseline harder irregularity,0.6,50,mice,MICE,0.8168425391704407,1.1631719858516314,1.0,500,50,,,,,,,,0.6
1200098,baseline_harder,Baseline harder irregularity,0.6,50,mice,MICE,0.7626225618231736,1.0419737558626452,1.0,500,50,,,,,,,,0.6
1200099,baseline_harder,Baseline harder irregularity,0.6,50,mice,MICE,0.7865590708241711,1.12245704532088,1.0,500,50,,,,,,,,0.6
1200100,baseline_harder,Baseline harder irregularity,0.6,50,mice,MICE,0.7768030222615114,1.0871535779805426,1.0,500,50,,,,,,,,0.6
1200101,baseline_harder,Baseline harder irregularity,0.6,50,mice,MICE,0.7125504072677403,1.0097135580818046,1.0,500,50,,,,,,,,0.6
1200102,baseline_harder,Baseline harder irregularity,0.6,50,mice,MICE,0.7871585028835579,1.107887684821979,1.0,500,50,,,,,,,,0.6
1200103,baseline_harder,Baseline harder irregularity,0.6,50,mice,MICE,0.8110307663100075,1.1466556454044878,1.0,500,50,,,,,,,,0.6
1200104,baseline_harder,Baseline harder irregularity,0.6,50,mice,MICE,0.8073244605038995,1.1232823686081763,1.0,500,50,,,,,,,,0.6
1200105,baseline_harder,Baseline harder irregularity,0.6,50,mice,MICE,0.7858695133588894,1.0954183653190364,1.0,500,50,,,,,,,,0.6
1200106,baseline_harder,Baseline harder irregularity,0.6,50,mice,MICE,0.8046863569524149,1.0965224597442114,1.0,500,50,,,,,,,,0.6
1200107,baseline_harder,Baseline harder irregularity,0.6,50,mice,MICE,0.802385841093729,1.1543064660312596,1.0,500,50,,,,,,,,0.6
1200108,baseline_harder,Baseline harder irregularity,0.6,50,mice,MICE,0.7181259042178357,0.97580998973234,1.0,500,50,,,,,,,,0.6
1200109,baseline_harder,Baseline harder irregularity,0.6,50,mice,MICE,0.7725459997653861,1.0570834984064057,1.0,500,50,,,,,,,,0.6
1200110,baseline_harder,Baseline harder irregularity,0.6,50,mice,MICE,0.7468178627312564,1.0175358455821046,1.0,500,50,,,,,,,,0.6
1200111,baseline_harder,Baseline harder irregularity,0.6,50,mice,MICE,0.71310059787844,0.9938195776952772,1.0,500,50,,,,,,,,0.6
1200112,baseline_harder,Baseline harder irregularity,0.6,50,mice,MICE,0.7565663691000074,1.079835141988277,1.0,500,50,,,,,,,,0.6
1200113,baseline_harder,Baseline harder irregularity,0.6,50,mice,MICE,0.7854947660800375,1.122953229486052,1.0,500,50,,,,,,,,0.6
1200114,baseline_harder,Baseline harder irregularity,0.6,50,mice,MICE,0.7904635437532688,1.1589345008851852,1.0,500,50,,,,,,,,0.6
1200115,baseline_harder,Baseline harder irregularity,0.6,50,mice,MICE,0.8004911190927038,1.1051422242302098,1.0,500,50,,,,,,,,0.6
1200116,baseline_harder,Baseline harder irregularity,0.6,50,mice,MICE,0.77221843732624,1.0790828001363304,1.0,500,50,,,,,,,,0.6
1200117,baseline_harder,Baseline harder irregularity,0.6,50,mice,MICE,0.7940518011755544,1.1247769954105469,1.0,500,50,,,,,,,,0.6
1200118,baseline_harder,Baseline harder irregularity,0.6,50,mice,MICE,0.749525383676612,1.0451493317128977,1.0,500,50,,,,,,,,0.6
1200119,baseline_harder,Baseline harder irregularity,0.6,50,mice,MICE,0.836014312757929,1.1850481714181402,1.0,500,50,,,,,,,,0.6
1200120,baseline_harder,Baseline harder irregularity,0.6,50,mice,MICE,0.7990047474223281,1.1343671243238438,1.0,500,50,,,,,,,,0.6
1200121,baseline_harder,Baseline harder irregularity,0.6,50,mice,MICE,0.7848631929832623,1.1318404086472853,1.0,500,50,,,,,,,,0.6
1200122,baseline_harder,Baseline harder irregularity,0.6,50,mice,MICE,0.7415588618150323,0.9769615952521477,1.0,500,50,,,,,,,,0.6
1200123,baseline_harder,Baseline harder irregularity,0.6,50,mice,MICE,0.7461485519606402,1.0629869881206169,1.0,500,50,,,,,,,,0.6
1200124,baseline_harder,Baseline harder irregularity,0.6,50,mice,MICE,0.7774677049753692,1.0943746385368955,1.0,500,50,,,,,,,,0.6
1200125,baseline_harder,Baseline harder irregularity,0.6,50,mice,MICE,0.7850051068944807,1.0732477835029015,1.0,500,50,,,,,,,,0.6
1200126,baseline_harder,Baseline harder irregularity,0.6,50,mice,MICE,0.8174445782773021,1.1396708319534277,1.0,500,50,,,,,,,,0.6
1200127,baseline_harder,Baseline harder irregularity,0.6,50,mice,MICE,0.8208505387502824,1.1804192551424764,1.0,500,50,,,,,,,,0.6
1200128,baseline_harder,Baseline harder irregularity,0.6,50,mice,MICE,0.787613916236524,1.139976902870225,1.0,500,50,,,,,,,,0.6
1200129,baseline_harder,Baseline harder irregularity,0.6,50,mice,MICE,0.8167123520443397,1.141030023459728,1.0,500,50,,,,,,,,0.6
1200130,baseline_harder,Baseline harder irregularity,0.6,50,mice,MICE,0.8003374922841452,1.1050951523584045,1.0,500,50,,,,,,,,0.6
1200131,baseline_harder,Baseline harder irregularity,0.6,50,mice,MICE,0.7317673910893002,0.9909324161405504,1.0,500,50,,,,,,,,0.6
1200132,baseline_harder,Baseline harder irregularity,0.6,50,mice,MICE,0.7905018902139975,1.0335171531691334,1.0,500,50,,,,,,,,0.6
1200133,baseline_harder,Baseline harder irregularity,0.6,50,mice,MICE,0.794902910016346,1.0749749915724804,1.0,500,50,,,,,,,,0.6
1200134,baseline_harder,Baseline harder irregularity,0.6,50,mice,MICE,0.7521367362686263,1.0230913378730755,1.0,500,50,,,,,,,,0.6
1200135,baseline_harder,Baseline harder irregularity,0.6,50,mice,MICE,0.7964113789448936,1.140932845995818,1.0,500,50,,,,,,,,0.6
1200136,baseline_harder,Baseline harder irregularity,0.6,50,mice,MICE,0.8230355438626058,1.182725954826065,1.0,500,50,,,,,,,,0.6
1200137,baseline_harder,Baseline harder irregularity,0.6,50,mice,MICE,0.7719840920170465,1.0448711055975066,1.0,500,50,,,,,,,,0.6
1200138,baseline_harder,Baseline harder irregularity,0.6,50,mice,MICE,0.817994432050262,1.121637430282307,1.0,500,50,,,,,,,,0.6
1200139,baseline_harder,Baseline harder irregularity,0.6,50,mice,MICE,0.8011824179405884,1.1436726980358212,1.0,500,50,,,,,,,,0.6
1200140,baseline_harder,Baseline harder irregularity,0.6,50,mice,MICE,0.7555979712901616,1.0364675027535912,1.0,500,50,,,,,,,,0.6
1200141,baseline_harder,Baseline harder irregularity,0.6,50,mice,MICE,0.7949489137197652,1.1267353029101697,1.0,500,50,,,,,,,,0.6
1200142,baseline_harder,Baseline harder irregularity,0.6,50,mice,MICE,0.7519653440652627,1.0957564545578904,1.0,500,50,,,,,,,,0.6
1200143,baseline_harder,Baseline harder irregularity,0.6,50,mice,MICE,0.8012538626298398,1.1128640979199629,1.0,500,50,,,,,,,,0.6
1200144,baseline_harder,Baseline harder irregularity,0.6,50,mice,MICE,0.7428891249128126,1.0394098640458191,1.0,500,50,,,,,,,,0.6
1200145,baseline_harder,Baseline harder irregularity,0.6,50,mice,MICE,0.8169683328806223,1.135767566398657,1.0,500,50,,,,,,,,0.6
1200146,baseline_harder,Baseline harder irregularity,0.6,50,mice,MICE,0.7821828025410295,1.0716745995935224,1.0,500,50,,,,,,,,0.6
1200147,baseline_harder,Baseline harder irregularity,0.6,50,mice,MICE,0.8580125999819243,1.200814597191829,1.0,500,50,,,,,,,,0.6
1200148,baseline_harder,Baseline harder irregularity,0.6,50,mice,MICE,0.7529910025281447,0.9837633455670424,1.0,500,50,,,,,,,,0.6
1200149,baseline_harder,Baseline harder irregularity,0.6,50,mice,MICE,0.8047718934977255,1.1470698633234304,1.0,500,50,,,,,,,,0.6
1200150,baseline_harder,Baseline harder irregularity,0.6,50,mice,MICE,0.8090965383036629,1.158451170267279,1.0,500,50,,,,,,,,0.6
1200151,baseline_harder,Baseline harder irregularity,0.6,50,mice,MICE,0.7397979873660887,1.0330330564561452,1.0,500,50,,,,,,,,0.6
1200152,baseline_harder,Baseline harder irregularity,0.6,50,mice,MICE,0.7952345824577195,1.1157834352591751,1.0,500,50,,,,,,,,0.6
1200153,baseline_harder,Baseline harder irregularity,0.6,50,mice,MICE,0.7708310627627578,1.0474734966216683,1.0,500,50,,,,,,,,0.6
1200154,baseline_harder,Baseline harder irregularity,0.6,50,mice,MICE,0.7629561733359159,1.0608474204829808,1.0,500,50,,,,,,,,0.6
1200155,baseline_harder,Baseline harder irregularity,0.6,50,mice,MICE,0.7909766408162281,1.156191072950198,1.0,500,50,,,,,,,,0.6
1200156,baseline_harder,Baseline harder irregularity,0.6,50,mice,MICE,0.7109570047437516,0.9659361707024532,1.0,500,50,,,,,,,,0.6
1200157,baseline_harder,Baseline harder irregularity,0.6,50,mice,MICE,0.7787045921821063,1.091350366748324,1.0,500,50,,,,,,,,0.6
1200158,baseline_harder,Baseline harder irregularity,0.6,50,mice,MICE,0.7565485120252736,1.0782672622581313,1.0,500,50,,,,,,,,0.6
1200159,baseline_harder,Baseline harder irregularity,0.6,50,mice,MICE,0.9008135406220495,1.351224219674899,1.0,500,50,,,,,,,,0.6
1200160,baseline_harder,Baseline harder irregularity,0.6,50,mice,MICE,0.7740246936251998,1.1049334266041615,1.0,500,50,,,,,,,,0.6
1200161,baseline_harder,Baseline harder irregularity,0.6,50,mice,MICE,0.8069294685254726,1.119044961722041,1.0,500,50,,,,,,,,0.6
1200162,baseline_harder,Baseline harder irregularity,0.6,50,mice,MICE,0.8060580140102592,1.1258070689014856,1.0,500,50,,,,,,,,0.6
1200163,baseline_harder,Baseline harder irregularity,0.6,50,mice,MICE,0.7100708381912685,1.0133216835948,1.0,500,50,,,,,,,,0.6
1200164,baseline_harder,Baseline harder irregularity,0.6,50,mice,MICE,0.7541747050059746,1.0365677640778084,1.0,500,50,,,,,,,,0.6
1200165,baseline_harder,Baseline harder irregularity,0.6,50,mice,MICE,0.7954714486355612,1.0648399507970767,1.0,500,50,,,,,,,,0.6
1200166,baseline_harder,Baseline harder irregularity,0.6,50,mice,MICE,0.7724367029521098,1.0816598856485289,1.0,500,50,,,,,,,,0.6
1200167,baseline_harder,Baseline harder irregularity,0.6,50,mice,MICE,0.7697585472811441,1.0501189236111863,1.0,500,50,,,,,,,,0.6
1200168,baseline_harder,Baseline harder irregularity,0.6,50,mice,MICE,0.735602736205295,0.9834334451883332,1.0,500,50,,,,,,,,0.6
1200169,baseline_harder,Baseline harder irregularity,0.6,50,mice,MICE,0.7933807835831321,1.157804442641012,1.0,500,50,,,,,,,,0.6
1200170,baseline_harder,Baseline harder irregularity,0.6,50,mice,MICE,0.7983191678265773,1.1589653629520469,1.0,500,50,,,,,,,,0.6
1200171,baseline_harder,Baseline harder irregularity,0.6,50,mice,MICE,0.7442862004372482,1.029076664992883,1.0,500,50,,,,,,,,0.6
1200172,baseline_harder,Baseline harder irregularity,0.6,50,mice,MICE,0.8043010013539958,1.0865348250437945,1.0,500,50,,,,,,,,0.6
1200173,baseline_harder,Baseline harder irregularity,0.6,50,mice,MICE,0.8489948859079806,1.2452424373031803,1.0,500,50,,,,,,,,0.6
1200174,baseline_harder,Baseline harder irregularity,0.6,50,mice,MICE,0.8017569639892409,1.1051506481158393,1.0,500,50,,,,,,,,0.6
1200175,baseline_harder,Baseline harder irregularity,0.6,50,mice,MICE,0.8059857688900011,1.1802746123707488,1.0,500,50,,,,,,,,0.6
1200176,baseline_harder,Baseline harder irregularity,0.6,50,mice,MICE,0.7281311012596078,1.0233920971696413,1.0,500,50,,,,,,,,0.6
1200177,baseline_harder,Baseline harder irregularity,0.6,50,mice,MICE,0.8169119887779743,1.1401723087507445,1.0,500,50,,,,,,,,0.6
1200178,baseline_harder,Baseline harder irregularity,0.6,50,mice,MICE,0.7714079426713858,1.1156198038844711,1.0,500,50,,,,,,,,0.6
1200179,baseline_harder,Baseline harder irregularity,0.6,50,mice,MICE,0.75426882448251,1.1226518968271295,1.0,500,50,,,,,,,,0.6
1200180,baseline_harder,Baseline harder irregularity,0.6,50,mice,MICE,0.7531892123514587,1.0540883846002476,1.0,500,50,,,,,,,,0.6
1200181,baseline_harder,Baseline harder irregularity,0.6,50,mice,MICE,0.825174154016742,1.2186744593926755,1.0,500,50,,,,,,,,0.6
1200182,baseline_harder,Baseline harder irregularity,0.6,50,mice,MICE,0.7722708650932586,1.1159252084032087,1.0,500,50,,,,,,,,0.6
1200183,baseline_harder,Baseline harder irregularity,0.6,50,mice,MICE,0.775497250453882,1.0869666524598425,1.0,500,50,,,,,,,,0.6
1200184,baseline_harder,Baseline harder irregularity,0.6,50,mice,MICE,0.7608345652942404,1.043223055607873,1.0,500,50,,,,,,,,0.6
1200185,baseline_harder,Baseline harder irregularity,0.6,50,mice,MICE,0.7985209106550312,1.1766499532157773,1.0,500,50,,,,,,,,0.6
1200186,baseline_harder,Baseline harder irregularity,0.6,50,mice,MICE,0.788547748506528,1.1471632813999595,1.0,500,50,,,,,,,,0.6
1200187,baseline_harder,Baseline harder irregularity,0.6,50,mice,MICE,0.759114053399844,1.0765410823618278,1.0,500,50,,,,,,,,0.6
1200188,baseline_harder,Baseline harder irregularity,0.6,50,mice,MICE,0.8021200946484336,1.087485849782972,1.0,500,50,,,,,,,,0.6
1200189,baseline_harder,Baseline harder irregularity,0.6,50,mice,MICE,0.7924966036498946,1.0922989727413264,1.0,500,50,,,,,,,,0.6
1200190,baseline_harder,Baseline harder irregularity,0.6,50,mice,MICE,0.8349766283412413,1.123352888572191,1.0,500,50,,,,,,,,0.6
1200191,baseline_harder,Baseline harder irregularity,0.6,50,mice,MICE,0.74919442996598,1.0588572029776957,1.0,500,50,,,,,,,,0.6
1200192,baseline_harder,Baseline harder irregularity,0.6,50,mice,MICE,0.7952860037318314,1.136314003512541,1.0,500,50,,,,,,,,0.6
1200193,baseline_harder,Baseline harder irregularity,0.6,50,mice,MICE,0.8220947759241918,1.1787399322921672,1.0,500,50,,,,,,,,0.6
1200194,baseline_harder,Baseline harder irregularity,0.6,50,mice,MICE,0.8332293672492903,1.1282308513996175,1.0,500,50,,,,,,,,0.6
1200195,baseline_harder,Baseline harder irregularity,0.6,50,mice,MICE,0.8687571411330988,1.2712799315915655,1.0,500,50,,,,,,,,0.6
1200196,baseline_harder,Baseline harder irregularity,0.6,50,mice,MICE,0.8055579726668212,1.1249364139369795,1.0,500,50,,,,,,,,0.6
1200197,baseline_harder,Baseline harder irregularity,0.6,50,mice,MICE,0.7400532305232447,1.054886655092488,1.0,500,50,,,,,,,,0.6
1200198,baseline_harder,Baseline harder irregularity,0.6,50,mice,MICE,0.8217835842562428,1.12198038404329,1.0,500,50,,,,,,,,0.6
1200199,baseline_harder,Baseline harder irregularity,0.6,50,mice,MICE,0.7755671506555778,1.0944200181892487,1.0,500,50,,,,,,,,0.6
1200000,baseline_harder,Baseline harder irregularity,0.6,1,full_data,Full data,0.0,0.0,1.0,500,1,,,,,,,,0.6
1200000,baseline_harder,Baseline harder irregularity,0.6,1,mean_impute,Mean imputation,0.8262248268696052,1.1573325710852918,1.0,500,1,,,,,,,,0.6
1200001,baseline_harder,Baseline harder irregularity,0.6,1,full_data,Full data,0.0,0.0,1.0,500,1,,,,,,,,0.6
1200001,baseline_harder,Baseline harder irregularity,0.6,1,mean_impute,Mean imputation,0.8625360816554024,1.2258177077010992,1.0,500,1,,,,,,,,0.6
1200002,baseline_harder,Baseline harder irregularity,0.6,1,full_data,Full data,0.0,0.0,1.0,500,1,,,,,,,,0.6
1200002,baseline_harder,Baseline harder irregularity,0.6,1,mean_impute,Mean imputation,0.8832413521605688,1.209116372597096,1.0,500,1,,,,,,,,0.6
1200003,baseline_harder,Baseline harder irregularity,0.6,1,full_data,Full data,0.0,0.0,1.0,500,1,,,,,,,,0.6
1200003,baseline_harder,Baseline harder irregularity,0.6,1,mean_impute,Mean imputation,0.8864217463455133,1.2229187831070312,1.0,500,1,,,,,,,,0.6
1200004,baseline_harder,Baseline harder irregularity,0.6,1,full_data,Full data,0.0,0.0,1.0,500,1,,,,,,,,0.6
1200004,baseline_harder,Baseline harder irregularity,0.6,1,mean_impute,Mean imputation,0.8466137017556321,1.2140087989629524,1.0,500,1,,,,,,,,0.6
1200005,baseline_harder,Baseline harder irregularity,0.6,1,full_data,Full data,0.0,0.0,1.0,500,1,,,,,,,,0.6
1200005,baseline_harder,Baseline harder irregularity,0.6,1,mean_impute,Mean imputation,0.9282578824942532,1.270126232300122,1.0,500,1,,,,,,,,0.6
1200006,baseline_harder,Baseline harder irregularity,0.6,1,full_data,Full data,0.0,0.0,1.0,500,1,,,,,,,,0.6
1200006,baseline_harder,Baseline harder irregularity,0.6,1,mean_impute,Mean imputation,0.8765431903850129,1.2452620581758786,1.0,500,1,,,,,,,,0.6
1200007,baseline_harder,Baseline harder irregularity,0.6,1,full_data,Full data,0.0,0.0,1.0,500,1,,,,,,,,0.6
1200007,baseline_harder,Baseline harder irregularity,0.6,1,mean_impute,Mean imputation,0.9046575991174944,1.2989879583959751,1.0,500,1,,,,,,,,0.6
1200008,baseline_harder,Baseline harder irregularity,0.6,1,full_data,Full data,0.0,0.0,1.0,500,1,,,,,,,,0.6
1200008,baseline_harder,Baseline harder irregularity,0.6,1,mean_impute,Mean imputation,0.8868499873554886,1.2525307297004302,1.0,500,1,,,,,,,,0.6
1200009,baseline_harder,Baseline harder irregularity,0.6,1,full_data,Full data,0.0,0.0,1.0,500,1,,,,,,,,0.6
1200009,baseline_harder,Baseline harder irregularity,0.6,1,mean_impute,Mean imputation,0.9086134151778228,1.2605757758408824,1.0,500,1,,,,,,,,0.6
1200010,baseline_harder,Baseline harder irregularity,0.6,1,full_data,Full data,0.0,0.0,1.0,500,1,,,,,,,,0.6
1200010,baseline_harder,Baseline harder irregularity,0.6,1,mean_impute,Mean imputation,0.900902768359594,1.272056468712144,1.0,500,1,,,,,,,,0.6
1200011,baseline_harder,Baseline harder irregularity,0.6,1,full_data,Full data,0.0,0.0,1.0,500,1,,,,,,,,0.6
1200011,baseline_harder,Baseline harder irregularity,0.6,1,mean_impute,Mean imputation,0.8862602155811773,1.2638354201511723,1.0,500,1,,,,,,,,0.6
1200012,baseline_harder,Baseline harder irregularity,0.6,1,full_data,Full data,0.0,0.0,1.0,500,1,,,,,,,,0.6
1200012,baseline_harder,Baseline harder irregularity,0.6,1,mean_impute,Mean imputation,0.8987912360043605,1.2688492712549928,1.0,500,1,,,,,,,,0.6
1200013,baseline_harder,Baseline harder irregularity,0.6,1,full_data,Full data,0.0,0.0,1.0,500,1,,,,,,,,0.6
1200013,baseline_harder,Baseline harder irregularity,0.6,1,mean_impute,Mean imputation,0.8772264587728084,1.1707223868228138,1.0,500,1,,,,,,,,0.6
1200014,baseline_harder,Baseline harder irregularity,0.6,1,full_data,Full data,0.0,0.0,1.0,500,1,,,,,,,,0.6
1200014,baseline_harder,Baseline harder irregularity,0.6,1,mean_impute,Mean imputation,0.888530267166854,1.215134543345992,1.0,500,1,,,,,,,,0.6
1200015,baseline_harder,Baseline harder irregularity,0.6,1,full_data,Full data,0.0,0.0,1.0,500,1,,,,,,,,0.6
1200015,baseline_harder,Baseline harder irregularity,0.6,1,mean_impute,Mean imputation,0.8555194823243516,1.2250520832100995,1.0,500,1,,,,,,,,0.6
1200016,baseline_harder,Baseline harder irregularity,0.6,1,full_data,Full data,0.0,0.0,1.0,500,1,,,,,,,,0.6
1200016,baseline_harder,Baseline harder irregularity,0.6,1,mean_impute,Mean imputation,0.9372483905838253,1.280082737485334,1.0,500,1,,,,,,,,0.6
1200017,baseline_harder,Baseline harder irregularity,0.6,1,full_data,Full data,0.0,0.0,1.0,500,1,,,,,,,,0.6
1200017,baseline_harder,Baseline harder irregularity,0.6,1,mean_impute,Mean imputation,0.8542789704904469,1.1955620421956428,1.0,500,1,,,,,,,,0.6
1200018,baseline_harder,Baseline harder irregularity,0.6,1,full_data,Full data,0.0,0.0,1.0,500,1,,,,,,,,0.6
1200018,baseline_harder,Baseline harder irregularity,0.6,1,mean_impute,Mean imputation,0.8803222956882726,1.2148875005293034,1.0,500,1,,,,,,,,0.6
1200019,baseline_harder,Baseline harder irregularity,0.6,1,full_data,Full data,0.0,0.0,1.0,500,1,,,,,,,,0.6
1200019,baseline_harder,Baseline harder irregularity,0.6,1,mean_impute,Mean imputation,0.892791138684567,1.2702750405828025,1.0,500,1,,,,,,,,0.6
1200020,baseline_harder,Baseline harder irregularity,0.6,1,full_data,Full data,0.0,0.0,1.0,500,1,,,,,,,,0.6
1200020,baseline_harder,Baseline harder irregularity,0.6,1,mean_impute,Mean imputation,0.9138014535409128,1.2278462582818328,1.0,500,1,,,,,,,,0.6
1200021,baseline_harder,Baseline harder irregularity,0.6,1,full_data,Full data,0.0,0.0,1.0,500,1,,,,,,,,0.6
1200021,baseline_harder,Baseline harder irregularity,0.6,1,mean_impute,Mean imputation,0.8633867866227496,1.1694288208105816,1.0,500,1,,,,,,,,0.6
1200022,baseline_harder,Baseline harder irregularity,0.6,1,full_data,Full data,0.0,0.0,1.0,500,1,,,,,,,,0.6
1200022,baseline_harder,Baseline harder irregularity,0.6,1,mean_impute,Mean imputation,0.8928145068293099,1.2548485527529232,1.0,500,1,,,,,,,,0.6
1200023,baseline_harder,Baseline harder irregularity,0.6,1,full_data,Full data,0.0,0.0,1.0,500,1,,,,,,,,0.6
1200023,baseline_harder,Baseline harder irregularity,0.6,1,mean_impute,Mean imputation,0.8615912980476786,1.2382796784982288,1.0,500,1,,,,,,,,0.6
1200024,baseline_harder,Baseline harder irregularity,0.6,1,full_data,Full data,0.0,0.0,1.0,500,1,,,,,,,,0.6
1200024,baseline_harder,Baseline harder irregularity,0.6,1,mean_impute,Mean imputation,0.8634188868999655,1.2029401853140569,1.0,500,1,,,,,,,,0.6
1200025,baseline_harder,Baseline harder irregularity,0.6,1,full_data,Full data,0.0,0.0,1.0,500,1,,,,,,,,0.6
1200025,baseline_harder,Baseline harder irregularity,0.6,1,mean_impute,Mean imputation,0.9110911246410884,1.2410246508135176,1.0,500,1,,,,,,,,0.6
1200026,baseline_harder,Baseline harder irregularity,0.6,1,full_data,Full data,0.0,0.0,1.0,500,1,,,,,,,,0.6
1200026,baseline_harder,Baseline harder irregularity,0.6,1,mean_impute,Mean imputation,0.8524570722908028,1.2208679307365888,1.0,500,1,,,,,,,,0.6
1200027,baseline_harder,Baseline harder irregularity,0.6,1,full_data,Full data,0.0,0.0,1.0,500,1,,,,,,,,0.6
1200027,baseline_harder,Baseline harder irregularity,0.6,1,mean_impute,Mean imputation,0.8948050026658714,1.2654130807857469,1.0,500,1,,,,,,,,0.6
1200028,baseline_harder,Baseline harder irregularity,0.6,1,full_data,Full data,0.0,0.0,1.0,500,1,,,,,,,,0.6
1200028,baseline_harder,Baseline harder irregularity,0.6,1,mean_impute,Mean imputation,0.8933485896024577,1.2461177640472296,1.0,500,1,,,,,,,,0.6
1200029,baseline_harder,Baseline harder irregularity,0.6,1,full_data,Full data,0.0,0.0,1.0,500,1,,,,,,,,0.6
1200029,baseline_harder,Baseline harder irregularity,0.6,1,mean_impute,Mean imputation,0.875228160825875,1.2074314442466405,1.0,500,1,,,,,,,,0.6
1200030,baseline_harder,Baseline harder irregularity,0.6,1,full_data,Full data,0.0,0.0,1.0,500,1,,,,,,,,0.6
1200030,baseline_harder,Baseline harder irregularity,0.6,1,mean_impute,Mean imputation,0.853499947212408,1.205976510589792,1.0,500,1,,,,,,,,0.6
1200031,baseline_harder,Baseline harder irregularity,0.6,1,full_data,Full data,0.0,0.0,1.0,500,1,,,,,,,,0.6
1200031,baseline_harder,Baseline harder irregularity,0.6,1,mean_impute,Mean imputation,0.8712148458946942,1.2325403174449978,1.0,500,1,,,,,,,,0.6
1200032,baseline_harder,Baseline harder irregularity,0.6,1,full_data,Full data,0.0,0.0,1.0,500,1,,,,,,,,0.6
1200032,baseline_harder,Baseline harder irregularity,0.6,1,mean_impute,Mean imputation,0.869259046272506,1.2082317674907512,1.0,500,1,,,,,,,,0.6
1200033,baseline_harder,Baseline harder irregularity,0.6,1,full_data,Full data,0.0,0.0,1.0,500,1,,,,,,,,0.6
1200033,baseline_harder,Baseline harder irregularity,0.6,1,mean_impute,Mean imputation,0.889002685322192,1.2639249166505,1.0,500,1,,,,,,,,0.6
1200034,baseline_harder,Baseline harder irregularity,0.6,1,full_data,Full data,0.0,0.0,1.0,500,1,,,,,,,,0.6
1200034,baseline_harder,Baseline harder irregularity,0.6,1,mean_impute,Mean imputation,0.8692545186960071,1.20022652420806,1.0,500,1,,,,,,,,0.6
1200035,baseline_harder,Baseline harder irregularity,0.6,1,full_data,Full data,0.0,0.0,1.0,500,1,,,,,,,,0.6
1200035,baseline_harder,Baseline harder irregularity,0.6,1,mean_impute,Mean imputation,0.9212909841903562,1.255522936424338,1.0,500,1,,,,,,,,0.6
1200036,baseline_harder,Baseline harder irregularity,0.6,1,full_data,Full data,0.0,0.0,1.0,500,1,,,,,,,,0.6
1200036,baseline_harder,Baseline harder irregularity,0.6,1,mean_impute,Mean imputation,0.9205798736120012,1.2829698049689993,1.0,500,1,,,,,,,,0.6
1200037,baseline_harder,Baseline harder irregularity,0.6,1,full_data,Full data,0.0,0.0,1.0,500,1,,,,,,,,0.6
1200037,baseline_harder,Baseline harder irregularity,0.6,1,mean_impute,Mean imputation,0.8405187682615429,1.2190913147272264,1.0,500,1,,,,,,,,0.6
1200038,baseline_harder,Baseline harder irregularity,0.6,1,full_data,Full data,0.0,0.0,1.0,500,1,,,,,,,,0.6
1200038,baseline_harder,Baseline harder irregularity,0.6,1,mean_impute,Mean imputation,0.8776201129265084,1.2227695926320046,1.0,500,1,,,,,,,,0.6
1200039,baseline_harder,Baseline harder irregularity,0.6,1,full_data,Full data,0.0,0.0,1.0,500,1,,,,,,,,0.6
1200039,baseline_harder,Baseline harder irregularity,0.6,1,mean_impute,Mean imputation,0.9386251735818694,1.3186990664122864,1.0,500,1,,,,,,,,0.6
1200040,baseline_harder,Baseline harder irregularity,0.6,1,full_data,Full data,0.0,0.0,1.0,500,1,,,,,,,,0.6
1200040,baseline_harder,Baseline harder irregularity,0.6,1,mean_impute,Mean imputation,0.897191190888382,1.2472758920246607,1.0,500,1,,,,,,,,0.6
1200041,baseline_harder,Baseline harder irregularity,0.6,1,full_data,Full data,0.0,0.0,1.0,500,1,,,,,,,,0.6
1200041,baseline_harder,Baseline harder irregularity,0.6,1,mean_impute,Mean imputation,0.9042142077022312,1.2596970825718348,1.0,500,1,,,,,,,,0.6
1200042,baseline_harder,Baseline harder irregularity,0.6,1,full_data,Full data,0.0,0.0,1.0,500,1,,,,,,,,0.6
1200042,baseline_harder,Baseline harder irregularity,0.6,1,mean_impute,Mean imputation,0.967051902082954,1.3435888430263032,1.0,500,1,,,,,,,,0.6
1200043,baseline_harder,Baseline harder irregularity,0.6,1,full_data,Full data,0.0,0.0,1.0,500,1,,,,,,,,0.6
1200043,baseline_harder,Baseline harder irregularity,0.6,1,mean_impute,Mean imputation,0.9272658544747856,1.2946432497196203,1.0,500,1,,,,,,,,0.6
1200044,baseline_harder,Baseline harder irregularity,0.6,1,full_data,Full data,0.0,0.0,1.0,500,1,,,,,,,,0.6
1200044,baseline_harder,Baseline harder irregularity,0.6,1,mean_impute,Mean imputation,0.8946659478099667,1.2619357842823933,1.0,500,1,,,,,,,,0.6
1200045,baseline_harder,Baseline harder irregularity,0.6,1,full_data,Full data,0.0,0.0,1.0,500,1,,,,,,,,0.6
1200045,baseline_harder,Baseline harder irregularity,0.6,1,mean_impute,Mean imputation,0.8598491689356493,1.1803650106769663,1.0,500,1,,,,,,,,0.6
1200046,baseline_harder,Baseline harder irregularity,0.6,1,full_data,Full data,0.0,0.0,1.0,500,1,,,,,,,,0.6
1200046,baseline_harder,Baseline harder irregularity,0.6,1,mean_impute,Mean imputation,0.9097807294112632,1.2931956356388608,1.0,500,1,,,,,,,,0.6
1200047,baseline_harder,Baseline harder irregularity,0.6,1,full_data,Full data,0.0,0.0,1.0,500,1,,,,,,,,0.6
1200047,baseline_harder,Baseline harder irregularity,0.6,1,mean_impute,Mean imputation,0.8711019554926409,1.2210099284998737,1.0,500,1,,,,,,,,0.6
1200048,baseline_harder,Baseline harder irregularity,0.6,1,full_data,Full data,0.0,0.0,1.0,500,1,,,,,,,,0.6
1200048,baseline_harder,Baseline harder irregularity,0.6,1,mean_impute,Mean imputation,0.914111199955961,1.2802490480020663,1.0,500,1,,,,,,,,0.6
1200049,baseline_harder,Baseline harder irregularity,0.6,1,full_data,Full data,0.0,0.0,1.0,500,1,,,,,,,,0.6
1200049,baseline_harder,Baseline harder irregularity,0.6,1,mean_impute,Mean imputation,0.9098351502645576,1.2790918340900692,1.0,500,1,,,,,,,,0.6
1200050,baseline_harder,Baseline harder irregularity,0.6,1,full_data,Full data,0.0,0.0,1.0,500,1,,,,,,,,0.6
1200050,baseline_harder,Baseline harder irregularity,0.6,1,mean_impute,Mean imputation,0.8880810985325367,1.2527352502047482,1.0,500,1,,,,,,,,0.6
1200051,baseline_harder,Baseline harder irregularity,0.6,1,full_data,Full data,0.0,0.0,1.0,500,1,,,,,,,,0.6
1200051,baseline_harder,Baseline harder irregularity,0.6,1,mean_impute,Mean imputation,0.8959626423055852,1.2622414907088355,1.0,500,1,,,,,,,,0.6
1200052,baseline_harder,Baseline harder irregularity,0.6,1,full_data,Full data,0.0,0.0,1.0,500,1,,,,,,,,0.6
1200052,baseline_harder,Baseline harder irregularity,0.6,1,mean_impute,Mean imputation,0.917690362376161,1.2587000971070093,1.0,500,1,,,,,,,,0.6
1200053,baseline_harder,Baseline harder irregularity,0.6,1,full_data,Full data,0.0,0.0,1.0,500,1,,,,,,,,0.6
1200053,baseline_harder,Baseline harder irregularity,0.6,1,mean_impute,Mean imputation,0.937788974830627,1.3103829046955744,1.0,500,1,,,,,,,,0.6
1200054,baseline_harder,Baseline harder irregularity,0.6,1,full_data,Full data,0.0,0.0,1.0,500,1,,,,,,,,0.6
1200054,baseline_harder,Baseline harder irregularity,0.6,1,mean_impute,Mean imputation,0.9092343692813818,1.2548566432944483,1.0,500,1,,,,,,,,0.6
1200055,baseline_harder,Baseline harder irregularity,0.6,1,full_data,Full data,0.0,0.0,1.0,500,1,,,,,,,,0.6
1200055,baseline_harder,Baseline harder irregularity,0.6,1,mean_impute,Mean imputation,0.904284146961198,1.2396454191640838,1.0,500,1,,,,,,,,0.6
1200056,baseline_harder,Baseline harder irregularity,0.6,1,full_data,Full data,0.0,0.0,1.0,500,1,,,,,,,,0.6
1200056,baseline_harder,Baseline harder irregularity,0.6,1,mean_impute,Mean imputation,0.913590467165458,1.2795982277299538,1.0,500,1,,,,,,,,0.6
1200057,baseline_harder,Baseline harder irregularity,0.6,1,full_data,Full data,0.0,0.0,1.0,500,1,,,,,,,,0.6
1200057,baseline_harder,Baseline harder irregularity,0.6,1,mean_impute,Mean imputation,0.9538747271430338,1.352760143120168,1.0,500,1,,,,,,,,0.6
1200058,baseline_harder,Baseline harder irregularity,0.6,1,full_data,Full data,0.0,0.0,1.0,500,1,,,,,,,,0.6
1200058,baseline_harder,Baseline harder irregularity,0.6,1,mean_impute,Mean imputation,0.9013599156567528,1.2833970468671396,1.0,500,1,,,,,,,,0.6
1200059,baseline_harder,Baseline harder irregularity,0.6,1,full_data,Full data,0.0,0.0,1.0,500,1,,,,,,,,0.6
1200059,baseline_harder,Baseline harder irregularity,0.6,1,mean_impute,Mean imputation,0.8834481893346579,1.2540387114896367,1.0,500,1,,,,,,,,0.6
1200060,baseline_harder,Baseline harder irregularity,0.6,1,full_data,Full data,0.0,0.0,1.0,500,1,,,,,,,,0.6
1200060,baseline_harder,Baseline harder irregularity,0.6,1,mean_impute,Mean imputation,0.8126535035554697,1.1292949330533055,1.0,500,1,,,,,,,,0.6
1200061,baseline_harder,Baseline harder irregularity,0.6,1,full_data,Full data,0.0,0.0,1.0,500,1,,,,,,,,0.6
1200061,baseline_harder,Baseline harder irregularity,0.6,1,mean_impute,Mean imputation,0.8933542378030236,1.2581632883741471,1.0,500,1,,,,,,,,0.6
1200062,baseline_harder,Baseline harder irregularity,0.6,1,full_data,Full data,0.0,0.0,1.0,500,1,,,,,,,,0.6
1200062,baseline_harder,Baseline harder irregularity,0.6,1,mean_impute,Mean imputation,0.8698559909103812,1.23068574123939,1.0,500,1,,,,,,,,0.6
1200063,baseline_harder,Baseline harder irregularity,0.6,1,full_data,Full data,0.0,0.0,1.0,500,1,,,,,,,,0.6
1200063,baseline_harder,Baseline harder irregularity,0.6,1,mean_impute,Mean imputation,0.9412481171731574,1.2913896875971254,1.0,500,1,,,,,,,,0.6
1200064,baseline_harder,Baseline harder irregularity,0.6,1,full_data,Full data,0.0,0.0,1.0,500,1,,,,,,,,0.6
1200064,baseline_harder,Baseline harder irregularity,0.6,1,mean_impute,Mean imputation,0.9218887653333654,1.3011969865741153,1.0,500,1,,,,,,,,0.6
1200065,baseline_harder,Baseline harder irregularity,0.6,1,full_data,Full data,0.0,0.0,1.0,500,1,,,,,,,,0.6
1200065,baseline_harder,Baseline harder irregularity,0.6,1,mean_impute,Mean imputation,0.9056058718939444,1.264716108967676,1.0,500,1,,,,,,,,0.6
1200066,baseline_harder,Baseline harder irregularity,0.6,1,full_data,Full data,0.0,0.0,1.0,500,1,,,,,,,,0.6
1200066,baseline_harder,Baseline harder irregularity,0.6,1,mean_impute,Mean imputation,0.8629831111421636,1.21162912882833,1.0,500,1,,,,,,,,0.6
1200067,baseline_harder,Baseline harder irregularity,0.6,1,full_data,Full data,0.0,0.0,1.0,500,1,,,,,,,,0.6
1200067,baseline_harder,Baseline harder irregularity,0.6,1,mean_impute,Mean imputation,0.9053084436227424,1.2641385072313562,1.0,500,1,,,,,,,,0.6
1200068,baseline_harder,Baseline harder irregularity,0.6,1,full_data,Full data,0.0,0.0,1.0,500,1,,,,,,,,0.6
1200068,baseline_harder,Baseline harder irregularity,0.6,1,mean_impute,Mean imputation,0.93767634256738,1.257094914313638,1.0,500,1,,,,,,,,0.6
1200069,baseline_harder,Baseline harder irregularity,0.6,1,full_data,Full data,0.0,0.0,1.0,500,1,,,,,,,,0.6
1200069,baseline_harder,Baseline harder irregularity,0.6,1,mean_impute,Mean imputation,0.944700279832355,1.348842339659135,1.0,500,1,,,,,,,,0.6
1200070,baseline_harder,Baseline harder irregularity,0.6,1,full_data,Full data,0.0,0.0,1.0,500,1,,,,,,,,0.6
1200070,baseline_harder,Baseline harder irregularity,0.6,1,mean_impute,Mean imputation,0.905736572654158,1.2613313378395368,1.0,500,1,,,,,,,,0.6
1200071,baseline_harder,Baseline harder irregularity,0.6,1,full_data,Full data,0.0,0.0,1.0,500,1,,,,,,,,0.6
1200071,baseline_harder,Baseline harder irregularity,0.6,1,mean_impute,Mean imputation,0.8634859275216632,1.2067640661759045,1.0,500,1,,,,,,,,0.6
1200072,baseline_harder,Baseline harder irregularity,0.6,1,full_data,Full data,0.0,0.0,1.0,500,1,,,,,,,,0.6
1200072,baseline_harder,Baseline harder irregularity,0.6,1,mean_impute,Mean imputation,0.8459093684629821,1.1806150515497915,1.0,500,1,,,,,,,,0.6
1200073,baseline_harder,Baseline harder irregularity,0.6,1,full_data,Full data,0.0,0.0,1.0,500,1,,,,,,,,0.6
1200073,baseline_harder,Baseline harder irregularity,0.6,1,mean_impute,Mean imputation,0.9011366682075528,1.2450054464289375,1.0,500,1,,,,,,,,0.6
1200074,baseline_harder,Baseline harder irregularity,0.6,1,full_data,Full data,0.0,0.0,1.0,500,1,,,,,,,,0.6
1200074,baseline_harder,Baseline harder irregularity,0.6,1,mean_impute,Mean imputation,0.9031165723684524,1.2776885688673578,1.0,500,1,,,,,,,,0.6
1200075,baseline_harder,Baseline harder irregularity,0.6,1,full_data,Full data,0.0,0.0,1.0,500,1,,,,,,,,0.6
1200075,baseline_harder,Baseline harder irregularity,0.6,1,mean_impute,Mean imputation,0.8743625547816525,1.2429676285190552,1.0,500,1,,,,,,,,0.6
1200076,baseline_harder,Baseline harder irregularity,0.6,1,full_data,Full data,0.0,0.0,1.0,500,1,,,,,,,,0.6
1200076,baseline_harder,Baseline harder irregularity,0.6,1,mean_impute,Mean imputation,0.8821200890880011,1.2156424146215334,1.0,500,1,,,,,,,,0.6
1200077,baseline_harder,Baseline harder irregularity,0.6,1,full_data,Full data,0.0,0.0,1.0,500,1,,,,,,,,0.6
1200077,baseline_harder,Baseline harder irregularity,0.6,1,mean_impute,Mean imputation,0.8910508408004715,1.2770597138406554,1.0,500,1,,,,,,,,0.6
1200078,baseline_harder,Baseline harder irregularity,0.6,1,full_data,Full data,0.0,0.0,1.0,500,1,,,,,,,,0.6
1200078,baseline_harder,Baseline harder irregularity,0.6,1,mean_impute,Mean imputation,0.8828414803367988,1.2295923717388826,1.0,500,1,,,,,,,,0.6
1200079,baseline_harder,Baseline harder irregularity,0.6,1,full_data,Full data,0.0,0.0,1.0,500,1,,,,,,,,0.6
1200079,baseline_harder,Baseline harder irregularity,0.6,1,mean_impute,Mean imputation,0.9210984681161856,1.2715982462685942,1.0,500,1,,,,,,,,0.6
1200080,baseline_harder,Baseline harder irregularity,0.6,1,full_data,Full data,0.0,0.0,1.0,500,1,,,,,,,,0.6
1200080,baseline_harder,Baseline harder irregularity,0.6,1,mean_impute,Mean imputation,0.8970170020666511,1.2700330006139269,1.0,500,1,,,,,,,,0.6
1200081,baseline_harder,Baseline harder irregularity,0.6,1,full_data,Full data,0.0,0.0,1.0,500,1,,,,,,,,0.6
1200081,baseline_harder,Baseline harder irregularity,0.6,1,mean_impute,Mean imputation,0.9336994389391906,1.299926040850633,1.0,500,1,,,,,,,,0.6
1200082,baseline_harder,Baseline harder irregularity,0.6,1,full_data,Full data,0.0,0.0,1.0,500,1,,,,,,,,0.6
1200082,baseline_harder,Baseline harder irregularity,0.6,1,mean_impute,Mean imputation,0.9466091221149538,1.3276375314103117,1.0,500,1,,,,,,,,0.6
1200083,baseline_harder,Baseline harder irregularity,0.6,1,full_data,Full data,0.0,0.0,1.0,500,1,,,,,,,,0.6
1200083,baseline_harder,Baseline harder irregularity,0.6,1,mean_impute,Mean imputation,0.8816199125995376,1.2375840121158717,1.0,500,1,,,,,,,,0.6
1200084,baseline_harder,Baseline harder irregularity,0.6,1,full_data,Full data,0.0,0.0,1.0,500,1,,,,,,,,0.6
1200084,baseline_harder,Baseline harder irregularity,0.6,1,mean_impute,Mean imputation,0.8801986287828282,1.2347937267396052,1.0,500,1,,,,,,,,0.6
1200085,baseline_harder,Baseline harder irregularity,0.6,1,full_data,Full data,0.0,0.0,1.0,500,1,,,,,,,,0.6
1200085,baseline_harder,Baseline harder irregularity,0.6,1,mean_impute,Mean imputation,0.8762232500426076,1.2063945448522773,1.0,500,1,,,,,,,,0.6
1200086,baseline_harder,Baseline harder irregularity,0.6,1,full_data,Full data,0.0,0.0,1.0,500,1,,,,,,,,0.6
1200086,baseline_harder,Baseline harder irregularity,0.6,1,mean_impute,Mean imputation,0.8671293777970612,1.1800474834952095,1.0,500,1,,,,,,,,0.6
1200087,baseline_harder,Baseline harder irregularity,0.6,1,full_data,Full data,0.0,0.0,1.0,500,1,,,,,,,,0.6
1200087,baseline_harder,Baseline harder irregularity,0.6,1,mean_impute,Mean imputation,0.8782113974881114,1.2139495694624016,1.0,500,1,,,,,,,,0.6
1200088,baseline_harder,Baseline harder irregularity,0.6,1,full_data,Full data,0.0,0.0,1.0,500,1,,,,,,,,0.6
1200088,baseline_harder,Baseline harder irregularity,0.6,1,mean_impute,Mean imputation,0.9265088932457306,1.2838868032020576,1.0,500,1,,,,,,,,0.6
1200089,baseline_harder,Baseline harder irregularity,0.6,1,full_data,Full data,0.0,0.0,1.0,500,1,,,,,,,,0.6
1200089,baseline_harder,Baseline harder irregularity,0.6,1,mean_impute,Mean imputation,0.9059402736099632,1.255032722886635,1.0,500,1,,,,,,,,0.6
1200090,baseline_harder,Baseline harder irregularity,0.6,1,full_data,Full data,0.0,0.0,1.0,500,1,,,,,,,,0.6
1200090,baseline_harder,Baseline harder irregularity,0.6,1,mean_impute,Mean imputation,0.9095500535853398,1.3019756879203117,1.0,500,1,,,,,,,,0.6
1200091,baseline_harder,Baseline harder irregularity,0.6,1,full_data,Full data,0.0,0.0,1.0,500,1,,,,,,,,0.6
1200091,baseline_harder,Baseline harder irregularity,0.6,1,mean_impute,Mean imputation,0.8806079424423562,1.22329204132768,1.0,500,1,,,,,,,,0.6
1200092,baseline_harder,Baseline harder irregularity,0.6,1,full_data,Full data,0.0,0.0,1.0,500,1,,,,,,,,0.6
1200092,baseline_harder,Baseline harder irregularity,0.6,1,mean_impute,Mean imputation,0.932018579541174,1.313101181187046,1.0,500,1,,,,,,,,0.6
1200093,baseline_harder,Baseline harder irregularity,0.6,1,full_data,Full data,0.0,0.0,1.0,500,1,,,,,,,,0.6
1200093,baseline_harder,Baseline harder irregularity,0.6,1,mean_impute,Mean imputation,0.8853488909571325,1.2302270476969472,1.0,500,1,,,,,,,,0.6
1200094,baseline_harder,Baseline harder irregularity,0.6,1,full_data,Full data,0.0,0.0,1.0,500,1,,,,,,,,0.6
1200094,baseline_harder,Baseline harder irregularity,0.6,1,mean_impute,Mean imputation,0.8756998537782497,1.2041621831134337,1.0,500,1,,,,,,,,0.6
1200095,baseline_harder,Baseline harder irregularity,0.6,1,full_data,Full data,0.0,0.0,1.0,500,1,,,,,,,,0.6
1200095,baseline_harder,Baseline harder irregularity,0.6,1,mean_impute,Mean imputation,0.8712211203298328,1.2095072510416356,1.0,500,1,,,,,,,,0.6
1200096,baseline_harder,Baseline harder irregularity,0.6,1,full_data,Full data,0.0,0.0,1.0,500,1,,,,,,,,0.6
1200096,baseline_harder,Baseline harder irregularity,0.6,1,mean_impute,Mean imputation,0.8769956069424135,1.2527224240044346,1.0,500,1,,,,,,,,0.6
1200097,baseline_harder,Baseline harder irregularity,0.6,1,full_data,Full data,0.0,0.0,1.0,500,1,,,,,,,,0.6
1200097,baseline_harder,Baseline harder irregularity,0.6,1,mean_impute,Mean imputation,0.9508719958626072,1.3156251613439256,1.0,500,1,,,,,,,,0.6
1200098,baseline_harder,Baseline harder irregularity,0.6,1,full_data,Full data,0.0,0.0,1.0,500,1,,,,,,,,0.6
1200098,baseline_harder,Baseline harder irregularity,0.6,1,mean_impute,Mean imputation,0.8918035584839432,1.2404568134066796,1.0,500,1,,,,,,,,0.6
1200099,baseline_harder,Baseline harder irregularity,0.6,1,full_data,Full data,0.0,0.0,1.0,500,1,,,,,,,,0.6
1200099,baseline_harder,Baseline harder irregularity,0.6,1,mean_impute,Mean imputation,0.8965072545423437,1.2539826310093074,1.0,500,1,,,,,,,,0.6
1200100,baseline_harder,Baseline harder irregularity,0.6,1,full_data,Full data,0.0,0.0,1.0,500,1,,,,,,,,0.6
1200100,baseline_harder,Baseline harder irregularity,0.6,1,mean_impute,Mean imputation,0.8792421728719539,1.225832306732859,1.0,500,1,,,,,,,,0.6
1200101,baseline_harder,Baseline harder irregularity,0.6,1,full_data,Full data,0.0,0.0,1.0,500,1,,,,,,,,0.6
1200101,baseline_harder,Baseline harder irregularity,0.6,1,mean_impute,Mean imputation,0.8348873713010911,1.1849078299027724,1.0,500,1,,,,,,,,0.6
1200102,baseline_harder,Baseline harder irregularity,0.6,1,full_data,Full data,0.0,0.0,1.0,500,1,,,,,,,,0.6
1200102,baseline_harder,Baseline harder irregularity,0.6,1,mean_impute,Mean imputation,0.8991047910470903,1.2662829666824036,1.0,500,1,,,,,,,,0.6
1200103,baseline_harder,Baseline harder irregularity,0.6,1,full_data,Full data,0.0,0.0,1.0,500,1,,,,,,,,0.6
1200103,baseline_harder,Baseline harder irregularity,0.6,1,mean_impute,Mean imputation,0.902271001537358,1.275399423026765,1.0,500,1,,,,,,,,0.6
1200104,baseline_harder,Baseline harder irregularity,0.6,1,full_data,Full data,0.0,0.0,1.0,500,1,,,,,,,,0.6
1200104,baseline_harder,Baseline harder irregularity,0.6,1,mean_impute,Mean imputation,0.9251365359694408,1.3032736967314034,1.0,500,1,,,,,,,,0.6
1200105,baseline_harder,Baseline harder irregularity,0.6,1,full_data,Full data,0.0,0.0,1.0,500,1,,,,,,,,0.6
1200105,baseline_harder,Baseline harder irregularity,0.6,1,mean_impute,Mean imputation,0.8768753554120804,1.2457895937161811,1.0,500,1,,,,,,,,0.6
1200106,baseline_harder,Baseline harder irregularity,0.6,1,full_data,Full data,0.0,0.0,1.0,500,1,,,,,,,,0.6
1200106,baseline_harder,Baseline harder irregularity,0.6,1,mean_impute,Mean imputation,0.9264186929979792,1.2682950284101648,1.0,500,1,,,,,,,,0.6
1200107,baseline_harder,Baseline harder irregularity,0.6,1,full_data,Full data,0.0,0.0,1.0,500,1,,,,,,,,0.6
1200107,baseline_harder,Baseline harder irregularity,0.6,1,mean_impute,Mean imputation,0.8831229588369787,1.2784750992232412,1.0,500,1,,,,,,,,0.6
1200108,baseline_harder,Baseline harder irregularity,0.6,1,full_data,Full data,0.0,0.0,1.0,500,1,,,,,,,,0.6
1200108,baseline_harder,Baseline harder irregularity,0.6,1,mean_impute,Mean imputation,0.8686981013252498,1.1835755180983158,1.0,500,1,,,,,,,,0.6
1200109,baseline_harder,Baseline harder irregularity,0.6,1,full_data,Full data,0.0,0.0,1.0,500,1,,,,,,,,0.6
1200109,baseline_harder,Baseline harder irregularity,0.6,1,mean_impute,Mean imputation,0.8855317401935033,1.2311717157163178,1.0,500,1,,,,,,,,0.6
1200110,baseline_harder,Baseline harder irregularity,0.6,1,full_data,Full data,0.0,0.0,1.0,500,1,,,,,,,,0.6
1200110,baseline_harder,Baseline harder irregularity,0.6,1,mean_impute,Mean imputation,0.8464126840781662,1.1734562158575248,1.0,500,1,,,,,,,,0.6
1200111,baseline_harder,Baseline harder irregularity,0.6,1,full_data,Full data,0.0,0.0,1.0,500,1,,,,,,,,0.6
1200111,baseline_harder,Baseline harder irregularity,0.6,1,mean_impute,Mean imputation,0.8851414705731443,1.2454337646434703,1.0,500,1,,,,,,,,0.6
1200112,baseline_harder,Baseline harder irregularity,0.6,1,full_data,Full data,0.0,0.0,1.0,500,1,,,,,,,,0.6
1200112,baseline_harder,Baseline harder irregularity,0.6,1,mean_impute,Mean imputation,0.8717082594988983,1.24505451895563,1.0,500,1,,,,,,,,0.6
1200113,baseline_harder,Baseline harder irregularity,0.6,1,full_data,Full data,0.0,0.0,1.0,500,1,,,,,,,,0.6
1200113,baseline_harder,Baseline harder irregularity,0.6,1,mean_impute,Mean imputation,0.9067987333712398,1.2990187840363852,1.0,500,1,,,,,,,,0.6
1200114,baseline_harder,Baseline harder irregularity,0.6,1,full_data,Full data,0.0,0.0,1.0,500,1,,,,,,,,0.6
1200114,baseline_harder,Baseline harder irregularity,0.6,1,mean_impute,Mean imputation,0.8983213391628692,1.2657565263782644,1.0,500,1,,,,,,,,0.6
1200115,baseline_harder,Baseline harder irregularity,0.6,1,full_data,Full data,0.0,0.0,1.0,500,1,,,,,,,,0.6
1200115,baseline_harder,Baseline harder irregularity,0.6,1,mean_impute,Mean imputation,0.924950283971742,1.298797021361424,1.0,500,1,,,,,,,,0.6
1200116,baseline_harder,Baseline harder irregularity,0.6,1,full_data,Full data,0.0,0.0,1.0,500,1,,,,,,,,0.6
1200116,baseline_harder,Baseline harder irregularity,0.6,1,mean_impute,Mean imputation,0.9040998666334658,1.2459926212681438,1.0,500,1,,,,,,,,0.6
1200117,baseline_harder,Baseline harder irregularity,0.6,1,full_data,Full data,0.0,0.0,1.0,500,1,,,,,,,,0.6
1200117,baseline_harder,Baseline harder irregularity,0.6,1,mean_impute,Mean imputation,0.9281677568852522,1.2968184919825343,1.0,500,1,,,,,,,,0.6
1200118,baseline_harder,Baseline harder irregularity,0.6,1,full_data,Full data,0.0,0.0,1.0,500,1,,,,,,,,0.6
1200118,baseline_harder,Baseline harder irregularity,0.6,1,mean_impute,Mean imputation,0.8410982123203506,1.1435603514567996,1.0,500,1,,,,,,,,0.6
1200119,baseline_harder,Baseline harder irregularity,0.6,1,full_data,Full data,0.0,0.0,1.0,500,1,,,,,,,,0.6
1200119,baseline_harder,Baseline harder irregularity,0.6,1,mean_impute,Mean imputation,0.88267717161187,1.2340271169882082,1.0,500,1,,,,,,,,0.6
1200120,baseline_harder,Baseline harder irregularity,0.6,1,full_data,Full data,0.0,0.0,1.0,500,1,,,,,,,,0.6
1200120,baseline_harder,Baseline harder irregularity,0.6,1,mean_impute,Mean imputation,0.8816468739088952,1.2320266616534588,1.0,500,1,,,,,,,,0.6
1200121,baseline_harder,Baseline harder irregularity,0.6,1,full_data,Full data,0.0,0.0,1.0,500,1,,,,,,,,0.6
1200121,baseline_harder,Baseline harder irregularity,0.6,1,mean_impute,Mean imputation,0.8900081696833294,1.26134674097508,1.0,500,1,,,,,,,,0.6
1200122,baseline_harder,Baseline harder irregularity,0.6,1,full_data,Full data,0.0,0.0,1.0,500,1,,,,,,,,0.6
1200122,baseline_harder,Baseline harder irregularity,0.6,1,mean_impute,Mean imputation,0.9203877544682936,1.238495934720571,1.0,500,1,,,,,,,,0.6
1200123,baseline_harder,Baseline harder irregularity,0.6,1,full_data,Full data,0.0,0.0,1.0,500,1,,,,,,,,0.6
1200123,baseline_harder,Baseline harder irregularity,0.6,1,mean_impute,Mean imputation,0.8718148672073252,1.2269657639482248,1.0,500,1,,,,,,,,0.6
1200124,baseline_harder,Baseline harder irregularity,0.6,1,full_data,Full data,0.0,0.0,1.0,500,1,,,,,,,,0.6
1200124,baseline_harder,Baseline harder irregularity,0.6,1,mean_impute,Mean imputation,0.9041426794495108,1.2905040958651013,1.0,500,1,,,,,,,,0.6
1200125,baseline_harder,Baseline harder irregularity,0.6,1,full_data,Full data,0.0,0.0,1.0,500,1,,,,,,,,0.6
1200125,baseline_harder,Baseline harder irregularity,0.6,1,mean_impute,Mean imputation,0.9181245825571206,1.2866521618510425,1.0,500,1,,,,,,,,0.6
1200126,baseline_harder,Baseline harder irregularity,0.6,1,full_data,Full data,0.0,0.0,1.0,500,1,,,,,,,,0.6
1200126,baseline_harder,Baseline harder irregularity,0.6,1,mean_impute,Mean imputation,0.931409040843566,1.30771526760216,1.0,500,1,,,,,,,,0.6
1200127,baseline_harder,Baseline harder irregularity,0.6,1,full_data,Full data,0.0,0.0,1.0,500,1,,,,,,,,0.6
1200127,baseline_harder,Baseline harder irregularity,0.6,1,mean_impute,Mean imputation,0.9109735958736074,1.2781990693951926,1.0,500,1,,,,,,,,0.6
1200128,baseline_harder,Baseline harder irregularity,0.6,1,full_data,Full data,0.0,0.0,1.0,500,1,,,,,,,,0.6
1200128,baseline_harder,Baseline harder irregularity,0.6,1,mean_impute,Mean imputation,0.8599519065755471,1.2256596049266493,1.0,500,1,,,,,,,,0.6
1200129,baseline_harder,Baseline harder irregularity,0.6,1,full_data,Full data,0.0,0.0,1.0,500,1,,,,,,,,0.6
1200129,baseline_harder,Baseline harder irregularity,0.6,1,mean_impute,Mean imputation,0.9083428614435226,1.2517706403148825,1.0,500,1,,,,,,,,0.6
1200130,baseline_harder,Baseline harder irregularity,0.6,1,full_data,Full data,0.0,0.0,1.0,500,1,,,,,,,,0.6
1200130,baseline_harder,Baseline harder irregularity,0.6,1,mean_impute,Mean imputation,0.8846926514547273,1.2321902403406404,1.0,500,1,,,,,,,,0.6
1200131,baseline_harder,Baseline harder irregularity,0.6,1,full_data,Full data,0.0,0.0,1.0,500,1,,,,,,,,0.6
1200131,baseline_harder,Baseline harder irregularity,0.6,1,mean_impute,Mean imputation,0.8466351518546538,1.1489476938410503,1.0,500,1,,,,,,,,0.6
1200132,baseline_harder,Baseline harder irregularity,0.6,1,full_data,Full data,0.0,0.0,1.0,500,1,,,,,,,,0.6
1200132,baseline_harder,Baseline harder irregularity,0.6,1,mean_impute,Mean imputation,0.909788509659792,1.2324866438459825,1.0,500,1,,,,,,,,0.6
1200133,baseline_harder,Baseline harder irregularity,0.6,1,full_data,Full data,0.0,0.0,1.0,500,1,,,,,,,,0.6
1200133,baseline_harder,Baseline harder irregularity,0.6,1,mean_impute,Mean imputation,0.9237603176472888,1.3118690272670126,1.0,500,1,,,,,,,,0.6
1200134,baseline_harder,Baseline harder irregularity,0.6,1,full_data,Full data,0.0,0.0,1.0,500,1,,,,,,,,0.6
1200134,baseline_harder,Baseline harder irregularity,0.6,1,mean_impute,Mean imputation,0.8648102786769671,1.1786359847435417,1.0,500,1,,,,,,,,0.6
1200135,baseline_harder,Baseline harder irregularity,0.6,1,full_data,Full data,0.0,0.0,1.0,500,1,,,,,,,,0.6
1200135,baseline_harder,Baseline harder irregularity,0.6,1,mean_impute,Mean imputation,0.9419806447625116,1.3474213389620175,1.0,500,1,,,,,,,,0.6
1200136,baseline_harder,Baseline harder irregularity,0.6,1,full_data,Full data,0.0,0.0,1.0,500,1,,,,,,,,0.6
1200136,baseline_harder,Baseline harder irregularity,0.6,1,mean_impute,Mean imputation,0.9013619867236504,1.2628995154619065,1.0,500,1,,,,,,,,0.6
1200137,baseline_harder,Baseline harder irregularity,0.6,1,full_data,Full data,0.0,0.0,1.0,500,1,,,,,,,,0.6
1200137,baseline_harder,Baseline harder irregularity,0.6,1,mean_impute,Mean imputation,0.8603380397339179,1.1714034197774652,1.0,500,1,,,,,,,,0.6
1200138,baseline_harder,Baseline harder irregularity,0.6,1,full_data,Full data,0.0,0.0,1.0,500,1,,,,,,,,0.6
1200138,baseline_harder,Baseline harder irregularity,0.6,1,mean_impute,Mean imputation,0.9423311497975788,1.3244895548730378,1.0,500,1,,,,,,,,0.6
1200139,baseline_harder,Baseline harder irregularity,0.6,1,full_data,Full data,0.0,0.0,1.0,500,1,,,,,,,,0.6
1200139,baseline_harder,Baseline harder irregularity,0.6,1,mean_impute,Mean imputation,0.8906255845190317,1.256125964645002,1.0,500,1,,,,,,,,0.6
1200140,baseline_harder,Baseline harder irregularity,0.6,1,full_data,Full data,0.0,0.0,1.0,500,1,,,,,,,,0.6
1200140,baseline_harder,Baseline harder irregularity,0.6,1,mean_impute,Mean imputation,0.8957165600542911,1.2320516221114417,1.0,500,1,,,,,,,,0.6
1200141,baseline_harder,Baseline harder irregularity,0.6,1,full_data,Full data,0.0,0.0,1.0,500,1,,,,,,,,0.6
1200141,baseline_harder,Baseline harder irregularity,0.6,1,mean_impute,Mean imputation,0.8764646884955469,1.2366056683130002,1.0,500,1,,,,,,,,0.6
1200142,baseline_harder,Baseline harder irregularity,0.6,1,full_data,Full data,0.0,0.0,1.0,500,1,,,,,,,,0.6
1200142,baseline_harder,Baseline harder irregularity,0.6,1,mean_impute,Mean imputation,0.9224450321471936,1.3193422816846587,1.0,500,1,,,,,,,,0.6
1200143,baseline_harder,Baseline harder irregularity,0.6,1,full_data,Full data,0.0,0.0,1.0,500,1,,,,,,,,0.6
1200143,baseline_harder,Baseline harder irregularity,0.6,1,mean_impute,Mean imputation,0.893684172990846,1.2895775237914469,1.0,500,1,,,,,,,,0.6
1200144,baseline_harder,Baseline harder irregularity,0.6,1,full_data,Full data,0.0,0.0,1.0,500,1,,,,,,,,0.6
1200144,baseline_harder,Baseline harder irregularity,0.6,1,mean_impute,Mean imputation,0.873988234413084,1.2026957893030297,1.0,500,1,,,,,,,,0.6
1200145,baseline_harder,Baseline harder irregularity,0.6,1,full_data,Full data,0.0,0.0,1.0,500,1,,,,,,,,0.6
1200145,baseline_harder,Baseline harder irregularity,0.6,1,mean_impute,Mean imputation,0.9089867872263764,1.235918665168513,1.0,500,1,,,,,,,,0.6
1200146,baseline_harder,Baseline harder irregularity,0.6,1,full_data,Full data,0.0,0.0,1.0,500,1,,,,,,,,0.6
1200146,baseline_harder,Baseline harder irregularity,0.6,1,mean_impute,Mean imputation,0.932401873797672,1.298937113652429,1.0,500,1,,,,,,,,0.6
1200147,baseline_harder,Baseline harder irregularity,0.6,1,full_data,Full data,0.0,0.0,1.0,500,1,,,,,,,,0.6
1200147,baseline_harder,Baseline harder irregularity,0.6,1,mean_impute,Mean imputation,0.9204530778856292,1.2699514301873829,1.0,500,1,,,,,,,,0.6
1200148,baseline_harder,Baseline harder irregularity,0.6,1,full_data,Full data,0.0,0.0,1.0,500,1,,,,,,,,0.6
1200148,baseline_harder,Baseline harder irregularity,0.6,1,mean_impute,Mean imputation,0.8842995262713994,1.213705467430543,1.0,500,1,,,,,,,,0.6
1200149,baseline_harder,Baseline harder irregularity,0.6,1,full_data,Full data,0.0,0.0,1.0,500,1,,,,,,,,0.6
1200149,baseline_harder,Baseline harder irregularity,0.6,1,mean_impute,Mean imputation,0.9015517696603192,1.3000923391582286,1.0,500,1,,,,,,,,0.6
1200150,baseline_harder,Baseline harder irregularity,0.6,1,full_data,Full data,0.0,0.0,1.0,500,1,,,,,,,,0.6
1200150,baseline_harder,Baseline harder irregularity,0.6,1,mean_impute,Mean imputation,0.9247407410991496,1.309413646673074,1.0,500,1,,,,,,,,0.6
1200151,baseline_harder,Baseline harder irregularity,0.6,1,full_data,Full data,0.0,0.0,1.0,500,1,,,,,,,,0.6
1200151,baseline_harder,Baseline harder irregularity,0.6,1,mean_impute,Mean imputation,0.8373301188325933,1.165841140519359,1.0,500,1,,,,,,,,0.6
1200152,baseline_harder,Baseline harder irregularity,0.6,1,full_data,Full data,0.0,0.0,1.0,500,1,,,,,,,,0.6
1200152,baseline_harder,Baseline harder irregularity,0.6,1,mean_impute,Mean imputation,0.8823912038339482,1.248115207266183,1.0,500,1,,,,,,,,0.6
1200153,baseline_harder,Baseline harder irregularity,0.6,1,full_data,Full data,0.0,0.0,1.0,500,1,,,,,,,,0.6
1200153,baseline_harder,Baseline harder irregularity,0.6,1,mean_impute,Mean imputation,0.8956218493996393,1.2366790746612872,1.0,500,1,,,,,,,,0.6
1200154,baseline_harder,Baseline harder irregularity,0.6,1,full_data,Full data,0.0,0.0,1.0,500,1,,,,,,,,0.6
1200154,baseline_harder,Baseline harder irregularity,0.6,1,mean_impute,Mean imputation,0.8821596567452311,1.2457337121245269,1.0,500,1,,,,,,,,0.6
1200155,baseline_harder,Baseline harder irregularity,0.6,1,full_data,Full data,0.0,0.0,1.0,500,1,,,,,,,,0.6
1200155,baseline_harder,Baseline harder irregularity,0.6,1,mean_impute,Mean imputation,0.9141873808198164,1.3129812736472546,1.0,500,1,,,,,,,,0.6
1200156,baseline_harder,Baseline harder irregularity,0.6,1,full_data,Full data,0.0,0.0,1.0,500,1,,,,,,,,0.6
1200156,baseline_harder,Baseline harder irregularity,0.6,1,mean_impute,Mean imputation,0.88510930113914,1.1917104356649462,1.0,500,1,,,,,,,,0.6
1200157,baseline_harder,Baseline harder irregularity,0.6,1,full_data,Full data,0.0,0.0,1.0,500,1,,,,,,,,0.6
1200157,baseline_harder,Baseline harder irregularity,0.6,1,mean_impute,Mean imputation,0.8830212014251891,1.2673095040618882,1.0,500,1,,,,,,,,0.6
1200158,baseline_harder,Baseline harder irregularity,0.6,1,full_data,Full data,0.0,0.0,1.0,500,1,,,,,,,,0.6
1200158,baseline_harder,Baseline harder irregularity,0.6,1,mean_impute,Mean imputation,0.8888313734190926,1.2872215255977189,1.0,500,1,,,,,,,,0.6
1200159,baseline_harder,Baseline harder irregularity,0.6,1,full_data,Full data,0.0,0.0,1.0,500,1,,,,,,,,0.6
1200159,baseline_harder,Baseline harder irregularity,0.6,1,mean_impute,Mean imputation,0.9418531920578757,1.3324748018295922,1.0,500,1,,,,,,,,0.6
1200160,baseline_harder,Baseline harder irregularity,0.6,1,full_data,Full data,0.0,0.0,1.0,500,1,,,,,,,,0.6
1200160,baseline_harder,Baseline harder irregularity,0.6,1,mean_impute,Mean imputation,0.9126487664833628,1.2845880035745318,1.0,500,1,,,,,,,,0.6
1200161,baseline_harder,Baseline harder irregularity,0.6,1,full_data,Full data,0.0,0.0,1.0,500,1,,,,,,,,0.6
1200161,baseline_harder,Baseline harder irregularity,0.6,1,mean_impute,Mean imputation,0.8671221541094334,1.212613281746216,1.0,500,1,,,,,,,,0.6
1200162,baseline_harder,Baseline harder irregularity,0.6,1,full_data,Full data,0.0,0.0,1.0,500,1,,,,,,,,0.6
1200162,baseline_harder,Baseline harder irregularity,0.6,1,mean_impute,Mean imputation,0.882738235954668,1.2389964549715988,1.0,500,1,,,,,,,,0.6
1200163,baseline_harder,Baseline harder irregularity,0.6,1,full_data,Full data,0.0,0.0,1.0,500,1,,,,,,,,0.6
1200163,baseline_harder,Baseline harder irregularity,0.6,1,mean_impute,Mean imputation,0.8614263669570639,1.2274731094642706,1.0,500,1,,,,,,,,0.6
1200164,baseline_harder,Baseline harder irregularity,0.6,1,full_data,Full data,0.0,0.0,1.0,500,1,,,,,,,,0.6
1200164,baseline_harder,Baseline harder irregularity,0.6,1,mean_impute,Mean imputation,0.8833535035146068,1.2113882806240084,1.0,500,1,,,,,,,,0.6
1200165,baseline_harder,Baseline harder irregularity,0.6,1,full_data,Full data,0.0,0.0,1.0,500,1,,,,,,,,0.6
1200165,baseline_harder,Baseline harder irregularity,0.6,1,mean_impute,Mean imputation,0.8964572446374319,1.2434454465669325,1.0,500,1,,,,,,,,0.6
1200166,baseline_harder,Baseline harder irregularity,0.6,1,full_data,Full data,0.0,0.0,1.0,500,1,,,,,,,,0.6
1200166,baseline_harder,Baseline harder irregularity,0.6,1,mean_impute,Mean imputation,0.8673457040469903,1.2215752344578312,1.0,500,1,,,,,,,,0.6
1200167,baseline_harder,Baseline harder irregularity,0.6,1,full_data,Full data,0.0,0.0,1.0,500,1,,,,,,,,0.6
1200167,baseline_harder,Baseline harder irregularity,0.6,1,mean_impute,Mean imputation,0.9057994625700028,1.2404909591349065,1.0,500,1,,,,,,,,0.6
1200168,baseline_harder,Baseline harder irregularity,0.6,1,full_data,Full data,0.0,0.0,1.0,500,1,,,,,,,,0.6
1200168,baseline_harder,Baseline harder irregularity,0.6,1,mean_impute,Mean imputation,0.882419783130272,1.2443753838035827,1.0,500,1,,,,,,,,0.6
1200169,baseline_harder,Baseline harder irregularity,0.6,1,full_data,Full data,0.0,0.0,1.0,500,1,,,,,,,,0.6
1200169,baseline_harder,Baseline harder irregularity,0.6,1,mean_impute,Mean imputation,0.8639169344223394,1.2228970690706733,1.0,500,1,,,,,,,,0.6
1200170,baseline_harder,Baseline harder irregularity,0.6,1,full_data,Full data,0.0,0.0,1.0,500,1,,,,,,,,0.6
1200170,baseline_harder,Baseline harder irregularity,0.6,1,mean_impute,Mean imputation,0.9412088209037308,1.3462995455931313,1.0,500,1,,,,,,,,0.6
1200171,baseline_harder,Baseline harder irregularity,0.6,1,full_data,Full data,0.0,0.0,1.0,500,1,,,,,,,,0.6
1200171,baseline_harder,Baseline harder irregularity,0.6,1,mean_impute,Mean imputation,0.8688336458890432,1.210537424824418,1.0,500,1,,,,,,,,0.6
1200172,baseline_harder,Baseline harder irregularity,0.6,1,full_data,Full data,0.0,0.0,1.0,500,1,,,,,,,,0.6
1200172,baseline_harder,Baseline harder irregularity,0.6,1,mean_impute,Mean imputation,0.9174380816343254,1.2665915761444269,1.0,500,1,,,,,,,,0.6
1200173,baseline_harder,Baseline harder irregularity,0.6,1,full_data,Full data,0.0,0.0,1.0,500,1,,,,,,,,0.6
1200173,baseline_harder,Baseline harder irregularity,0.6,1,mean_impute,Mean imputation,0.8693189258369248,1.245909033027739,1.0,500,1,,,,,,,,0.6
1200174,baseline_harder,Baseline harder irregularity,0.6,1,full_data,Full data,0.0,0.0,1.0,500,1,,,,,,,,0.6
1200174,baseline_harder,Baseline harder irregularity,0.6,1,mean_impute,Mean imputation,0.8977511211049898,1.2695205259062567,1.0,500,1,,,,,,,,0.6
1200175,baseline_harder,Baseline harder irregularity,0.6,1,full_data,Full data,0.0,0.0,1.0,500,1,,,,,,,,0.6
1200175,baseline_harder,Baseline harder irregularity,0.6,1,mean_impute,Mean imputation,0.9156426523255072,1.3113071812421668,1.0,500,1,,,,,,,,0.6
1200176,baseline_harder,Baseline harder irregularity,0.6,1,full_data,Full data,0.0,0.0,1.0,500,1,,,,,,,,0.6
1200176,baseline_harder,Baseline harder irregularity,0.6,1,mean_impute,Mean imputation,0.8830442929450844,1.2348211457677882,1.0,500,1,,,,,,,,0.6
1200177,baseline_harder,Baseline harder irregularity,0.6,1,full_data,Full data,0.0,0.0,1.0,500,1,,,,,,,,0.6
1200177,baseline_harder,Baseline harder irregularity,0.6,1,mean_impute,Mean imputation,0.9461231711857674,1.35318083505165,1.0,500,1,,,,,,,,0.6
1200178,baseline_harder,Baseline harder irregularity,0.6,1,full_data,Full data,0.0,0.0,1.0,500,1,,,,,,,,0.6
1200178,baseline_harder,Baseline harder irregularity,0.6,1,mean_impute,Mean imputation,0.8995863128794757,1.2722297069873496,1.0,500,1,,,,,,,,0.6
1200179,baseline_harder,Baseline harder irregularity,0.6,1,full_data,Full data,0.0,0.0,1.0,500,1,,,,,,,,0.6
1200179,baseline_harder,Baseline harder irregularity,0.6,1,mean_impute,Mean imputation,0.8948026301828763,1.3229481964715657,1.0,500,1,,,,,,,,0.6
1200180,baseline_harder,Baseline harder irregularity,0.6,1,full_data,Full data,0.0,0.0,1.0,500,1,,,,,,,,0.6
1200180,baseline_harder,Baseline harder irregularity,0.6,1,mean_impute,Mean imputation,0.9040767548529663,1.2957953051666973,1.0,500,1,,,,,,,,0.6
1200181,baseline_harder,Baseline harder irregularity,0.6,1,full_data,Full data,0.0,0.0,1.0,500,1,,,,,,,,0.6
1200181,baseline_harder,Baseline harder irregularity,0.6,1,mean_impute,Mean imputation,0.8879273197691571,1.277555086089733,1.0,500,1,,,,,,,,0.6
1200182,baseline_harder,Baseline harder irregularity,0.6,1,full_data,Full data,0.0,0.0,1.0,500,1,,,,,,,,0.6
1200182,baseline_harder,Baseline harder irregularity,0.6,1,mean_impute,Mean imputation,0.8779903361979495,1.228975862976698,1.0,500,1,,,,,,,,0.6
1200183,baseline_harder,Baseline harder irregularity,0.6,1,full_data,Full data,0.0,0.0,1.0,500,1,,,,,,,,0.6
1200183,baseline_harder,Baseline harder irregularity,0.6,1,mean_impute,Mean imputation,0.8808759925041092,1.228591500881251,1.0,500,1,,,,,,,,0.6
1200184,baseline_harder,Baseline harder irregularity,0.6,1,full_data,Full data,0.0,0.0,1.0,500,1,,,,,,,,0.6
1200184,baseline_harder,Baseline harder irregularity,0.6,1,mean_impute,Mean imputation,0.8807270246755395,1.218674277193825,1.0,500,1,,,,,,,,0.6
1200185,baseline_harder,Baseline harder irregularity,0.6,1,full_data,Full data,0.0,0.0,1.0,500,1,,,,,,,,0.6
1200185,baseline_harder,Baseline harder irregularity,0.6,1,mean_impute,Mean imputation,0.8933238589782537,1.2674006168093437,1.0,500,1,,,,,,,,0.6
1200186,baseline_harder,Baseline harder irregularity,0.6,1,full_data,Full data,0.0,0.0,1.0,500,1,,,,,,,,0.6
1200186,baseline_harder,Baseline harder irregularity,0.6,1,mean_impute,Mean imputation,0.8857983218706607,1.269838763720332,1.0,500,1,,,,,,,,0.6
1200187,baseline_harder,Baseline harder irregularity,0.6,1,full_data,Full data,0.0,0.0,1.0,500,1,,,,,,,,0.6
1200187,baseline_harder,Baseline harder irregularity,0.6,1,mean_impute,Mean imputation,0.8645185622012678,1.197562262693736,1.0,500,1,,,,,,,,0.6
1200188,baseline_harder,Baseline harder irregularity,0.6,1,full_data,Full data,0.0,0.0,1.0,500,1,,,,,,,,0.6
1200188,baseline_harder,Baseline harder irregularity,0.6,1,mean_impute,Mean imputation,0.9327339720636914,1.2742959489514465,1.0,500,1,,,,,,,,0.6
1200189,baseline_harder,Baseline harder irregularity,0.6,1,full_data,Full data,0.0,0.0,1.0,500,1,,,,,,,,0.6
1200189,baseline_harder,Baseline harder irregularity,0.6,1,mean_impute,Mean imputation,0.928202447772066,1.3082817617368752,1.0,500,1,,,,,,,,0.6
1200190,baseline_harder,Baseline harder irregularity,0.6,1,full_data,Full data,0.0,0.0,1.0,500,1,,,,,,,,0.6
1200190,baseline_harder,Baseline harder irregularity,0.6,1,mean_impute,Mean imputation,0.910558528459734,1.2753797423757351,1.0,500,1,,,,,,,,0.6
1200191,baseline_harder,Baseline harder irregularity,0.6,1,full_data,Full data,0.0,0.0,1.0,500,1,,,,,,,,0.6
1200191,baseline_harder,Baseline harder irregularity,0.6,1,mean_impute,Mean imputation,0.9176020449676144,1.2791745836628703,1.0,500,1,,,,,,,,0.6
1200192,baseline_harder,Baseline harder irregularity,0.6,1,full_data,Full data,0.0,0.0,1.0,500,1,,,,,,,,0.6
1200192,baseline_harder,Baseline harder irregularity,0.6,1,mean_impute,Mean imputation,0.852180367877628,1.194682394106963,1.0,500,1,,,,,,,,0.6
1200193,baseline_harder,Baseline harder irregularity,0.6,1,full_data,Full data,0.0,0.0,1.0,500,1,,,,,,,,0.6
1200193,baseline_harder,Baseline harder irregularity,0.6,1,mean_impute,Mean imputation,0.9354655187964596,1.3189823640567175,1.0,500,1,,,,,,,,0.6
1200194,baseline_harder,Baseline harder irregularity,0.6,1,full_data,Full data,0.0,0.0,1.0,500,1,,,,,,,,0.6
1200194,baseline_harder,Baseline harder irregularity,0.6,1,mean_impute,Mean imputation,0.904896468084674,1.2499750363037712,1.0,500,1,,,,,,,,0.6
1200195,baseline_harder,Baseline harder irregularity,0.6,1,full_data,Full data,0.0,0.0,1.0,500,1,,,,,,,,0.6
1200195,baseline_harder,Baseline harder irregularity,0.6,1,mean_impute,Mean imputation,0.9231138669658492,1.309993323484077,1.0,500,1,,,,,,,,0.6
1200196,baseline_harder,Baseline harder irregularity,0.6,1,full_data,Full data,0.0,0.0,1.0,500,1,,,,,,,,0.6
1200196,baseline_harder,Baseline harder irregularity,0.6,1,mean_impute,Mean imputation,0.9096689841687898,1.286400100821664,1.0,500,1,,,,,,,,0.6
1200197,baseline_harder,Baseline harder irregularity,0.6,1,full_data,Full data,0.0,0.0,1.0,500,1,,,,,,,,0.6
1200197,baseline_harder,Baseline harder irregularity,0.6,1,mean_impute,Mean imputation,0.93957197782179,1.3365749582969733,1.0,500,1,,,,,,,,0.6
1200198,baseline_harder,Baseline harder irregularity,0.6,1,full_data,Full data,0.0,0.0,1.0,500,1,,,,,,,,0.6
1200198,baseline_harder,Baseline harder irregularity,0.6,1,mean_impute,Mean imputation,0.8815624549613718,1.2543004061716685,1.0,500,1,,,,,,,,0.6
1200199,baseline_harder,Baseline harder irregularity,0.6,1,full_data,Full data,0.0,0.0,1.0,500,1,,,,,,,,0.6
1200199,baseline_harder,Baseline harder irregularity,0.6,1,mean_impute,Mean imputation,0.9209738720998928,1.2804627712631111,1.0,500,1,,,,,,,,0.6
1200000,baseline_harder,Baseline harder irregularity,0.2,5,missforest,Missforest,0.5788693178514447,0.4840645423511351,1.0,500,5,,,,,,,,0.2
1200008,baseline_harder,Baseline harder irregularity,0.2,5,missforest,Missforest,0.586966071448104,0.4767767504519795,1.0,500,5,,,,,,,,0.2
1200006,baseline_harder,Baseline harder irregularity,0.2,5,missforest,Missforest,0.6133226385240163,0.5206798579877658,1.0,500,5,,,,,,,,0.2
1200009,baseline_harder,Baseline harder irregularity,0.2,5,missforest,Missforest,0.5965854359116629,0.5017864597455945,1.0,500,5,,,,,,,,0.2
1200004,baseline_harder,Baseline harder irregularity,0.2,5,missforest,Missforest,0.5768622641001807,0.4611773256290268,1.0,500,5,,,,,,,,0.2
1200007,baseline_harder,Baseline harder irregularity,0.2,5,missforest,Missforest,0.5947420589041864,0.4971003814031786,1.0,500,5,,,,,,,,0.2
1200001,baseline_harder,Baseline harder irregularity,0.2,5,missforest,Missforest,0.6025313624555173,0.5083616107203558,1.0,500,5,,,,,,,,0.2
1200005,baseline_harder,Baseline harder irregularity,0.2,5,missforest,Missforest,0.5800429108401732,0.4929958220717796,1.0,500,5,,,,,,,,0.2
1200002,baseline_harder,Baseline harder irregularity,0.2,5,missforest,Missforest,0.5879310831015894,0.4635147494137091,1.0,500,5,,,,,,,,0.2
1200003,baseline_harder,Baseline harder irregularity,0.2,5,missforest,Missforest,0.6011324355482893,0.5115039732018275,1.0,500,5,,,,,,,,0.2
1200011,baseline_harder,Baseline harder irregularity,0.2,5,missforest,Missforest,0.5893267796780343,0.5082390868736828,1.0,500,5,,,,,,,,0.2
1200015,baseline_harder,Baseline harder irregularity,0.2,5,missforest,Missforest,0.6290415070314975,0.5369886011984694,1.0,500,5,,,,,,,,0.2
1200014,baseline_harder,Baseline harder irregularity,0.2,5,missforest,Missforest,0.6215583696759591,0.5075925452969557,1.0,500,5,,,,,,,,0.2
1200016,baseline_harder,Baseline harder irregularity,0.2,5,missforest,Missforest,0.5753510482974986,0.4664456399018129,1.0,500,5,,,,,,,,0.2
1200010,baseline_harder,Baseline harder irregularity,0.2,5,missforest,Missforest,0.5912061686211416,0.5056088547137225,1.0,500,5,,,,,,,,0.2
1200013,baseline_harder,Baseline harder irregularity,0.2,5,missforest,Missforest,0.5861914138059002,0.5012413028072177,1.0,500,5,,,,,,,,0.2
1200012,baseline_harder,Baseline harder irregularity,0.2,5,missforest,Missforest,0.6263188132001868,0.5307974897711696,1.0,500,5,,,,,,,,0.2
1200017,baseline_harder,Baseline harder irregularity,0.2,5,missforest,Missforest,0.5530649127471504,0.4554481888913879,1.0,500,5,,,,,,,,0.2
1200018,baseline_harder,Baseline harder irregularity,0.2,5,missforest,Missforest,0.5961602910197688,0.4942632001467424,1.0,500,5,,,,,,,,0.2
1200019,baseline_harder,Baseline harder irregularity,0.2,5,missforest,Missforest,0.569742173461249,0.4887537511122882,1.0,500,5,,,,,,,,0.2
1200000,baseline_harder,Baseline harder irregularity,0.4,5,missforest,Missforest,0.6044183335457646,0.6890433857472916,1.0,500,5,,,,,,,,0.4
1200002,baseline_harder,Baseline harder irregularity,0.4,5,missforest,Missforest,0.6247915490703828,0.7135233657287275,1.0,500,5,,,,,,,,0.4
1200004,baseline_harder,Baseline harder irregularity,0.4,5,missforest,Missforest,0.6022472287101807,0.6815442756151538,1.0,500,5,,,,,,,,0.4
1200001,baseline_harder,Baseline harder irregularity,0.4,5,missforest,Missforest,0.6022684114967435,0.6949352950171451,1.0,500,5,,,,,,,,0.4
1200003,baseline_harder,Baseline harder irregularity,0.4,5,missforest,Missforest,0.6529005891232802,0.7554790928578294,1.0,500,5,,,,,,,,0.4
1200007,baseline_harder,Baseline harder irregularity,0.4,5,missforest,Missforest,0.6084654778586434,0.7231027391627712,1.0,500,5,,,,,,,,0.4
1200008,baseline_harder,Baseline harder irregularity,0.4,5,missforest,Missforest,0.6119608474662135,0.6904868439078763,1.0,500,5,,,,,,,,0.4
1200005,baseline_harder,Baseline harder irregularity,0.4,5,missforest,Missforest,0.6213302021248528,0.7191415085796216,1.0,500,5,,,,,,,,0.4
1200006,baseline_harder,Baseline harder irregularity,0.4,5,missforest,Missforest,0.6442888365564146,0.7618166998816844,1.0,500,5,,,,,,,,0.4
1200009,baseline_harder,Baseline harder irregularity,0.4,5,missforest,Missforest,0.616240502332067,0.7332517068325555,1.0,500,5,,,,,,,,0.4
1200010,baseline_harder,Baseline harder irregularity,0.4,5,missforest,Missforest,0.6487597988717008,0.7440241791298108,1.0,500,5,,,,,,,,0.4
1200012,baseline_harder,Baseline harder irregularity,0.4,5,missforest,Missforest,0.626063366412009,0.7350682196295172,1.0,500,5,,,,,,,,0.4
1200011,baseline_harder,Baseline harder irregularity,0.4,5,missforest,Missforest,0.6414381449628609,0.7722857692160735,1.0,500,5,,,,,,,,0.4
1200015,baseline_harder,Baseline harder irregularity,0.4,5,missforest,Missforest,0.6104600647394874,0.7167465944411556,1.0,500,5,,,,,,,,0.4
1200016,baseline_harder,Baseline harder irregularity,0.4,5,missforest,Missforest,0.6085493903440686,0.7213114016027024,1.0,500,5,,,,,,,,0.4
1200013,baseline_harder,Baseline harder irregularity,0.4,5,missforest,Missforest,0.6251225753848368,0.7080334863200504,1.0,500,5,,,,,,,,0.4
1200017,baseline_harder,Baseline harder irregularity,0.4,5,missforest,Missforest,0.5898663391021848,0.6794916576069772,1.0,500,5,,,,,,,,0.4
1200018,baseline_harder,Baseline harder irregularity,0.4,5,missforest,Missforest,0.6044099998894883,0.6900848323884647,1.0,500,5,,,,,,,,0.4
1200014,baseline_harder,Baseline harder irregularity,0.4,5,missforest,Missforest,0.6130694780142147,0.7203834284924725,1.0,500,5,,,,,,,,0.4
1200019,baseline_harder,Baseline harder irregularity,0.4,5,missforest,Missforest,0.6291062724125885,0.7242548770828966,1.0,500,5,,,,,,,,0.4
1200000,baseline_harder,Baseline harder irregularity,0.6,5,missforest,Missforest,0.6410952950868275,0.8929412679105148,1.0,500,5,,,,,,,,0.6
1200001,baseline_harder,Baseline harder irregularity,0.6,5,missforest,Missforest,0.6598067113845442,0.9160461315818764,1.0,500,5,,,,,,,,0.6
1200002,baseline_harder,Baseline harder irregularity,0.6,5,missforest,Missforest,0.723351182254729,1.0032961319686924,1.0,500,5,,,,,,,,0.6
1200003,baseline_harder,Baseline harder irregularity,0.6,5,missforest,Missforest,0.6576141069262047,0.9495630994456152,1.0,500,5,,,,,,,,0.6
1200007,baseline_harder,Baseline harder irregularity,0.6,5,missforest,Missforest,0.6394498237610708,0.928468400829412,1.0,500,5,,,,,,,,0.6
1200004,baseline_harder,Baseline harder irregularity,0.6,5,missforest,Missforest,0.6314960154618351,0.8719888338217026,1.0,500,5,,,,,,,,0.6
1200006,baseline_harder,Baseline harder irregularity,0.6,5,missforest,Missforest,0.6712350084109575,0.9559927111412374,1.0,500,5,,,,,,,,0.6
1200005,baseline_harder,Baseline harder irregularity,0.6,5,missforest,Missforest,0.6491310200184752,0.8895311365195151,1.0,500,5,,,,,,,,0.6
1200008,baseline_harder,Baseline harder irregularity,0.6,5,missforest,Missforest,0.6492712966708055,0.9385942569840032,1.0,500,5,,,,,,,,0.6
1200011,baseline_harder,Baseline harder irregularity,0.6,5,missforest,Missforest,0.6524941402698532,0.9216929946027972,1.0,500,5,,,,,,,,0.6
1200010,baseline_harder,Baseline harder irregularity,0.6,5,missforest,Missforest,0.6430559087802914,0.9257810980180564,1.0,500,5,,,,,,,,0.6
1200012,baseline_harder,Baseline harder irregularity,0.6,5,missforest,Missforest,0.6673635770717569,0.9313254024788782,1.0,500,5,,,,,,,,0.6
1200013,baseline_harder,Baseline harder irregularity,0.6,5,missforest,Missforest,0.6256052354136575,0.8514466138217756,1.0,500,5,,,,,,,,0.6
1200009,baseline_harder,Baseline harder irregularity,0.6,5,missforest,Missforest,0.6606438374163999,0.9118374167311925,1.0,500,5,,,,,,,,0.6
1200014,baseline_harder,Baseline harder irregularity,0.6,5,missforest,Missforest,0.670396111868467,0.9437760875534992,1.0,500,5,,,,,,,,0.6
1200018,baseline_harder,Baseline harder irregularity,0.6,5,missforest,Missforest,0.6480324859981147,0.8727493241509303,1.0,500,5,,,,,,,,0.6
1200015,baseline_harder,Baseline harder irregularity,0.6,5,missforest,Missforest,0.6560882021309301,0.9578274730259592,1.0,500,5,,,,,,,,0.6
1200016,baseline_harder,Baseline harder irregularity,0.6,5,missforest,Missforest,0.6437976612362467,0.89888459211368,1.0,500,5,,,,,,,,0.6
1200017,baseline_harder,Baseline harder irregularity,0.6,5,missforest,Missforest,0.6353992281364992,0.8682392226397365,1.0,500,5,,,,,,,,0.6
1200019,baseline_harder,Baseline harder irregularity,0.6,5,missforest,Missforest,0.6695470858527498,0.9526044861834913,1.0,500,5,,,,,,,,0.6
1200026,baseline_harder,Baseline harder irregularity,0.2,5,missforest,Missforest,0.5848821812425226,0.5096863180056503,1.0,500,5,,,,,,,,0.2
1200023,baseline_harder,Baseline harder irregularity,0.2,5,missforest,Missforest,0.6269694290585338,0.5365379438987206,1.0,500,5,,,,,,,,0.2
1200022,baseline_harder,Baseline harder irregularity,0.2,5,missforest,Missforest,0.5906588672492608,0.4971145598346815,1.0,500,5,,,,,,,,0.2
1200028,baseline_harder,Baseline harder irregularity,0.2,5,missforest,Missforest,0.59830750675409,0.5134704088761554,1.0,500,5,,,,,,,,0.2
1200020,baseline_harder,Baseline harder irregularity,0.2,5,missforest,Missforest,0.6165724606325412,0.508896102141392,1.0,500,5,,,,,,,,0.2
1200027,baseline_harder,Baseline harder irregularity,0.2,5,missforest,Missforest,0.5751181688116129,0.4950198158157338,1.0,500,5,,,,,,,,0.2
1200021,baseline_harder,Baseline harder irregularity,0.2,5,missforest,Missforest,0.5962023305138918,0.4851204352867079,1.0,500,5,,,,,,,,0.2
1200025,baseline_harder,Baseline harder irregularity,0.2,5,missforest,Missforest,0.6007232921139145,0.5135141812131564,1.0,500,5,,,,,,,,0.2
1200024,baseline_harder,Baseline harder irregularity,0.2,5,missforest,Missforest,0.5667164790576761,0.4520184689114997,1.0,500,5,,,,,,,,0.2
1200029,baseline_harder,Baseline harder irregularity,0.2,5,missforest,Missforest,0.5870638069669735,0.4985090231300655,1.0,500,5,,,,,,,,0.2
1200030,baseline_harder,Baseline harder irregularity,0.2,5,missforest,Missforest,0.584361062976886,0.4766863300075746,1.0,500,5,,,,,,,,0.2
1200031,baseline_harder,Baseline harder irregularity,0.2,5,missforest,Missforest,0.5737681050925557,0.4750218211927497,1.0,500,5,,,,,,,,0.2
1200035,baseline_harder,Baseline harder irregularity,0.2,5,missforest,Missforest,0.6066344522641195,0.5084489586865294,1.0,500,5,,,,,,,,0.2
1200033,baseline_harder,Baseline harder irregularity,0.2,5,missforest,Missforest,0.584685155597546,0.4903684941707317,1.0,500,5,,,,,,,,0.2
1200034,baseline_harder,Baseline harder irregularity,0.2,5,missforest,Missforest,0.5596195427013771,0.4545905067046933,1.0,500,5,,,,,,,,0.2
1200039,baseline_harder,Baseline harder irregularity,0.2,5,missforest,Missforest,0.6213243752305294,0.5253292324077272,1.0,500,5,,,,,,,,0.2
1200038,baseline_harder,Baseline harder irregularity,0.2,5,missforest,Missforest,0.5831869848781946,0.4790197046420366,1.0,500,5,,,,,,,,0.2
1200037,baseline_harder,Baseline harder irregularity,0.2,5,missforest,Missforest,0.5841624352296089,0.4876836800514368,1.0,500,5,,,,,,,,0.2
1200032,baseline_harder,Baseline harder irregularity,0.2,5,missforest,Missforest,0.5871923368353322,0.4815486111277781,1.0,500,5,,,,,,,,0.2
1200036,baseline_harder,Baseline harder irregularity,0.2,5,missforest,Missforest,0.5865110420836017,0.4946217243180795,1.0,500,5,,,,,,,,0.2
1200040,baseline_harder,Baseline harder irregularity,0.2,5,missforest,Missforest,0.6064254824522672,0.5163811839499592,1.0,500,5,,,,,,,,0.2
1200042,baseline_harder,Baseline harder irregularity,0.2,5,missforest,Missforest,0.6193020235165261,0.5400084262711864,1.0,500,5,,,,,,,,0.2
1200041,baseline_harder,Baseline harder irregularity,0.2,5,missforest,Missforest,0.6042497970220052,0.5186977416616605,1.0,500,5,,,,,,,,0.2
1200046,baseline_harder,Baseline harder irregularity,0.2,5,missforest,Missforest,0.6102586027972634,0.5028600687514082,1.0,500,5,,,,,,,,0.2
1200044,baseline_harder,Baseline harder irregularity,0.2,5,missforest,Missforest,0.5819300721155984,0.4817737650116037,1.0,500,5,,,,,,,,0.2
1200047,baseline_harder,Baseline harder irregularity,0.2,5,missforest,Missforest,0.5987893976377062,0.5101094089479926,1.0,500,5,,,,,,,,0.2
1200045,baseline_harder,Baseline harder irregularity,0.2,5,missforest,Missforest,0.5904020502478623,0.4852627294173816,1.0,500,5,,,,,,,,0.2
1200049,baseline_harder,Baseline harder irregularity,0.2,5,missforest,Missforest,0.5737563698607185,0.4926399533144462,1.0,500,5,,,,,,,,0.2
1200048,baseline_harder,Baseline harder irregularity,0.2,5,missforest,Missforest,0.5936206124230187,0.5098017862316742,1.0,500,5,,,,,,,,0.2
1200043,baseline_harder,Baseline harder irregularity,0.2,5,missforest,Missforest,0.6082648838759847,0.5240120572876622,1.0,500,5,,,,,,,,0.2
1200050,baseline_harder,Baseline harder irregularity,0.2,5,missforest,Missforest,0.5998462159067904,0.503954388929558,1.0,500,5,,,,,,,,0.2
1200051,baseline_harder,Baseline harder irregularity,0.2,5,missforest,Missforest,0.5971535237201806,0.5037890650265152,1.0,500,5,,,,,,,,0.2
1200052,baseline_harder,Baseline harder irregularity,0.2,5,missforest,Missforest,0.5754465823899938,0.4726482755143968,1.0,500,5,,,,,,,,0.2
1200053,baseline_harder,Baseline harder irregularity,0.2,5,missforest,Missforest,0.5677519762665447,0.4777700291064986,1.0,500,5,,,,,,,,0.2
1200056,baseline_harder,Baseline harder irregularity,0.2,5,missforest,Missforest,0.6004629972901256,0.4869902044105438,1.0,500,5,,,,,,,,0.2
1200054,baseline_harder,Baseline harder irregularity,0.2,5,missforest,Missforest,0.6087810341861657,0.5202093533026475,1.0,500,5,,,,,,,,0.2
1200059,baseline_harder,Baseline harder irregularity,0.2,5,missforest,Missforest,0.5860850079262396,0.4793685013260131,1.0,500,5,,,,,,,,0.2
1200055,baseline_harder,Baseline harder irregularity,0.2,5,missforest,Missforest,0.5992963363022421,0.4625317937624654,1.0,500,5,,,,,,,,0.2
1200057,baseline_harder,Baseline harder irregularity,0.2,5,missforest,Missforest,0.6044718983360022,0.5055681827778276,1.0,500,5,,,,,,,,0.2
1200058,baseline_harder,Baseline harder irregularity,0.2,5,missforest,Missforest,0.5931890626723627,0.5116761459372919,1.0,500,5,,,,,,,,0.2
1200060,baseline_harder,Baseline harder irregularity,0.2,5,missforest,Missforest,0.5626832564166434,0.4695890696751411,1.0,500,5,,,,,,,,0.2
1200062,baseline_harder,Baseline harder irregularity,0.2,5,missforest,Missforest,0.5916110335652356,0.4807777280041956,1.0,500,5,,,,,,,,0.2
1200063,baseline_harder,Baseline harder irregularity,0.2,5,missforest,Missforest,0.5601754286125397,0.4665756507279482,1.0,500,5,,,,,,,,0.2
1200061,baseline_harder,Baseline harder irregularity,0.2,5,missforest,Missforest,0.5903913970394281,0.4974485317553611,1.0,500,5,,,,,,,,0.2
1200064,baseline_harder,Baseline harder irregularity,0.2,5,missforest,Missforest,0.5905478970731818,0.4964443885827076,1.0,500,5,,,,,,,,0.2
1200066,baseline_harder,Baseline harder irregularity,0.2,5,missforest,Missforest,0.5862637917151929,0.4962824526080284,1.0,500,5,,,,,,,,0.2
1200065,baseline_harder,Baseline harder irregularity,0.2,5,missforest,Missforest,0.5800587008947541,0.4941020203025043,1.0,500,5,,,,,,,,0.2
1200068,baseline_harder,Baseline harder irregularity,0.2,5,missforest,Missforest,0.6078572071158436,0.500901692013362,1.0,500,5,,,,,,,,0.2
1200067,baseline_harder,Baseline harder irregularity,0.2,5,missforest,Missforest,0.5865053800398004,0.4926770040832724,1.0,500,5,,,,,,,,0.2
1200069,baseline_harder,Baseline harder irregularity,0.2,5,missforest,Missforest,0.5847435836727451,0.4884596152706004,1.0,500,5,,,,,,,,0.2
1200070,baseline_harder,Baseline harder irregularity,0.2,5,missforest,Missforest,0.5980409028143209,0.4963819928604524,1.0,500,5,,,,,,,,0.2
1200071,baseline_harder,Baseline harder irregularity,0.2,5,missforest,Missforest,0.5718841182385526,0.4856283551169235,1.0,500,5,,,,,,,,0.2
1200072,baseline_harder,Baseline harder irregularity,0.2,5,missforest,Missforest,0.5465075094374187,0.4623192250401801,1.0,500,5,,,,,,,,0.2
1200073,baseline_harder,Baseline harder irregularity,0.2,5,missforest,Missforest,0.5830438469716981,0.4945021763233915,1.0,500,5,,,,,,,,0.2
1200074,baseline_harder,Baseline harder irregularity,0.2,5,missforest,Missforest,0.5787124221968013,0.5029395243815721,1.0,500,5,,,,,,,,0.2
1200075,baseline_harder,Baseline harder irregularity,0.2,5,missforest,Missforest,0.5820938695243653,0.4999962984319432,1.0,500,5,,,,,,,,0.2
1200076,baseline_harder,Baseline harder irregularity,0.2,5,missforest,Missforest,0.5881124425975411,0.4817230779927354,1.0,500,5,,,,,,,,0.2
1200077,baseline_harder,Baseline harder irregularity,0.2,5,missforest,Missforest,0.5799541044102737,0.4935982657646952,1.0,500,5,,,,,,,,0.2
1200079,baseline_harder,Baseline harder irregularity,0.2,5,missforest,Missforest,0.5586496275691801,0.4573991399573261,1.0,500,5,,,,,,,,0.2
1200078,baseline_harder,Baseline harder irregularity,0.2,5,missforest,Missforest,0.5952485665100423,0.4887109232412134,1.0,500,5,,,,,,,,0.2
1200080,baseline_harder,Baseline harder irregularity,0.2,5,missforest,Missforest,0.5830539808341751,0.498522921748753,1.0,500,5,,,,,,,,0.2
1200082,baseline_harder,Baseline harder irregularity,0.2,5,missforest,Missforest,0.5838940857208604,0.4834187468950344,1.0,500,5,,,,,,,,0.2
1200083,baseline_harder,Baseline harder irregularity,0.2,5,missforest,Missforest,0.5922301660656272,0.495863791778499,1.0,500,5,,,,,,,,0.2
1200081,baseline_harder,Baseline harder irregularity,0.2,5,missforest,Missforest,0.5905886962971258,0.5006403429959054,1.0,500,5,,,,,,,,0.2
1200084,baseline_harder,Baseline harder irregularity,0.2,5,missforest,Missforest,0.6108706064147535,0.5187117250804156,1.0,500,5,,,,,,,,0.2
1200086,baseline_harder,Baseline harder irregularity,0.2,5,missforest,Missforest,0.5830612324094947,0.4700037852056666,1.0,500,5,,,,,,,,0.2
1200085,baseline_harder,Baseline harder irregularity,0.2,5,missforest,Missforest,0.5905194143771747,0.4835245746268305,1.0,500,5,,,,,,,,0.2
1200087,baseline_harder,Baseline harder irregularity,0.2,5,missforest,Missforest,0.5707983305366733,0.4766494810580619,1.0,500,5,,,,,,,,0.2
1200088,baseline_harder,Baseline harder irregularity,0.2,5,missforest,Missforest,0.6021163748500681,0.5273761451591051,1.0,500,5,,,,,,,,0.2
1200089,baseline_harder,Baseline harder irregularity,0.2,5,missforest,Missforest,0.6377119937807473,0.5413574834059675,1.0,500,5,,,,,,,,0.2
1200090,baseline_harder,Baseline harder irregularity,0.2,5,missforest,Missforest,0.5755647378115882,0.4877939196338876,1.0,500,5,,,,,,,,0.2
1200091,baseline_harder,Baseline harder irregularity,0.2,5,missforest,Missforest,0.595363491152779,0.4656827036128713,1.0,500,5,,,,,,,,0.2
1200093,baseline_harder,Baseline harder irregularity,0.2,5,missforest,Missforest,0.5867597390685696,0.4976018841077309,1.0,500,5,,,,,,,,0.2
1200092,baseline_harder,Baseline harder irregularity,0.2,5,missforest,Missforest,0.5801192488745744,0.4855452541168412,1.0,500,5,,,,,,,,0.2
1200094,baseline_harder,Baseline harder irregularity,0.2,5,missforest,Missforest,0.5763660901405484,0.4814726581140496,1.0,500,5,,,,,,,,0.2
1200096,baseline_harder,Baseline harder irregularity,0.2,5,missforest,Missforest,0.5730893598105493,0.459062788809526,1.0,500,5,,,,,,,,0.2
1200095,baseline_harder,Baseline harder irregularity,0.2,5,missforest,Missforest,0.6035638877480156,0.5363765935482305,1.0,500,5,,,,,,,,0.2
1200098,baseline_harder,Baseline harder irregularity,0.2,5,missforest,Missforest,0.5779393520064203,0.484481876955658,1.0,500,5,,,,,,,,0.2
1200099,baseline_harder,Baseline harder irregularity,0.2,5,missforest,Missforest,0.5917403628885589,0.5089724015363549,1.0,500,5,,,,,,,,0.2
1200097,baseline_harder,Baseline harder irregularity,0.2,5,missforest,Missforest,0.5999906008823743,0.518989154412703,1.0,500,5,,,,,,,,0.2
1200101,baseline_harder,Baseline harder irregularity,0.2,5,missforest,Missforest,0.5868585828238807,0.4683703714883778,1.0,500,5,,,,,,,,0.2
1200102,baseline_harder,Baseline harder irregularity,0.2,5,missforest,Missforest,0.6028843222973067,0.5046328672657437,1.0,500,5,,,,,,,,0.2
1200100,baseline_harder,Baseline harder irregularity,0.2,5,missforest,Missforest,0.5880862965264863,0.4920946527351507,1.0,500,5,,,,,,,,0.2
1200106,baseline_harder,Baseline harder irregularity,0.2,5,missforest,Missforest,0.593322884229943,0.5029489184715774,1.0,500,5,,,,,,,,0.2
1200105,baseline_harder,Baseline harder irregularity,0.2,5,missforest,Missforest,0.5950424388630488,0.4981021513208239,1.0,500,5,,,,,,,,0.2
1200103,baseline_harder,Baseline harder irregularity,0.2,5,missforest,Missforest,0.5894670758710271,0.4881788665336985,1.0,500,5,,,,,,,,0.2
1200104,baseline_harder,Baseline harder irregularity,0.2,5,missforest,Missforest,0.617070343603658,0.502284034615789,1.0,500,5,,,,,,,,0.2
1200107,baseline_harder,Baseline harder irregularity,0.2,5,missforest,Missforest,0.5793418880681579,0.494536020681143,1.0,500,5,,,,,,,,0.2
1200108,baseline_harder,Baseline harder irregularity,0.2,5,missforest,Missforest,0.5843346636102814,0.4954166362117758,1.0,500,5,,,,,,,,0.2
1200109,baseline_harder,Baseline harder irregularity,0.2,5,missforest,Missforest,0.608794173843732,0.5038844534440018,1.0,500,5,,,,,,,,0.2
1200111,baseline_harder,Baseline harder irregularity,0.2,5,missforest,Missforest,0.5846839949908256,0.4993223969435872,1.0,500,5,,,,,,,,0.2
1200110,baseline_harder,Baseline harder irregularity,0.2,5,missforest,Missforest,0.5711726142662291,0.4855039384921798,1.0,500,5,,,,,,,,0.2
1200112,baseline_harder,Baseline harder irregularity,0.2,5,missforest,Missforest,0.5887961340871735,0.481530213205652,1.0,500,5,,,,,,,,0.2
1200114,baseline_harder,Baseline harder irregularity,0.2,5,missforest,Missforest,0.605050790326962,0.5213271279503178,1.0,500,5,,,,,,,,0.2
1200113,baseline_harder,Baseline harder irregularity,0.2,5,missforest,Missforest,0.5939842293836693,0.4974536090894597,1.0,500,5,,,,,,,,0.2
1200116,baseline_harder,Baseline harder irregularity,0.2,5,missforest,Missforest,0.5699131893016718,0.4920057349731001,1.0,500,5,,,,,,,,0.2
1200115,baseline_harder,Baseline harder irregularity,0.2,5,missforest,Missforest,0.5798475482100502,0.4867196176327031,1.0,500,5,,,,,,,,0.2
1200118,baseline_harder,Baseline harder irregularity,0.2,5,missforest,Missforest,0.5871713828231676,0.4792305696767258,1.0,500,5,,,,,,,,0.2
1200119,baseline_harder,Baseline harder irregularity,0.2,5,missforest,Missforest,0.6067779829984663,0.5240135605979762,1.0,500,5,,,,,,,,0.2
1200117,baseline_harder,Baseline harder irregularity,0.2,5,missforest,Missforest,0.5715966062007924,0.4729574010447404,1.0,500,5,,,,,,,,0.2
1200121,baseline_harder,Baseline harder irregularity,0.2,5,missforest,Missforest,0.5655781591699753,0.4820712731135734,1.0,500,5,,,,,,,,0.2
1200120,baseline_harder,Baseline harder irregularity,0.2,5,missforest,Missforest,0.6140840056321278,0.5298253400030727,1.0,500,5,,,,,,,,0.2
1200123,baseline_harder,Baseline harder irregularity,0.2,5,missforest,Missforest,0.6019197416339348,0.5016067954642958,1.0,500,5,,,,,,,,0.2
1200122,baseline_harder,Baseline harder irregularity,0.2,5,missforest,Missforest,0.6069600401667872,0.5099251948694328,1.0,500,5,,,,,,,,0.2
1200124,baseline_harder,Baseline harder irregularity,0.2,5,missforest,Missforest,0.5601452762329031,0.4733930121664267,1.0,500,5,,,,,,,,0.2
1200125,baseline_harder,Baseline harder irregularity,0.2,5,missforest,Missforest,0.6087694501296271,0.5053846357332094,1.0,500,5,,,,,,,,0.2
1200126,baseline_harder,Baseline harder irregularity,0.2,5,missforest,Missforest,0.5744179329003122,0.463282642859995,1.0,500,5,,,,,,,,0.2
1200128,baseline_harder,Baseline harder irregularity,0.2,5,missforest,Missforest,0.5952929410991102,0.4873794463411803,1.0,500,5,,,,,,,,0.2
1200127,baseline_harder,Baseline harder irregularity,0.2,5,missforest,Missforest,0.6202894775816453,0.5050874770352839,1.0,500,5,,,,,,,,0.2
1200130,baseline_harder,Baseline harder irregularity,0.2,5,missforest,Missforest,0.5593575841217318,0.4704041293389208,1.0,500,5,,,,,,,,0.2
1200129,baseline_harder,Baseline harder irregularity,0.2,5,missforest,Missforest,0.5966969166042584,0.5092600455379758,1.0,500,5,,,,,,,,0.2
1200131,baseline_harder,Baseline harder irregularity,0.2,5,missforest,Missforest,0.5909567340378286,0.4873922933687443,1.0,500,5,,,,,,,,0.2
1200133,baseline_harder,Baseline harder irregularity,0.2,5,missforest,Missforest,0.5922097539285702,0.4815015044560467,1.0,500,5,,,,,,,,0.2
1200132,baseline_harder,Baseline harder irregularity,0.2,5,missforest,Missforest,0.5837772632901884,0.4885409897048495,1.0,500,5,,,,,,,,0.2
1200134,baseline_harder,Baseline harder irregularity,0.2,5,missforest,Missforest,0.5916616104372358,0.506326767796958,1.0,500,5,,,,,,,,0.2
1200135,baseline_harder,Baseline harder irregularity,0.2,5,missforest,Missforest,0.6008938215511707,0.5136686160323212,1.0,500,5,,,,,,,,0.2
1200136,baseline_harder,Baseline harder irregularity,0.2,5,missforest,Missforest,0.5679986741619576,0.4750101784016469,1.0,500,5,,,,,,,,0.2
1200137,baseline_harder,Baseline harder irregularity,0.2,5,missforest,Missforest,0.6053189812207578,0.4977449053615735,1.0,500,5,,,,,,,,0.2
1200138,baseline_harder,Baseline harder irregularity,0.2,5,missforest,Missforest,0.6019793860946477,0.5048711589339405,1.0,500,5,,,,,,,,0.2
1200140,baseline_harder,Baseline harder irregularity,0.2,5,missforest,Missforest,0.5925639759016395,0.4948410699161218,1.0,500,5,,,,,,,,0.2
1200139,baseline_harder,Baseline harder irregularity,0.2,5,missforest,Missforest,0.6013987587902468,0.5030665613885633,1.0,500,5,,,,,,,,0.2
1200144,baseline_harder,Baseline harder irregularity,0.2,5,missforest,Missforest,0.5903371032593352,0.4703813772670889,1.0,500,5,,,,,,,,0.2
1200141,baseline_harder,Baseline harder irregularity,0.2,5,missforest,Missforest,0.6045618138529796,0.5095603745058811,1.0,500,5,,,,,,,,0.2
1200142,baseline_harder,Baseline harder irregularity,0.2,5,missforest,Missforest,0.5945206970079322,0.5015421387219442,1.0,500,5,,,,,,,,0.2
1200143,baseline_harder,Baseline harder irregularity,0.2,5,missforest,Missforest,0.618987285901548,0.524644826042311,1.0,500,5,,,,,,,,0.2
1200145,baseline_harder,Baseline harder irregularity,0.2,5,missforest,Missforest,0.5854762895964427,0.4894309721510589,1.0,500,5,,,,,,,,0.2
1200146,baseline_harder,Baseline harder irregularity,0.2,5,missforest,Missforest,0.5625311738216221,0.4766689680459047,1.0,500,5,,,,,,,,0.2
1200147,baseline_harder,Baseline harder irregularity,0.2,5,missforest,Missforest,0.6118565419766343,0.5086120530344472,1.0,500,5,,,,,,,,0.2
1200150,baseline_harder,Baseline harder irregularity,0.2,5,missforest,Missforest,0.6065745162707193,0.5332823186743435,1.0,500,5,,,,,,,,0.2
1200149,baseline_harder,Baseline harder irregularity,0.2,5,missforest,Missforest,0.5805013820874455,0.4735400293880753,1.0,500,5,,,,,,,,0.2
1200148,baseline_harder,Baseline harder irregularity,0.2,5,missforest,Missforest,0.5896246568933761,0.4916301571989313,1.0,500,5,,,,,,,,0.2
1200153,baseline_harder,Baseline harder irregularity,0.2,5,missforest,Missforest,0.5902283642900099,0.5053850429781048,1.0,500,5,,,,,,,,0.2
1200151,baseline_harder,Baseline harder irregularity,0.2,5,missforest,Missforest,0.5665682151961008,0.4759194445891088,1.0,500,5,,,,,,,,0.2
1200154,baseline_harder,Baseline harder irregularity,0.2,5,missforest,Missforest,0.5689499960887018,0.4766991419080368,1.0,500,5,,,,,,,,0.2
1200155,baseline_harder,Baseline harder irregularity,0.2,5,missforest,Missforest,0.5973860815837863,0.5178314414629204,1.0,500,5,,,,,,,,0.2
1200152,baseline_harder,Baseline harder irregularity,0.2,5,missforest,Missforest,0.5665307646743114,0.4434921400387341,1.0,500,5,,,,,,,,0.2
1200156,baseline_harder,Baseline harder irregularity,0.2,5,missforest,Missforest,0.6297316953242704,0.5098600179497536,1.0,500,5,,,,,,,,0.2
1200157,baseline_harder,Baseline harder irregularity,0.2,5,missforest,Missforest,0.5854163170878081,0.4819346787452059,1.0,500,5,,,,,,,,0.2
1200159,baseline_harder,Baseline harder irregularity,0.2,5,missforest,Missforest,0.6436643069542409,0.5691929105756577,1.0,500,5,,,,,,,,0.2
1200160,baseline_harder,Baseline harder irregularity,0.2,5,missforest,Missforest,0.6107197253007646,0.5179696122775609,1.0,500,5,,,,,,,,0.2
1200158,baseline_harder,Baseline harder irregularity,0.2,5,missforest,Missforest,0.548556525888752,0.4727366869745407,1.0,500,5,,,,,,,,0.2
1200161,baseline_harder,Baseline harder irregularity,0.2,5,missforest,Missforest,0.594187813436483,0.4836021530655536,1.0,500,5,,,,,,,,0.2
1200163,baseline_harder,Baseline harder irregularity,0.2,5,missforest,Missforest,0.5768838136375325,0.4778112829929985,1.0,500,5,,,,,,,,0.2
1200162,baseline_harder,Baseline harder irregularity,0.2,5,missforest,Missforest,0.6111006552836037,0.5011396043653661,1.0,500,5,,,,,,,,0.2
1200164,baseline_harder,Baseline harder irregularity,0.2,5,missforest,Missforest,0.5539022438990278,0.4512101456241573,1.0,500,5,,,,,,,,0.2
1200165,baseline_harder,Baseline harder irregularity,0.2,5,missforest,Missforest,0.5883864892923131,0.4829718057149464,1.0,500,5,,,,,,,,0.2
1200167,baseline_harder,Baseline harder irregularity,0.2,5,missforest,Missforest,0.6263730329439585,0.5135693520414417,1.0,500,5,,,,,,,,0.2
1200166,baseline_harder,Baseline harder irregularity,0.2,5,missforest,Missforest,0.5614354639379618,0.4706827944609567,1.0,500,5,,,,,,,,0.2
1200168,baseline_harder,Baseline harder irregularity,0.2,5,missforest,Missforest,0.5927380570745389,0.4976431257234802,1.0,500,5,,,,,,,,0.2
1200169,baseline_harder,Baseline harder irregularity,0.2,5,missforest,Missforest,0.5802514169020311,0.4681605699079668,1.0,500,5,,,,,,,,0.2
1200170,baseline_harder,Baseline harder irregularity,0.2,5,missforest,Missforest,0.5719415937624313,0.4749537945124825,1.0,500,5,,,,,,,,0.2
1200172,baseline_harder,Baseline harder irregularity,0.2,5,missforest,Missforest,0.5962108924810022,0.5003464558043509,1.0,500,5,,,,,,,,0.2
1200171,baseline_harder,Baseline harder irregularity,0.2,5,missforest,Missforest,0.6033278004725473,0.5101430145181503,1.0,500,5,,,,,,,,0.2
1200173,baseline_harder,Baseline harder irregularity,0.2,5,missforest,Missforest,0.566360236390664,0.4817307211806961,1.0,500,5,,,,,,,,0.2
1200174,baseline_harder,Baseline harder irregularity,0.2,5,missforest,Missforest,0.60617806948032,0.505080493302433,1.0,500,5,,,,,,,,0.2
1200177,baseline_harder,Baseline harder irregularity,0.2,5,missforest,Missforest,0.61940678687243,0.52708872359392,1.0,500,5,,,,,,,,0.2
1200175,baseline_harder,Baseline harder irregularity,0.2,5,missforest,Missforest,0.5724754793106385,0.4908799181399189,1.0,500,5,,,,,,,,0.2
1200176,baseline_harder,Baseline harder irregularity,0.2,5,missforest,Missforest,0.6097307112157818,0.5206223326764564,1.0,500,5,,,,,,,,0.2
1200178,baseline_harder,Baseline harder irregularity,0.2,5,missforest,Missforest,0.5995042581276788,0.4916729721135702,1.0,500,5,,,,,,,,0.2
1200179,baseline_harder,Baseline harder irregularity,0.2,5,missforest,Missforest,0.5915204400468368,0.5049979641778258,1.0,500,5,,,,,,,,0.2
1200180,baseline_harder,Baseline harder irregularity,0.2,5,missforest,Missforest,0.6000768086840316,0.5121923383357144,1.0,500,5,,,,,,,,0.2
1200182,baseline_harder,Baseline harder irregularity,0.2,5,missforest,Missforest,0.5810271692180107,0.4842041149684322,1.0,500,5,,,,,,,,0.2
1200181,baseline_harder,Baseline harder irregularity,0.2,5,missforest,Missforest,0.5935150618880701,0.523918612513987,1.0,500,5,,,,,,,,0.2
1200185,baseline_harder,Baseline harder irregularity,0.2,5,missforest,Missforest,0.5626850691837733,0.4767072653226877,1.0,500,5,,,,,,,,0.2
1200183,baseline_harder,Baseline harder irregularity,0.2,5,missforest,Missforest,0.6143596866961052,0.4988717244845335,1.0,500,5,,,,,,,,0.2
1200184,baseline_harder,Baseline harder irregularity,0.2,5,missforest,Missforest,0.6086119571374841,0.5141754762769144,1.0,500,5,,,,,,,,0.2
1200186,baseline_harder,Baseline harder irregularity,0.2,5,missforest,Missforest,0.5530701798051316,0.4688146311953632,1.0,500,5,,,,,,,,0.2
1200187,baseline_harder,Baseline harder irregularity,0.2,5,missforest,Missforest,0.5691001446341084,0.4758615858160311,1.0,500,5,,,,,,,,0.2
1200188,baseline_harder,Baseline harder irregularity,0.2,5,missforest,Missforest,0.580419396369297,0.4931847788299855,1.0,500,5,,,,,,,,0.2
1200189,baseline_harder,Baseline harder irregularity,0.2,5,missforest,Missforest,0.6124699934203305,0.5188014432314257,1.0,500,5,,,,,,,,0.2
1200192,baseline_harder,Baseline harder irregularity,0.2,5,missforest,Missforest,0.5610330227647499,0.4576692931539303,1.0,500,5,,,,,,,,0.2
1200191,baseline_harder,Baseline harder irregularity,0.2,5,missforest,Missforest,0.5949676880760507,0.4836322004203267,1.0,500,5,,,,,,,,0.2
1200194,baseline_harder,Baseline harder irregularity,0.2,5,missforest,Missforest,0.6127708904728949,0.5185475227368604,1.0,500,5,,,,,,,,0.2
1200190,baseline_harder,Baseline harder irregularity,0.2,5,missforest,Missforest,0.6214686160124632,0.5146712626216745,1.0,500,5,,,,,,,,0.2
1200193,baseline_harder,Baseline harder irregularity,0.2,5,missforest,Missforest,0.613081009860787,0.551883221810159,1.0,500,5,,,,,,,,0.2
1200195,baseline_harder,Baseline harder irregularity,0.2,5,missforest,Missforest,0.6128856032229111,0.5276477919739325,1.0,500,5,,,,,,,,0.2
1200196,baseline_harder,Baseline harder irregularity,0.2,5,missforest,Missforest,0.5681289462623844,0.4981194018313591,1.0,500,5,,,,,,,,0.2
1200197,baseline_harder,Baseline harder irregularity,0.2,5,missforest,Missforest,0.6257259763687729,0.5388553087476718,1.0,500,5,,,,,,,,0.2
1200020,baseline_harder,Baseline harder irregularity,0.4,5,missforest,Missforest,0.6033682670759373,0.7088151486494455,1.0,500,5,,,,,,,,0.4
1200198,baseline_harder,Baseline harder irregularity,0.2,5,missforest,Missforest,0.5899466645877169,0.4773425490724285,1.0,500,5,,,,,,,,0.2
1200021,baseline_harder,Baseline harder irregularity,0.4,5,missforest,Missforest,0.6231491070517564,0.7316427977748504,1.0,500,5,,,,,,,,0.4
1200023,baseline_harder,Baseline harder irregularity,0.4,5,missforest,Missforest,0.6096212327885444,0.7328154216315241,1.0,500,5,,,,,,,,0.4
1200024,baseline_harder,Baseline harder irregularity,0.4,5,missforest,Missforest,0.5910362099383804,0.6787451251730182,1.0,500,5,,,,,,,,0.4
1200022,baseline_harder,Baseline harder irregularity,0.4,5,missforest,Missforest,0.5931020846791041,0.6821830388150936,1.0,500,5,,,,,,,,0.4
1200199,baseline_harder,Baseline harder irregularity,0.2,5,missforest,Missforest,0.6043835906606267,0.5091857858549336,1.0,500,5,,,,,,,,0.2
1200026,baseline_harder,Baseline harder irregularity,0.4,5,missforest,Missforest,0.6100942314408614,0.7019122887760424,1.0,500,5,,,,,,,,0.4
1200025,baseline_harder,Baseline harder irregularity,0.4,5,missforest,Missforest,0.636367033664949,0.7542519226983747,1.0,500,5,,,,,,,,0.4
1200028,baseline_harder,Baseline harder irregularity,0.4,5,missforest,Missforest,0.6321862023036142,0.7595888375647921,1.0,500,5,,,,,,,,0.4
1200027,baseline_harder,Baseline harder irregularity,0.4,5,missforest,Missforest,0.6122429495642268,0.7251029527102713,1.0,500,5,,,,,,,,0.4
1200032,baseline_harder,Baseline harder irregularity,0.4,5,missforest,Missforest,0.6301125698711082,0.7297854650805783,1.0,500,5,,,,,,,,0.4
1200033,baseline_harder,Baseline harder irregularity,0.4,5,missforest,Missforest,0.6434028319116484,0.7365850359792514,1.0,500,5,,,,,,,,0.4
1200029,baseline_harder,Baseline harder irregularity,0.4,5,missforest,Missforest,0.6062459926318048,0.7158545467481405,1.0,500,5,,,,,,,,0.4
1200030,baseline_harder,Baseline harder irregularity,0.4,5,missforest,Missforest,0.6138475667626972,0.7106169078064459,1.0,500,5,,,,,,,,0.4
1200034,baseline_harder,Baseline harder irregularity,0.4,5,missforest,Missforest,0.5944514704084297,0.7027493115803847,1.0,500,5,,,,,,,,0.4
1200031,baseline_harder,Baseline harder irregularity,0.4,5,missforest,Missforest,0.580964348276786,0.6728759696007118,1.0,500,5,,,,,,,,0.4
1200036,baseline_harder,Baseline harder irregularity,0.4,5,missforest,Missforest,0.6170210338086537,0.7147978817691866,1.0,500,5,,,,,,,,0.4
1200035,baseline_harder,Baseline harder irregularity,0.4,5,missforest,Missforest,0.6270535806730942,0.7088378259745359,1.0,500,5,,,,,,,,0.4
1200038,baseline_harder,Baseline harder irregularity,0.4,5,missforest,Missforest,0.6052798094369694,0.7162571203234218,1.0,500,5,,,,,,,,0.4
1200037,baseline_harder,Baseline harder irregularity,0.4,5,missforest,Missforest,0.599126609111501,0.6878536193616854,1.0,500,5,,,,,,,,0.4
1200040,baseline_harder,Baseline harder irregularity,0.4,5,missforest,Missforest,0.5991709810923809,0.6983575054023083,1.0,500,5,,,,,,,,0.4
1200039,baseline_harder,Baseline harder irregularity,0.4,5,missforest,Missforest,0.6288603303124722,0.722557559753587,1.0,500,5,,,,,,,,0.4
1200043,baseline_harder,Baseline harder irregularity,0.4,5,missforest,Missforest,0.6174325948348921,0.728927569380584,1.0,500,5,,,,,,,,0.4
1200042,baseline_harder,Baseline harder irregularity,0.4,5,missforest,Missforest,0.6331366885274397,0.7571259651134352,1.0,500,5,,,,,,,,0.4
1200045,baseline_harder,Baseline harder irregularity,0.4,5,missforest,Missforest,0.6129669647207857,0.6968315134916776,1.0,500,5,,,,,,,,0.4
1200044,baseline_harder,Baseline harder irregularity,0.4,5,missforest,Missforest,0.6088580196648644,0.7022562677184038,1.0,500,5,,,,,,,,0.4
1200041,baseline_harder,Baseline harder irregularity,0.4,5,missforest,Missforest,0.6052481672079346,0.695550761201173,1.0,500,5,,,,,,,,0.4
1200046,baseline_harder,Baseline harder irregularity,0.4,5,missforest,Missforest,0.6324661983996543,0.719456862936186,1.0,500,5,,,,,,,,0.4
1200048,baseline_harder,Baseline harder irregularity,0.4,5,missforest,Missforest,0.6295814228897787,0.7413322567549462,1.0,500,5,,,,,,,,0.4
1200049,baseline_harder,Baseline harder irregularity,0.4,5,missforest,Missforest,0.599323608651579,0.6927285451276057,1.0,500,5,,,,,,,,0.4
1200047,baseline_harder,Baseline harder irregularity,0.4,5,missforest,Missforest,0.6170491435980072,0.7188595744456254,1.0,500,5,,,,,,,,0.4
1200051,baseline_harder,Baseline harder irregularity,0.4,5,missforest,Missforest,0.613968687030178,0.7047804650840027,1.0,500,5,,,,,,,,0.4
1200052,baseline_harder,Baseline harder irregularity,0.4,5,missforest,Missforest,0.6113929409609432,0.7135014260173987,1.0,500,5,,,,,,,,0.4
1200055,baseline_harder,Baseline harder irregularity,0.4,5,missforest,Missforest,0.6219131702205345,0.7397295773749609,1.0,500,5,,,,,,,,0.4
1200050,baseline_harder,Baseline harder irregularity,0.4,5,missforest,Missforest,0.6167240859471769,0.7136539173643639,1.0,500,5,,,,,,,,0.4
1200053,baseline_harder,Baseline harder irregularity,0.4,5,missforest,Missforest,0.6122259952053727,0.7084809473143343,1.0,500,5,,,,,,,,0.4
1200056,baseline_harder,Baseline harder irregularity,0.4,5,missforest,Missforest,0.6216089646385426,0.7120371500979904,1.0,500,5,,,,,,,,0.4
1200054,baseline_harder,Baseline harder irregularity,0.4,5,missforest,Missforest,0.620600741096083,0.7049821552325743,1.0,500,5,,,,,,,,0.4
1200057,baseline_harder,Baseline harder irregularity,0.4,5,missforest,Missforest,0.6178778151694152,0.7253321836613922,1.0,500,5,,,,,,,,0.4
1200059,baseline_harder,Baseline harder irregularity,0.4,5,missforest,Missforest,0.6051361057360547,0.707426359599465,1.0,500,5,,,,,,,,0.4
1200058,baseline_harder,Baseline harder irregularity,0.4,5,missforest,Missforest,0.6138894742721563,0.7122184892676777,1.0,500,5,,,,,,,,0.4
1200063,baseline_harder,Baseline harder irregularity,0.4,5,missforest,Missforest,0.5954847325152826,0.68741965052364,1.0,500,5,,,,,,,,0.4
1200060,baseline_harder,Baseline harder irregularity,0.4,5,missforest,Missforest,0.6028131423384417,0.7134780592857961,1.0,500,5,,,,,,,,0.4
1200061,baseline_harder,Baseline harder irregularity,0.4,5,missforest,Missforest,0.6038853371124419,0.6852343983194809,1.0,500,5,,,,,,,,0.4
1200064,baseline_harder,Baseline harder irregularity,0.4,5,missforest,Missforest,0.5982888907424377,0.7000708508548695,1.0,500,5,,,,,,,,0.4
1200065,baseline_harder,Baseline harder irregularity,0.4,5,missforest,Missforest,0.6293559383095483,0.7241052792542229,1.0,500,5,,,,,,,,0.4
1200062,baseline_harder,Baseline harder irregularity,0.4,5,missforest,Missforest,0.6267557150471617,0.7273557833209467,1.0,500,5,,,,,,,,0.4
1200066,baseline_harder,Baseline harder irregularity,0.4,5,missforest,Missforest,0.606220069510842,0.7007745903530724,1.0,500,5,,,,,,,,0.4
1200067,baseline_harder,Baseline harder irregularity,0.4,5,missforest,Missforest,0.6147474389470532,0.7015471727021027,1.0,500,5,,,,,,,,0.4
1200068,baseline_harder,Baseline harder irregularity,0.4,5,missforest,Missforest,0.6131980744622313,0.7172114138217208,1.0,500,5,,,,,,,,0.4
1200069,baseline_harder,Baseline harder irregularity,0.4,5,missforest,Missforest,0.6195064379807965,0.7070094963476626,1.0,500,5,,,,,,,,0.4
1200070,baseline_harder,Baseline harder irregularity,0.4,5,missforest,Missforest,0.5860776294337767,0.6676044319250989,1.0,500,5,,,,,,,,0.4
1200072,baseline_harder,Baseline harder irregularity,0.4,5,missforest,Missforest,0.6306027189260812,0.7349629922645825,1.0,500,5,,,,,,,,0.4
1200073,baseline_harder,Baseline harder irregularity,0.4,5,missforest,Missforest,0.5918132319943282,0.6972157302954403,1.0,500,5,,,,,,,,0.4
1200071,baseline_harder,Baseline harder irregularity,0.4,5,missforest,Missforest,0.5778993349678281,0.66855882174559,1.0,500,5,,,,,,,,0.4
1200074,baseline_harder,Baseline harder irregularity,0.4,5,missforest,Missforest,0.6121708165970271,0.7264126265316109,1.0,500,5,,,,,,,,0.4
1200076,baseline_harder,Baseline harder irregularity,0.4,5,missforest,Missforest,0.6022655625644606,0.698525687445609,1.0,500,5,,,,,,,,0.4
1200075,baseline_harder,Baseline harder irregularity,0.4,5,missforest,Missforest,0.6087237597945124,0.702263598101498,1.0,500,5,,,,,,,,0.4
1200078,baseline_harder,Baseline harder irregularity,0.4,5,missforest,Missforest,0.6166725228795609,0.7082529583856529,1.0,500,5,,,,,,,,0.4
1200077,baseline_harder,Baseline harder irregularity,0.4,5,missforest,Missforest,0.6275672883483623,0.7319826619023996,1.0,500,5,,,,,,,,0.4
1200079,baseline_harder,Baseline harder irregularity,0.4,5,missforest,Missforest,0.6033435862154757,0.7071909861902761,1.0,500,5,,,,,,,,0.4
1200082,baseline_harder,Baseline harder irregularity,0.4,5,missforest,Missforest,0.6421011561920187,0.757191507042735,1.0,500,5,,,,,,,,0.4
1200083,baseline_harder,Baseline harder irregularity,0.4,5,missforest,Missforest,0.6104366332917179,0.7090433388648006,1.0,500,5,,,,,,,,0.4
1200081,baseline_harder,Baseline harder irregularity,0.4,5,missforest,Missforest,0.6233083735181622,0.7319517054802439,1.0,500,5,,,,,,,,0.4
1200080,baseline_harder,Baseline harder irregularity,0.4,5,missforest,Missforest,0.6068136865721382,0.691962981302162,1.0,500,5,,,,,,,,0.4
1200086,baseline_harder,Baseline harder irregularity,0.4,5,missforest,Missforest,0.6103190335545241,0.6866383795146435,1.0,500,5,,,,,,,,0.4
1200084,baseline_harder,Baseline harder irregularity,0.4,5,missforest,Missforest,0.6252030833171034,0.7537477611978453,1.0,500,5,,,,,,,,0.4
1200085,baseline_harder,Baseline harder irregularity,0.4,5,missforest,Missforest,0.6265925259424465,0.7253502460038617,1.0,500,5,,,,,,,,0.4
1200087,baseline_harder,Baseline harder irregularity,0.4,5,missforest,Missforest,0.5993160214245047,0.706544799535553,1.0,500,5,,,,,,,,0.4
1200088,baseline_harder,Baseline harder irregularity,0.4,5,missforest,Missforest,0.6215537584097197,0.7157679088576503,1.0,500,5,,,,,,,,0.4
1200090,baseline_harder,Baseline harder irregularity,0.4,5,missforest,Missforest,0.6262513234904309,0.7335158561093514,1.0,500,5,,,,,,,,0.4
1200089,baseline_harder,Baseline harder irregularity,0.4,5,missforest,Missforest,0.6528526893381584,0.764949679237757,1.0,500,5,,,,,,,,0.4
1200095,baseline_harder,Baseline harder irregularity,0.4,5,missforest,Missforest,0.6222224123245435,0.7248500097264517,1.0,500,5,,,,,,,,0.4
1200094,baseline_harder,Baseline harder irregularity,0.4,5,missforest,Missforest,0.613332129337002,0.6872964491884508,1.0,500,5,,,,,,,,0.4
1200092,baseline_harder,Baseline harder irregularity,0.4,5,missforest,Missforest,0.6129917456191236,0.7168045691961136,1.0,500,5,,,,,,,,0.4
1200093,baseline_harder,Baseline harder irregularity,0.4,5,missforest,Missforest,0.600363408017708,0.7130616069394358,1.0,500,5,,,,,,,,0.4
1200091,baseline_harder,Baseline harder irregularity,0.4,5,missforest,Missforest,0.6182252873331462,0.7182165851274591,1.0,500,5,,,,,,,,0.4
1200096,baseline_harder,Baseline harder irregularity,0.4,5,missforest,Missforest,0.5921477010997939,0.6764303989992111,1.0,500,5,,,,,,,,0.4
1200097,baseline_harder,Baseline harder irregularity,0.4,5,missforest,Missforest,0.610827561386992,0.7223127180392096,1.0,500,5,,,,,,,,0.4
1200100,baseline_harder,Baseline harder irregularity,0.4,5,missforest,Missforest,0.627804834810026,0.7223640776247825,1.0,500,5,,,,,,,,0.4
1200098,baseline_harder,Baseline harder irregularity,0.4,5,missforest,Missforest,0.6395578243789887,0.7206804319246585,1.0,500,5,,,,,,,,0.4
1200099,baseline_harder,Baseline harder irregularity,0.4,5,missforest,Missforest,0.6179073873844486,0.7228798428683318,1.0,500,5,,,,,,,,0.4
1200103,baseline_harder,Baseline harder irregularity,0.4,5,missforest,Missforest,0.6362349296818053,0.7352297243894003,1.0,500,5,,,,,,,,0.4
1200101,baseline_harder,Baseline harder irregularity,0.4,5,missforest,Missforest,0.6138156489617214,0.7034806842378402,1.0,500,5,,,,,,,,0.4
1200102,baseline_harder,Baseline harder irregularity,0.4,5,missforest,Missforest,0.6068337144102006,0.7241796870210045,1.0,500,5,,,,,,,,0.4
1200105,baseline_harder,Baseline harder irregularity,0.4,5,missforest,Missforest,0.6011476555492212,0.7103512625843148,1.0,500,5,,,,,,,,0.4
1200104,baseline_harder,Baseline harder irregularity,0.4,5,missforest,Missforest,0.6305878762653401,0.7162641527335041,1.0,500,5,,,,,,,,0.4
1200106,baseline_harder,Baseline harder irregularity,0.4,5,missforest,Missforest,0.6182613709147716,0.6727540735579035,1.0,500,5,,,,,,,,0.4
1200107,baseline_harder,Baseline harder irregularity,0.4,5,missforest,Missforest,0.5825852010871768,0.6876566241334763,1.0,500,5,,,,,,,,0.4
1200108,baseline_harder,Baseline harder irregularity,0.4,5,missforest,Missforest,0.6107615289248324,0.6778995825908778,1.0,500,5,,,,,,,,0.4
1200110,baseline_harder,Baseline harder irregularity,0.4,5,missforest,Missforest,0.5885042547066692,0.6811248314228304,1.0,500,5,,,,,,,,0.4
1200109,baseline_harder,Baseline harder irregularity,0.4,5,missforest,Missforest,0.6207081566311032,0.7330188589890066,1.0,500,5,,,,,,,,0.4
1200113,baseline_harder,Baseline harder irregularity,0.4,5,missforest,Missforest,0.6305758924023553,0.7332947016719874,1.0,500,5,,,,,,,,0.4
1200111,baseline_harder,Baseline harder irregularity,0.4,5,missforest,Missforest,0.6075077936530138,0.7240188867369108,1.0,500,5,,,,,,,,0.4
1200114,baseline_harder,Baseline harder irregularity,0.4,5,missforest,Missforest,0.633303280638249,0.7374389035435521,1.0,500,5,,,,,,,,0.4
1200112,baseline_harder,Baseline harder irregularity,0.4,5,missforest,Missforest,0.6151198587818721,0.7346703482513997,1.0,500,5,,,,,,,,0.4
1200115,baseline_harder,Baseline harder irregularity,0.4,5,missforest,Missforest,0.5827542395467917,0.7043684997173784,1.0,500,5,,,,,,,,0.4
1200116,baseline_harder,Baseline harder irregularity,0.4,5,missforest,Missforest,0.6071068497424122,0.7026712792318517,1.0,500,5,,,,,,,,0.4
1200117,baseline_harder,Baseline harder irregularity,0.4,5,missforest,Missforest,0.6139120523224073,0.7299725451029522,1.0,500,5,,,,,,,,0.4
1200119,baseline_harder,Baseline harder irregularity,0.4,5,missforest,Missforest,0.6247081198758923,0.7555522060189053,1.0,500,5,,,,,,,,0.4
1200120,baseline_harder,Baseline harder irregularity,0.4,5,missforest,Missforest,0.6130633337924952,0.7069724525676269,1.0,500,5,,,,,,,,0.4
1200118,baseline_harder,Baseline harder irregularity,0.4,5,missforest,Missforest,0.6024787978398192,0.6924932173153803,1.0,500,5,,,,,,,,0.4
1200121,baseline_harder,Baseline harder irregularity,0.4,5,missforest,Missforest,0.6065306683125338,0.706646915590613,1.0,500,5,,,,,,,,0.4
1200122,baseline_harder,Baseline harder irregularity,0.4,5,missforest,Missforest,0.6030705496170746,0.6932303470692636,1.0,500,5,,,,,,,,0.4
1200123,baseline_harder,Baseline harder irregularity,0.4,5,missforest,Missforest,0.6307226287524648,0.7281780064716528,1.0,500,5,,,,,,,,0.4
1200125,baseline_harder,Baseline harder irregularity,0.4,5,missforest,Missforest,0.6029553473456101,0.6868131388440177,1.0,500,5,,,,,,,,0.4
1200124,baseline_harder,Baseline harder irregularity,0.4,5,missforest,Missforest,0.6251301020090595,0.7270788360297116,1.0,500,5,,,,,,,,0.4
1200126,baseline_harder,Baseline harder irregularity,0.4,5,missforest,Missforest,0.6147194563875238,0.6977460770237167,1.0,500,5,,,,,,,,0.4
1200129,baseline_harder,Baseline harder irregularity,0.4,5,missforest,Missforest,0.6161691558525373,0.7228599672718384,1.0,500,5,,,,,,,,0.4
1200127,baseline_harder,Baseline harder irregularity,0.4,5,missforest,Missforest,0.6136244880872413,0.7132572222762849,1.0,500,5,,,,,,,,0.4
1200130,baseline_harder,Baseline harder irregularity,0.4,5,missforest,Missforest,0.6043660888738157,0.6955605507653669,1.0,500,5,,,,,,,,0.4
1200128,baseline_harder,Baseline harder irregularity,0.4,5,missforest,Missforest,0.6024130074736982,0.6949658035624302,1.0,500,5,,,,,,,,0.4
1200131,baseline_harder,Baseline harder irregularity,0.4,5,missforest,Missforest,0.5926711097807309,0.6773476956050497,1.0,500,5,,,,,,,,0.4
1200133,baseline_harder,Baseline harder irregularity,0.4,5,missforest,Missforest,0.6322308161100664,0.7418059692399704,1.0,500,5,,,,,,,,0.4
1200135,baseline_harder,Baseline harder irregularity,0.4,5,missforest,Missforest,0.6117012803630966,0.7312918843836155,1.0,500,5,,,,,,,,0.4
1200132,baseline_harder,Baseline harder irregularity,0.4,5,missforest,Missforest,0.607072966489668,0.7222261854088848,1.0,500,5,,,,,,,,0.4
1200134,baseline_harder,Baseline harder irregularity,0.4,5,missforest,Missforest,0.6149778968491985,0.7193376373135829,1.0,500,5,,,,,,,,0.4
1200136,baseline_harder,Baseline harder irregularity,0.4,5,missforest,Missforest,0.6136912349751708,0.6954061054481108,1.0,500,5,,,,,,,,0.4
1200138,baseline_harder,Baseline harder irregularity,0.4,5,missforest,Missforest,0.6250963318747902,0.7408278518799238,1.0,500,5,,,,,,,,0.4
1200139,baseline_harder,Baseline harder irregularity,0.4,5,missforest,Missforest,0.6076204917991007,0.7287854922797922,1.0,500,5,,,,,,,,0.4
1200137,baseline_harder,Baseline harder irregularity,0.4,5,missforest,Missforest,0.61082848659313,0.6856607028617955,1.0,500,5,,,,,,,,0.4
1200140,baseline_harder,Baseline harder irregularity,0.4,5,missforest,Missforest,0.6200501558368677,0.7188607134062204,1.0,500,5,,,,,,,,0.4
1200141,baseline_harder,Baseline harder irregularity,0.4,5,missforest,Missforest,0.6128940551776967,0.7223449716867113,1.0,500,5,,,,,,,,0.4
1200142,baseline_harder,Baseline harder irregularity,0.4,5,missforest,Missforest,0.6150820395492124,0.6972798744705448,1.0,500,5,,,,,,,,0.4
1200143,baseline_harder,Baseline harder irregularity,0.4,5,missforest,Missforest,0.6393386573748484,0.7467625163210561,1.0,500,5,,,,,,,,0.4
1200144,baseline_harder,Baseline harder irregularity,0.4,5,missforest,Missforest,0.6134410475452712,0.6920886884140017,1.0,500,5,,,,,,,,0.4
1200145,baseline_harder,Baseline harder irregularity,0.4,5,missforest,Missforest,0.5891617882314667,0.6693468144235774,1.0,500,5,,,,,,,,0.4
1200146,baseline_harder,Baseline harder irregularity,0.4,5,missforest,Missforest,0.6150629538034592,0.7092012611677356,1.0,500,5,,,,,,,,0.4
1200149,baseline_harder,Baseline harder irregularity,0.4,5,missforest,Missforest,0.6355042137713323,0.7112220711917663,1.0,500,5,,,,,,,,0.4
1200150,baseline_harder,Baseline harder irregularity,0.4,5,missforest,Missforest,0.6194485872627051,0.7354187885500549,1.0,500,5,,,,,,,,0.4
1200147,baseline_harder,Baseline harder irregularity,0.4,5,missforest,Missforest,0.6206280007093674,0.7078498011044506,1.0,500,5,,,,,,,,0.4
1200148,baseline_harder,Baseline harder irregularity,0.4,5,missforest,Missforest,0.6231578688772554,0.7006964545438871,1.0,500,5,,,,,,,,0.4
1200155,baseline_harder,Baseline harder irregularity,0.4,5,missforest,Missforest,0.6299349856137605,0.7602590957942094,1.0,500,5,,,,,,,,0.4
1200151,baseline_harder,Baseline harder irregularity,0.4,5,missforest,Missforest,0.6092158221339652,0.6943781520903392,1.0,500,5,,,,,,,,0.4
1200153,baseline_harder,Baseline harder irregularity,0.4,5,missforest,Missforest,0.5933513723671752,0.6728295720580215,1.0,500,5,,,,,,,,0.4
1200152,baseline_harder,Baseline harder irregularity,0.4,5,missforest,Missforest,0.5948202394348238,0.6872188745700589,1.0,500,5,,,,,,,,0.4
1200154,baseline_harder,Baseline harder irregularity,0.4,5,missforest,Missforest,0.6116345014194107,0.7011058336438691,1.0,500,5,,,,,,,,0.4
1200156,baseline_harder,Baseline harder irregularity,0.4,5,missforest,Missforest,0.6253060595873174,0.7019403515519873,1.0,500,5,,,,,,,,0.4
1200157,baseline_harder,Baseline harder irregularity,0.4,5,missforest,Missforest,0.609107405001091,0.7197860207366207,1.0,500,5,,,,,,,,0.4
1200158,baseline_harder,Baseline harder irregularity,0.4,5,missforest,Missforest,0.6041359027451902,0.6818817072076462,1.0,500,5,,,,,,,,0.4
1200159,baseline_harder,Baseline harder irregularity,0.4,5,missforest,Missforest,0.6236475681681519,0.765105378282969,1.0,500,5,,,,,,,,0.4
1200160,baseline_harder,Baseline harder irregularity,0.4,5,missforest,Missforest,0.6324284306716521,0.7361186187412936,1.0,500,5,,,,,,,,0.4
1200161,baseline_harder,Baseline harder irregularity,0.4,5,missforest,Missforest,0.6196506514118405,0.7146025900387963,1.0,500,5,,,,,,,,0.4
1200162,baseline_harder,Baseline harder irregularity,0.4,5,missforest,Missforest,0.6240748360788371,0.7204589414091305,1.0,500,5,,,,,,,,0.4
1200164,baseline_harder,Baseline harder irregularity,0.4,5,missforest,Missforest,0.5786047399488937,0.6739571987027848,1.0,500,5,,,,,,,,0.4
1200165,baseline_harder,Baseline harder irregularity,0.4,5,missforest,Missforest,0.6265449434813519,0.7193425941356635,1.0,500,5,,,,,,,,0.4
1200163,baseline_harder,Baseline harder irregularity,0.4,5,missforest,Missforest,0.6216056758356402,0.7051142710674219,1.0,500,5,,,,,,,,0.4
1200166,baseline_harder,Baseline harder irregularity,0.4,5,missforest,Missforest,0.586177203489719,0.6737761801145421,1.0,500,5,,,,,,,,0.4
1200167,baseline_harder,Baseline harder irregularity,0.4,5,missforest,Missforest,0.622645941971934,0.6915596703536897,1.0,500,5,,,,,,,,0.4
1200168,baseline_harder,Baseline harder irregularity,0.4,5,missforest,Missforest,0.6109407675915065,0.6987954187367866,1.0,500,5,,,,,,,,0.4
1200169,baseline_harder,Baseline harder irregularity,0.4,5,missforest,Missforest,0.6167514759907706,0.6937355209125691,1.0,500,5,,,,,,,,0.4
1200171,baseline_harder,Baseline harder irregularity,0.4,5,missforest,Missforest,0.5836070246761826,0.6813915615747361,1.0,500,5,,,,,,,,0.4
1200170,baseline_harder,Baseline harder irregularity,0.4,5,missforest,Missforest,0.6332823824496854,0.7311058452827219,1.0,500,5,,,,,,,,0.4
1200172,baseline_harder,Baseline harder irregularity,0.4,5,missforest,Missforest,0.6107221948522272,0.7048813713106481,1.0,500,5,,,,,,,,0.4
1200173,baseline_harder,Baseline harder irregularity,0.4,5,missforest,Missforest,0.6075756481255631,0.7302554480486738,1.0,500,5,,,,,,,,0.4
1200174,baseline_harder,Baseline harder irregularity,0.4,5,missforest,Missforest,0.6400071003274095,0.704394683459745,1.0,500,5,,,,,,,,0.4
1200175,baseline_harder,Baseline harder irregularity,0.4,5,missforest,Missforest,0.6172585530082741,0.7281505479033228,1.0,500,5,,,,,,,,0.4
1200176,baseline_harder,Baseline harder irregularity,0.4,5,missforest,Missforest,0.6108729248862902,0.7110628335670643,1.0,500,5,,,,,,,,0.4
1200177,baseline_harder,Baseline harder irregularity,0.4,5,missforest,Missforest,0.6540229364311084,0.7633065528814028,1.0,500,5,,,,,,,,0.4
1200178,baseline_harder,Baseline harder irregularity,0.4,5,missforest,Missforest,0.615567909141538,0.6967931914027409,1.0,500,5,,,,,,,,0.4
1200179,baseline_harder,Baseline harder irregularity,0.4,5,missforest,Missforest,0.6239227523212524,0.7473036886843641,1.0,500,5,,,,,,,,0.4
1200181,baseline_harder,Baseline harder irregularity,0.4,5,missforest,Missforest,0.5998969800440552,0.7056017125141154,1.0,500,5,,,,,,,,0.4
1200180,baseline_harder,Baseline harder irregularity,0.4,5,missforest,Missforest,0.6221748561571564,0.7248145018600439,1.0,500,5,,,,,,,,0.4
1200182,baseline_harder,Baseline harder irregularity,0.4,5,missforest,Missforest,0.6078211539605224,0.7085656212825641,1.0,500,5,,,,,,,,0.4
1200185,baseline_harder,Baseline harder irregularity,0.4,5,missforest,Missforest,0.5979925545407432,0.7297346003866626,1.0,500,5,,,,,,,,0.4
1200184,baseline_harder,Baseline harder irregularity,0.4,5,missforest,Missforest,0.6047038613198735,0.6945628630103827,1.0,500,5,,,,,,,,0.4
1200186,baseline_harder,Baseline harder irregularity,0.4,5,missforest,Missforest,0.5840295663149501,0.7033720714527083,1.0,500,5,,,,,,,,0.4
1200183,baseline_harder,Baseline harder irregularity,0.4,5,missforest,Missforest,0.6166572084852436,0.7068236646201982,1.0,500,5,,,,,,,,0.4
1200187,baseline_harder,Baseline harder irregularity,0.4,5,missforest,Missforest,0.5960767045662957,0.707733590696379,1.0,500,5,,,,,,,,0.4
1200188,baseline_harder,Baseline harder irregularity,0.4,5,missforest,Missforest,0.636879941892394,0.7363024414129369,1.0,500,5,,,,,,,,0.4
1200189,baseline_harder,Baseline harder irregularity,0.4,5,missforest,Missforest,0.6453730057547805,0.7480643404581864,1.0,500,5,,,,,,,,0.4
1200190,baseline_harder,Baseline harder irregularity,0.4,5,missforest,Missforest,0.6324955583338794,0.7294762096591061,1.0,500,5,,,,,,,,0.4
1200192,baseline_harder,Baseline harder irregularity,0.4,5,missforest,Missforest,0.6035962358081944,0.6736554820645395,1.0,500,5,,,,,,,,0.4
1200191,baseline_harder,Baseline harder irregularity,0.4,5,missforest,Missforest,0.6072353978385119,0.6873718173527299,1.0,500,5,,,,,,,,0.4
1200193,baseline_harder,Baseline harder irregularity,0.4,5,missforest,Missforest,0.6313397819885834,0.7408168579906698,1.0,500,5,,,,,,,,0.4
1200195,baseline_harder,Baseline harder irregularity,0.4,5,missforest,Missforest,0.6090242664295716,0.7206105852371865,1.0,500,5,,,,,,,,0.4
1200194,baseline_harder,Baseline harder irregularity,0.4,5,missforest,Missforest,0.6225712594585942,0.7210417215514057,1.0,500,5,,,,,,,,0.4
1200197,baseline_harder,Baseline harder irregularity,0.4,5,missforest,Missforest,0.6091135526475298,0.7386752006330143,1.0,500,5,,,,,,,,0.4
1200196,baseline_harder,Baseline harder irregularity,0.4,5,missforest,Missforest,0.5922996977207782,0.6991732351053965,1.0,500,5,,,,,,,,0.4
1200198,baseline_harder,Baseline harder irregularity,0.4,5,missforest,Missforest,0.5918899439407723,0.6837917822040485,1.0,500,5,,,,,,,,0.4
1200020,baseline_harder,Baseline harder irregularity,0.6,5,missforest,Missforest,0.6356174343958958,0.8822963502121863,1.0,500,5,,,,,,,,0.6
1200021,baseline_harder,Baseline harder irregularity,0.6,5,missforest,Missforest,0.6253741937034207,0.8690308813172624,1.0,500,5,,,,,,,,0.6
1200199,baseline_harder,Baseline harder irregularity,0.4,5,missforest,Missforest,0.6209424938280534,0.7105535660254562,1.0,500,5,,,,,,,,0.4
1200022,baseline_harder,Baseline harder irregularity,0.6,5,missforest,Missforest,0.6526231063558651,0.910954348085456,1.0,500,5,,,,,,,,0.6
1200023,baseline_harder,Baseline harder irregularity,0.6,5,missforest,Missforest,0.6600029651492533,0.9406472055899436,1.0,500,5,,,,,,,,0.6
1200027,baseline_harder,Baseline harder irregularity,0.6,5,missforest,Missforest,0.6483586899799522,0.8959640267284895,1.0,500,5,,,,,,,,0.6
1200025,baseline_harder,Baseline harder irregularity,0.6,5,missforest,Missforest,0.6604295606670348,0.9182897746947102,1.0,500,5,,,,,,,,0.6
1200024,baseline_harder,Baseline harder irregularity,0.6,5,missforest,Missforest,0.631854949148336,0.8654732332508702,1.0,500,5,,,,,,,,0.6
1200026,baseline_harder,Baseline harder irregularity,0.6,5,missforest,Missforest,0.6729133817414641,0.9114356117877944,1.0,500,5,,,,,,,,0.6
1200028,baseline_harder,Baseline harder irregularity,0.6,5,missforest,Missforest,0.6494908972537881,0.9269884393278351,1.0,500,5,,,,,,,,0.6
1200029,baseline_harder,Baseline harder irregularity,0.6,5,missforest,Missforest,0.6856144438864815,0.9456280830012036,1.0,500,5,,,,,,,,0.6
1200031,baseline_harder,Baseline harder irregularity,0.6,5,missforest,Missforest,0.6590333032742833,0.909818001833454,1.0,500,5,,,,,,,,0.6
1200030,baseline_harder,Baseline harder irregularity,0.6,5,missforest,Missforest,0.670437227311827,0.954903167058063,1.0,500,5,,,,,,,,0.6
1200032,baseline_harder,Baseline harder irregularity,0.6,5,missforest,Missforest,0.6644882717551862,0.8991895331460861,1.0,500,5,,,,,,,,0.6
1200033,baseline_harder,Baseline harder irregularity,0.6,5,missforest,Missforest,0.6749378510047521,0.9229072138680516,1.0,500,5,,,,,,,,0.6
1200037,baseline_harder,Baseline harder irregularity,0.6,5,missforest,Missforest,0.6295759139845146,0.9064794017411818,1.0,500,5,,,,,,,,0.6
1200038,baseline_harder,Baseline harder irregularity,0.6,5,missforest,Missforest,0.6510770781921997,0.9083990966466589,1.0,500,5,,,,,,,,0.6
1200035,baseline_harder,Baseline harder irregularity,0.6,5,missforest,Missforest,0.6741105481953571,0.9469314467959278,1.0,500,5,,,,,,,,0.6
1200036,baseline_harder,Baseline harder irregularity,0.6,5,missforest,Missforest,0.6638641273005906,0.9166245658305424,1.0,500,5,,,,,,,,0.6
1200034,baseline_harder,Baseline harder irregularity,0.6,5,missforest,Missforest,0.6770236998968017,0.9082826963411827,1.0,500,5,,,,,,,,0.6
1200041,baseline_harder,Baseline harder irregularity,0.6,5,missforest,Missforest,0.6247170280922661,0.8924848162887881,1.0,500,5,,,,,,,,0.6
1200039,baseline_harder,Baseline harder irregularity,0.6,5,missforest,Missforest,0.6464251961603869,0.9329599902298972,1.0,500,5,,,,,,,,0.6
1200040,baseline_harder,Baseline harder irregularity,0.6,5,missforest,Missforest,0.6533600890003611,0.9002082898779131,1.0,500,5,,,,,,,,0.6
1200042,baseline_harder,Baseline harder irregularity,0.6,5,missforest,Missforest,0.7100846050359937,0.9941715426812344,1.0,500,5,,,,,,,,0.6
1200043,baseline_harder,Baseline harder irregularity,0.6,5,missforest,Missforest,0.6923789846251411,0.972019368141242,1.0,500,5,,,,,,,,0.6
1200044,baseline_harder,Baseline harder irregularity,0.6,5,missforest,Missforest,0.64295647085517,0.903260188978847,1.0,500,5,,,,,,,,0.6
1200045,baseline_harder,Baseline harder irregularity,0.6,5,missforest,Missforest,0.6448929423725384,0.8881992357168038,1.0,500,5,,,,,,,,0.6
1200046,baseline_harder,Baseline harder irregularity,0.6,5,missforest,Missforest,0.6526342533214751,0.9017265892577508,1.0,500,5,,,,,,,,0.6
1200047,baseline_harder,Baseline harder irregularity,0.6,5,missforest,Missforest,0.6626313895140967,0.8950109245882615,1.0,500,5,,,,,,,,0.6
1200048,baseline_harder,Baseline harder irregularity,0.6,5,missforest,Missforest,0.6801551938498184,0.9331230127055006,1.0,500,5,,,,,,,,0.6
1200049,baseline_harder,Baseline harder irregularity,0.6,5,missforest,Missforest,0.6304239423245908,0.9003431772859483,1.0,500,5,,,,,,,,0.6
1200050,baseline_harder,Baseline harder irregularity,0.6,5,missforest,Missforest,0.6345246539215175,0.8906062434554892,1.0,500,5,,,,,,,,0.6
1200051,baseline_harder,Baseline harder irregularity,0.6,5,missforest,Missforest,0.6511057624486024,0.8909079677395318,1.0,500,5,,,,,,,,0.6
1200052,baseline_harder,Baseline harder irregularity,0.6,5,missforest,Missforest,0.6788321208818837,0.9372519754186008,1.0,500,5,,,,,,,,0.6
1200053,baseline_harder,Baseline harder irregularity,0.6,5,missforest,Missforest,0.6635669628670346,0.904674592318898,1.0,500,5,,,,,,,,0.6
1200057,baseline_harder,Baseline harder irregularity,0.6,5,missforest,Missforest,0.6481279838434544,0.9298505706012647,1.0,500,5,,,,,,,,0.6
1200056,baseline_harder,Baseline harder irregularity,0.6,5,missforest,Missforest,0.6377273644353605,0.9023619348036462,1.0,500,5,,,,,,,,0.6
1200054,baseline_harder,Baseline harder irregularity,0.6,5,missforest,Missforest,0.6731269857283733,0.9355468656287546,1.0,500,5,,,,,,,,0.6
1200055,baseline_harder,Baseline harder irregularity,0.6,5,missforest,Missforest,0.6549660472708383,0.9143389540433148,1.0,500,5,,,,,,,,0.6
1200060,baseline_harder,Baseline harder irregularity,0.6,5,missforest,Missforest,0.627416683025977,0.8628795757038586,1.0,500,5,,,,,,,,0.6
1200058,baseline_harder,Baseline harder irregularity,0.6,5,missforest,Missforest,0.6373005855228596,0.8695203577015996,1.0,500,5,,,,,,,,0.6
1200059,baseline_harder,Baseline harder irregularity,0.6,5,missforest,Missforest,0.6375233944112688,0.8942411570899392,1.0,500,5,,,,,,,,0.6
1200062,baseline_harder,Baseline harder irregularity,0.6,5,missforest,Missforest,0.687219219046277,0.9400596579458492,1.0,500,5,,,,,,,,0.6
1200061,baseline_harder,Baseline harder irregularity,0.6,5,missforest,Missforest,0.65818361379996,0.9333396570432588,1.0,500,5,,,,,,,,0.6
1200063,baseline_harder,Baseline harder irregularity,0.6,5,missforest,Missforest,0.6516172075858343,0.9067993188457374,1.0,500,5,,,,,,,,0.6
1200064,baseline_harder,Baseline harder irregularity,0.6,5,missforest,Missforest,0.6383455688528114,0.9038560352779326,1.0,500,5,,,,,,,,0.6
1200067,baseline_harder,Baseline harder irregularity,0.6,5,missforest,Missforest,0.6347631148922622,0.8822124245697027,1.0,500,5,,,,,,,,0.6
1200065,baseline_harder,Baseline harder irregularity,0.6,5,missforest,Missforest,0.6950092177174716,0.9447438907010832,1.0,500,5,,,,,,,,0.6
1200066,baseline_harder,Baseline harder irregularity,0.6,5,missforest,Missforest,0.6661130268826959,0.8969284791880374,1.0,500,5,,,,,,,,0.6
1200068,baseline_harder,Baseline harder irregularity,0.6,5,missforest,Missforest,0.6683011260128098,0.9047309111933302,1.0,500,5,,,,,,,,0.6
1200070,baseline_harder,Baseline harder irregularity,0.6,5,missforest,Missforest,0.6260507125046408,0.8666862798816599,1.0,500,5,,,,,,,,0.6
1200069,baseline_harder,Baseline harder irregularity,0.6,5,missforest,Missforest,0.6658008748434054,0.9258906576179108,1.0,500,5,,,,,,,,0.6
1200071,baseline_harder,Baseline harder irregularity,0.6,5,missforest,Missforest,0.6288502851134954,0.8932689605995595,1.0,500,5,,,,,,,,0.6
1200072,baseline_harder,Baseline harder irregularity,0.6,5,missforest,Missforest,0.6342671001170664,0.905651187998363,1.0,500,5,,,,,,,,0.6
1200073,baseline_harder,Baseline harder irregularity,0.6,5,missforest,Missforest,0.6398155462670984,0.870103057224151,1.0,500,5,,,,,,,,0.6
1200074,baseline_harder,Baseline harder irregularity,0.6,5,missforest,Missforest,0.6499373051491991,0.9055999209394324,1.0,500,5,,,,,,,,0.6
1200076,baseline_harder,Baseline harder irregularity,0.6,5,missforest,Missforest,0.661317550553202,0.9049136768664796,1.0,500,5,,,,,,,,0.6
1200075,baseline_harder,Baseline harder irregularity,0.6,5,missforest,Missforest,0.6559147525355199,0.9175769337305888,1.0,500,5,,,,,,,,0.6
1200077,baseline_harder,Baseline harder irregularity,0.6,5,missforest,Missforest,0.6307055164225183,0.8875469397999505,1.0,500,5,,,,,,,,0.6
1200079,baseline_harder,Baseline harder irregularity,0.6,5,missforest,Missforest,0.6332742638843831,0.8920465238241748,1.0,500,5,,,,,,,,0.6
1200078,baseline_harder,Baseline harder irregularity,0.6,5,missforest,Missforest,0.6353389794380659,0.8895756471504912,1.0,500,5,,,,,,,,0.6
1200080,baseline_harder,Baseline harder irregularity,0.6,5,missforest,Missforest,0.6476836073291186,0.939827723458133,1.0,500,5,,,,,,,,0.6
1200081,baseline_harder,Baseline harder irregularity,0.6,5,missforest,Missforest,0.6593780604702393,0.9152435655089044,1.0,500,5,,,,,,,,0.6
1200084,baseline_harder,Baseline harder irregularity,0.6,5,missforest,Missforest,0.6505966351698222,0.9198240157346408,1.0,500,5,,,,,,,,0.6
1200082,baseline_harder,Baseline harder irregularity,0.6,5,missforest,Missforest,0.6725274081006353,0.9219754799007048,1.0,500,5,,,,,,,,0.6
1200083,baseline_harder,Baseline harder irregularity,0.6,5,missforest,Missforest,0.6400789267960479,0.8846187610428154,1.0,500,5,,,,,,,,0.6
1200085,baseline_harder,Baseline harder irregularity,0.6,5,missforest,Missforest,0.6505246942597774,0.9341400779568858,1.0,500,5,,,,,,,,0.6
1200086,baseline_harder,Baseline harder irregularity,0.6,5,missforest,Missforest,0.6494790714836141,0.8982704912058112,1.0,500,5,,,,,,,,0.6
1200089,baseline_harder,Baseline harder irregularity,0.6,5,missforest,Missforest,0.6507857190390443,0.902106607027695,1.0,500,5,,,,,,,,0.6
1200087,baseline_harder,Baseline harder irregularity,0.6,5,missforest,Missforest,0.6556905235561045,0.9140058891737316,1.0,500,5,,,,,,,,0.6
1200088,baseline_harder,Baseline harder irregularity,0.6,5,missforest,Missforest,0.6728122207841974,0.9491701445906848,1.0,500,5,,,,,,,,0.6
1200091,baseline_harder,Baseline harder irregularity,0.6,5,missforest,Missforest,0.6660793735553417,0.9062353060169184,1.0,500,5,,,,,,,,0.6
1200090,baseline_harder,Baseline harder irregularity,0.6,5,missforest,Missforest,0.6636170909507464,0.9158297879924988,1.0,500,5,,,,,,,,0.6
1200094,baseline_harder,Baseline harder irregularity,0.6,5,missforest,Missforest,0.6360240611835687,0.8612486836434352,1.0,500,5,,,,,,,,0.6
1200092,baseline_harder,Baseline harder irregularity,0.6,5,missforest,Missforest,0.6756421170521146,0.95124142487882,1.0,500,5,,,,,,,,0.6
1200093,baseline_harder,Baseline harder irregularity,0.6,5,missforest,Missforest,0.650090773786476,0.9002187198486709,1.0,500,5,,,,,,,,0.6
1200095,baseline_harder,Baseline harder irregularity,0.6,5,missforest,Missforest,0.6622759946019047,0.933671285420204,1.0,500,5,,,,,,,,0.6
1200096,baseline_harder,Baseline harder irregularity,0.6,5,missforest,Missforest,0.6364431814134516,0.9006120460782066,1.0,500,5,,,,,,,,0.6
1200099,baseline_harder,Baseline harder irregularity,0.6,5,missforest,Missforest,0.6465378771504285,0.8899469921765846,1.0,500,5,,,,,,,,0.6
1200097,baseline_harder,Baseline harder irregularity,0.6,5,missforest,Missforest,0.6531311991114698,0.9352438360547988,1.0,500,5,,,,,,,,0.6
1200098,baseline_harder,Baseline harder irregularity,0.6,5,missforest,Missforest,0.6539074052611578,0.8844037020389741,1.0,500,5,,,,,,,,0.6
1200100,baseline_harder,Baseline harder irregularity,0.6,5,missforest,Missforest,0.6416363849471647,0.8894011725140234,1.0,500,5,,,,,,,,0.6
1200101,baseline_harder,Baseline harder irregularity,0.6,5,missforest,Missforest,0.6263418033082188,0.8893100998931015,1.0,500,5,,,,,,,,0.6
1200102,baseline_harder,Baseline harder irregularity,0.6,5,missforest,Missforest,0.6522305162319918,0.952848909153975,1.0,500,5,,,,,,,,0.6
1200103,baseline_harder,Baseline harder irregularity,0.6,5,missforest,Missforest,0.6599593323765102,0.9251317893730884,1.0,500,5,,,,,,,,0.6
1200106,baseline_harder,Baseline harder irregularity,0.6,5,missforest,Missforest,0.6519633516140292,0.8743784964589797,1.0,500,5,,,,,,,,0.6
1200105,baseline_harder,Baseline harder irregularity,0.6,5,missforest,Missforest,0.6242492660369,0.8614410054710245,1.0,500,5,,,,,,,,0.6
1200104,baseline_harder,Baseline harder irregularity,0.6,5,missforest,Missforest,0.6927458640493963,0.9576735215680088,1.0,500,5,,,,,,,,0.6
1200107,baseline_harder,Baseline harder irregularity,0.6,5,missforest,Missforest,0.6387822512814451,0.919552128339153,1.0,500,5,,,,,,,,0.6
1200108,baseline_harder,Baseline harder irregularity,0.6,5,missforest,Missforest,0.6278362926819046,0.8420592525083699,1.0,500,5,,,,,,,,0.6
1200109,baseline_harder,Baseline harder irregularity,0.6,5,missforest,Missforest,0.6575087313418891,0.8987657514875841,1.0,500,5,,,,,,,,0.6
1200110,baseline_harder,Baseline harder irregularity,0.6,5,missforest,Missforest,0.6174787586709876,0.8585266857848552,1.0,500,5,,,,,,,,0.6
1200111,baseline_harder,Baseline harder irregularity,0.6,5,missforest,Missforest,0.6565200010792073,0.9159335575905264,1.0,500,5,,,,,,,,0.6
1200113,baseline_harder,Baseline harder irregularity,0.6,5,missforest,Missforest,0.6824614996845462,0.9876646274757814,1.0,500,5,,,,,,,,0.6
1200112,baseline_harder,Baseline harder irregularity,0.6,5,missforest,Missforest,0.6294591870520306,0.9129647070749922,1.0,500,5,,,,,,,,0.6
1200114,baseline_harder,Baseline harder irregularity,0.6,5,missforest,Missforest,0.6841118082205714,0.9600332946294872,1.0,500,5,,,,,,,,0.6
1200116,baseline_harder,Baseline harder irregularity,0.6,5,missforest,Missforest,0.6518811290013565,0.8980170829354048,1.0,500,5,,,,,,,,0.6
1200115,baseline_harder,Baseline harder irregularity,0.6,5,missforest,Missforest,0.6503671443565456,0.9284052848201172,1.0,500,5,,,,,,,,0.6
1200117,baseline_harder,Baseline harder irregularity,0.6,5,missforest,Missforest,0.6720770327271639,0.9475848437786444,1.0,500,5,,,,,,,,0.6
1200118,baseline_harder,Baseline harder irregularity,0.6,5,missforest,Missforest,0.6432770524411726,0.9010917361762866,1.0,500,5,,,,,,,,0.6
1200119,baseline_harder,Baseline harder irregularity,0.6,5,missforest,Missforest,0.6581045752291046,0.9166244825787724,1.0,500,5,,,,,,,,0.6
1200120,baseline_harder,Baseline harder irregularity,0.6,5,missforest,Missforest,0.6511812840127257,0.9128487385987436,1.0,500,5,,,,,,,,0.6
1200121,baseline_harder,Baseline harder irregularity,0.6,5,missforest,Missforest,0.64456186637996,0.9481007323749276,1.0,500,5,,,,,,,,0.6
1200122,baseline_harder,Baseline harder irregularity,0.6,5,missforest,Missforest,0.6524127516954931,0.8738171405357145,1.0,500,5,,,,,,,,0.6
1200123,baseline_harder,Baseline harder irregularity,0.6,5,missforest,Missforest,0.6380231762032319,0.9047064705069436,1.0,500,5,,,,,,,,0.6
1200124,baseline_harder,Baseline harder irregularity,0.6,5,missforest,Missforest,0.6518415561335879,0.9155738565137204,1.0,500,5,,,,,,,,0.6
1200126,baseline_harder,Baseline harder irregularity,0.6,5,missforest,Missforest,0.6313041388235454,0.8888387953196552,1.0,500,5,,,,,,,,0.6
1200125,baseline_harder,Baseline harder irregularity,0.6,5,missforest,Missforest,0.6520178209631661,0.912634472383912,1.0,500,5,,,,,,,,0.6
1200127,baseline_harder,Baseline harder irregularity,0.6,5,missforest,Missforest,0.6340586141836796,0.8733330418664783,1.0,500,5,,,,,,,,0.6
1200128,baseline_harder,Baseline harder irregularity,0.6,5,missforest,Missforest,0.62371492133728,0.8973675572238464,1.0,500,5,,,,,,,,0.6
1200131,baseline_harder,Baseline harder irregularity,0.6,5,missforest,Missforest,0.6743039727262282,0.9045319156478284,1.0,500,5,,,,,,,,0.6
1200129,baseline_harder,Baseline harder irregularity,0.6,5,missforest,Missforest,0.6981319551679561,0.9378416935109328,1.0,500,5,,,,,,,,0.6
1200130,baseline_harder,Baseline harder irregularity,0.6,5,missforest,Missforest,0.6252417436490395,0.8712765544236468,1.0,500,5,,,,,,,,0.6
1200133,baseline_harder,Baseline harder irregularity,0.6,5,missforest,Missforest,0.650103086538419,0.9256358772321296,1.0,500,5,,,,,,,,0.6
1200132,baseline_harder,Baseline harder irregularity,0.6,5,missforest,Missforest,0.6216849722081509,0.8557041111197229,1.0,500,5,,,,,,,,0.6
1200135,baseline_harder,Baseline harder irregularity,0.6,5,missforest,Missforest,0.668947512652093,0.9400123878810857,1.0,500,5,,,,,,,,0.6
1200136,baseline_harder,Baseline harder irregularity,0.6,5,missforest,Missforest,0.6725341195036996,0.946810467601565,1.0,500,5,,,,,,,,0.6
1200134,baseline_harder,Baseline harder irregularity,0.6,5,missforest,Missforest,0.64302884037954,0.8998464415782879,1.0,500,5,,,,,,,,0.6
1200137,baseline_harder,Baseline harder irregularity,0.6,5,missforest,Missforest,0.6578497752055072,0.906941059369757,1.0,500,5,,,,,,,,0.6
1200138,baseline_harder,Baseline harder irregularity,0.6,5,missforest,Missforest,0.6839157683044597,0.9636395922860952,1.0,500,5,,,,,,,,0.6
1200139,baseline_harder,Baseline harder irregularity,0.6,5,missforest,Missforest,0.6497994680505409,0.9244041434324796,1.0,500,5,,,,,,,,0.6
1200140,baseline_harder,Baseline harder irregularity,0.6,5,missforest,Missforest,0.6561226447399903,0.8952532821463562,1.0,500,5,,,,,,,,0.6
1200141,baseline_harder,Baseline harder irregularity,0.6,5,missforest,Missforest,0.6473335255575683,0.8983189037929533,1.0,500,5,,,,,,,,0.6
1200142,baseline_harder,Baseline harder irregularity,0.6,5,missforest,Missforest,0.6439272809025791,0.9082776725998432,1.0,500,5,,,,,,,,0.6
1200144,baseline_harder,Baseline harder irregularity,0.6,5,missforest,Missforest,0.632812267523352,0.8869740130230933,1.0,500,5,,,,,,,,0.6
1200143,baseline_harder,Baseline harder irregularity,0.6,5,missforest,Missforest,0.6611381455981752,0.9416564207194744,1.0,500,5,,,,,,,,0.6
1200146,baseline_harder,Baseline harder irregularity,0.6,5,missforest,Missforest,0.6545654873477881,0.9009240392245738,1.0,500,5,,,,,,,,0.6
1200145,baseline_harder,Baseline harder irregularity,0.6,5,missforest,Missforest,0.6597081413763323,0.9387182860834676,1.0,500,5,,,,,,,,0.6
1200147,baseline_harder,Baseline harder irregularity,0.6,5,missforest,Missforest,0.6682219651973229,0.9271582752008396,1.0,500,5,,,,,,,,0.6
1200148,baseline_harder,Baseline harder irregularity,0.6,5,missforest,Missforest,0.6436189972349052,0.8917115753523124,1.0,500,5,,,,,,,,0.6
1200149,baseline_harder,Baseline harder irregularity,0.6,5,missforest,Missforest,0.657461503784112,0.9222365503994204,1.0,500,5,,,,,,,,0.6
1200150,baseline_harder,Baseline harder irregularity,0.6,5,missforest,Missforest,0.6385145404776619,0.9207701501013228,1.0,500,5,,,,,,,,0.6
1200155,baseline_harder,Baseline harder irregularity,0.6,5,missforest,Missforest,0.6522259488368981,0.9668925779280428,1.0,500,5,,,,,,,,0.6
1200154,baseline_harder,Baseline harder irregularity,0.6,5,missforest,Missforest,0.6489905951829739,0.8926968202558564,1.0,500,5,,,,,,,,0.6
1200152,baseline_harder,Baseline harder irregularity,0.6,5,missforest,Missforest,0.6366092002609992,0.916163309492452,1.0,500,5,,,,,,,,0.6
1200151,baseline_harder,Baseline harder irregularity,0.6,5,missforest,Missforest,0.6446845823917157,0.913623698950682,1.0,500,5,,,,,,,,0.6
1200156,baseline_harder,Baseline harder irregularity,0.6,5,missforest,Missforest,0.6635474874525185,0.9069192023945604,1.0,500,5,,,,,,,,0.6
1200153,baseline_harder,Baseline harder irregularity,0.6,5,missforest,Missforest,0.6486017859848082,0.888264571276881,1.0,500,5,,,,,,,,0.6
1200157,baseline_harder,Baseline harder irregularity,0.6,5,missforest,Missforest,0.6388292811539875,0.9384233307194104,1.0,500,5,,,,,,,,0.6
1200159,baseline_harder,Baseline harder irregularity,0.6,5,missforest,Missforest,0.7018434301747565,0.9842156445678364,1.0,500,5,,,,,,,,0.6
1200158,baseline_harder,Baseline harder irregularity,0.6,5,missforest,Missforest,0.6376716080624552,0.8824347456648276,1.0,500,5,,,,,,,,0.6
1200161,baseline_harder,Baseline harder irregularity,0.6,5,missforest,Missforest,0.6503156279585337,0.897285890329748,1.0,500,5,,,,,,,,0.6
1200160,baseline_harder,Baseline harder irregularity,0.6,5,missforest,Missforest,0.6765240955437167,0.9387366907863844,1.0,500,5,,,,,,,,0.6
1200163,baseline_harder,Baseline harder irregularity,0.6,5,missforest,Missforest,0.6300649540931677,0.8823574154122453,1.0,500,5,,,,,,,,0.6
1200162,baseline_harder,Baseline harder irregularity,0.6,5,missforest,Missforest,0.6549586503420383,0.922813979628985,1.0,500,5,,,,,,,,0.6
1200165,baseline_harder,Baseline harder irregularity,0.6,5,missforest,Missforest,0.6451767173540389,0.8997764090608731,1.0,500,5,,,,,,,,0.6
1200164,baseline_harder,Baseline harder irregularity,0.6,5,missforest,Missforest,0.6389682638040365,0.8854779202887542,1.0,500,5,,,,,,,,0.6
1200166,baseline_harder,Baseline harder irregularity,0.6,5,missforest,Missforest,0.642365564308176,0.8810649797330722,1.0,500,5,,,,,,,,0.6
1200167,baseline_harder,Baseline harder irregularity,0.6,5,missforest,Missforest,0.6637420840957391,0.9164818863845436,1.0,500,5,,,,,,,,0.6
1200168,baseline_harder,Baseline harder irregularity,0.6,5,missforest,Missforest,0.635322406435067,0.910482853009758,1.0,500,5,,,,,,,,0.6
1200170,baseline_harder,Baseline harder irregularity,0.6,5,missforest,Missforest,0.6971206621711008,1.0085128942669068,1.0,500,5,,,,,,,,0.6
1200169,baseline_harder,Baseline harder irregularity,0.6,5,missforest,Missforest,0.6426587989916756,0.931670250063731,1.0,500,5,,,,,,,,0.6
1200171,baseline_harder,Baseline harder irregularity,0.6,5,missforest,Missforest,0.6587108138522517,0.8962281402299538,1.0,500,5,,,,,,,,0.6
1200172,baseline_harder,Baseline harder irregularity,0.6,5,missforest,Missforest,0.6477193415085095,0.9002379646983487,1.0,500,5,,,,,,,,0.6
1200174,baseline_harder,Baseline harder irregularity,0.6,5,missforest,Missforest,0.6696959001765639,0.9226858503116796,1.0,500,5,,,,,,,,0.6
1200173,baseline_harder,Baseline harder irregularity,0.6,5,missforest,Missforest,0.6809840730770187,0.970720628235181,1.0,500,5,,,,,,,,0.6
1200175,baseline_harder,Baseline harder irregularity,0.6,5,missforest,Missforest,0.6622782334451314,0.9268874970775932,1.0,500,5,,,,,,,,0.6
1200176,baseline_harder,Baseline harder irregularity,0.6,5,missforest,Missforest,0.6371159071036234,0.8928392590438555,1.0,500,5,,,,,,,,0.6
1200177,baseline_harder,Baseline harder irregularity,0.6,5,missforest,Missforest,0.679320423877772,0.976715513003867,1.0,500,5,,,,,,,,0.6
1200178,baseline_harder,Baseline harder irregularity,0.6,5,missforest,Missforest,0.649005205278019,0.8978819224242428,1.0,500,5,,,,,,,,0.6
1200179,baseline_harder,Baseline harder irregularity,0.6,5,missforest,Missforest,0.6536743757776481,0.9531520071304034,1.0,500,5,,,,,,,,0.6
1200180,baseline_harder,Baseline harder irregularity,0.6,5,missforest,Missforest,0.6574557606730935,0.9418893847790522,1.0,500,5,,,,,,,,0.6
1200181,baseline_harder,Baseline harder irregularity,0.6,5,missforest,Missforest,0.6385334522506976,0.9172336693936164,1.0,500,5,,,,,,,,0.6
1200182,baseline_harder,Baseline harder irregularity,0.6,5,missforest,Missforest,0.632045946588746,0.8735040695296105,1.0,500,5,,,,,,,,0.6
1200184,baseline_harder,Baseline harder irregularity,0.6,5,missforest,Missforest,0.6244585793995812,0.8915020454433978,1.0,500,5,,,,,,,,0.6
1200183,baseline_harder,Baseline harder irregularity,0.6,5,missforest,Missforest,0.6605713279124189,0.896832464077376,1.0,500,5,,,,,,,,0.6
1200185,baseline_harder,Baseline harder irregularity,0.6,5,missforest,Missforest,0.6713218179019602,0.9539437345393176,1.0,500,5,,,,,,,,0.6
1200186,baseline_harder,Baseline harder irregularity,0.6,5,missforest,Missforest,0.6458268562883207,0.9289096801332022,1.0,500,5,,,,,,,,0.6
1200187,baseline_harder,Baseline harder irregularity,0.6,5,missforest,Missforest,0.6180762061896936,0.865288331040814,1.0,500,5,,,,,,,,0.6
1200188,baseline_harder,Baseline harder irregularity,0.6,5,missforest,Missforest,0.657278840733835,0.909019531719133,1.0,500,5,,,,,,,,0.6
1200189,baseline_harder,Baseline harder irregularity,0.6,5,missforest,Missforest,0.6744662074312461,0.936318966992664,1.0,500,5,,,,,,,,0.6
1200190,baseline_harder,Baseline harder irregularity,0.6,5,missforest,Missforest,0.6695828099961623,0.9593584073828604,1.0,500,5,,,,,,,,0.6
1200191,baseline_harder,Baseline harder irregularity,0.6,5,missforest,Missforest,0.6536188904877198,0.8913879744547265,1.0,500,5,,,,,,,,0.6
1200194,baseline_harder,Baseline harder irregularity,0.6,5,missforest,Missforest,0.6583386281532307,0.9166800481178328,1.0,500,5,,,,,,,,0.6
1200193,baseline_harder,Baseline harder irregularity,0.6,5,missforest,Missforest,0.6519446252830349,0.9166057213190132,1.0,500,5,,,,,,,,0.6
1200195,baseline_harder,Baseline harder irregularity,0.6,5,missforest,Missforest,0.6509432780624534,0.9428076674332928,1.0,500,5,,,,,,,,0.6
1200192,baseline_harder,Baseline harder irregularity,0.6,5,missforest,Missforest,0.624454197964485,0.861382528215054,1.0,500,5,,,,,,,,0.6
1200197,baseline_harder,Baseline harder irregularity,0.6,5,missforest,Missforest,0.6533039081381482,0.9301419853797948,1.0,500,5,,,,,,,,0.6
1200196,baseline_harder,Baseline harder irregularity,0.6,5,missforest,Missforest,0.6873301201614647,0.9648335142742918,1.0,500,5,,,,,,,,0.6
1200198,baseline_harder,Baseline harder irregularity,0.6,5,missforest,Missforest,0.6308129861996871,0.8733163325960034,1.0,500,5,,,,,,,,0.6
1200199,baseline_harder,Baseline harder irregularity,0.6,5,missforest,Missforest,0.6671616431555372,0.9541702294533848,1.0,500,5,,,,,,,,0.6
